time,uptime,CPU1,CPU2,CPU3,CPU4,CPU5,CPU6,RAM,SWAP,EMC,GPU,APE,NVDEC,NVJPG,NVJPG1,OFA,SE,VIC,DLA0,DLA1,PVA,NVENC,NVJPG0,Fan pwmfan0,Temp cpu,Temp cv0,Temp cv1,Temp cv2,Temp gpu,Temp soc0,Temp soc1,Temp soc2,Temp tj,Power VDD_CPU_GPU_CV,Power VDD_SOC,Power TOT,jetson_clocks,nvp model
2026-08-17 16:23:25.582247,4:13:30.580000,2,2,2,2,1,1,0.3190772987939137,0.011436529112005274,0,0.0,OFF,OFF,499200,OFF,537600,OFF,115200,OFF,OFF,OFF,OFF,OFF,37.64705882352941,56.406,-256,-256,-256,55.75,55.687,57.125,55.406,56.906,1762,2271,6983,ON,MAXN_SUPER
2026-08-17 16:23:26.581447,4:13:31.580000,10,12,13,19,2,0,0.32190868497157316,0.011436529112005274,0,0.0,OFF,OFF,499200,OFF,537600,OFF,115200,OFF,OFF,OFF,OFF,OFF,37.64705882352941,55.968,-256,-256,-256,55.781,55.75,57.125,55.343,57.125,1645,2271,6787,ON,MAXN_SUPER
2026-08-17 16:23:27.582335,4:13:32.580000,2,2,1,0,0,0,0.32229482976765583,0.011436529112005274,0,0.0,OFF,OFF,499200,OFF,537600,OFF,115200,OFF,OFF,OFF,OFF,OFF,37.64705882352941,56.0,-256,-256,-256,55.656,55.687,57.0,55.375,57.0,1527,2271,6551,ON,MAXN_SUPER
2026-08-17 16:23:28.583197,4:13:33.580000,2,3,3,2,0,0,0.32258597883597884,0.011436529112005274,0,0.0,OFF,OFF,499200,OFF,537600,OFF,115200,OFF,OFF,OFF,OFF,OFF,37.64705882352941,55.968,-256,-256,-256,55.843,55.687,57.062,55.343,57.062,1527,2271,6590,ON,MAXN_SUPER
2026-08-17 16:23:29.584079,4:13:34.590000,3,2,1,2,0,1,0.3225536289394985,0.011436529112005274,0,0.0,OFF,OFF,499200,OFF,537600,OFF,115200,OFF,OFF,OFF,OFF,OFF,37.64705882352941,56.0,-256,-256,-256,55.812,55.781,57.062,55.406,57.062,1488,2236,6551,ON,MAXN_SUPER
2026-08-17 16:23:30.584903,4:13:35.590000,2,1,2,2,1,1,0.32264965164809883,0.011436529112005274,0,0.0,OFF,OFF,499200,OFF,537600,OFF,115200,OFF,OFF,OFF,OFF,OFF,37.64705882352941,56.125,-256,-256,-256,55.625,55.781,57.0,55.312,57.0,1488,2236,6551,ON,MAXN_SUPER
2026-08-17 16:23:31.586061,4:13:36.590000,2,2,5,3,0,1,0.3225510614873969,0.011436529112005274,0,0.0,OFF,OFF,499200,OFF,537600,OFF,115200,OFF,OFF,OFF,OFF,OFF,37.64705882352941,56.0,-256,-256,-256,55.906,55.781,57.187,55.375,57.187,1488,2236,6551,ON,MAXN_SUPER
2026-08-17 16:23:32.586911,4:13:37.590000,31,15,75,15,14,14,0.34297616993657365,0.011436529112005274,0,0.0,OFF,OFF,499200,OFF,537600,OFF,115200,OFF,OFF,OFF,OFF,OFF,37.64705882352941,56.656,-256,-256,-256,55.812,55.718,57.093,55.5,57.093,2228,2310,7520,ON,MAXN_SUPER
2026-08-17 16:23:33.587794,4:13:38.590000,2,3,27,4,75,0,0.35296818002563346,0.011436529112005274,0,0.0,OFF,OFF,499200,OFF,537600,OFF,115200,OFF,OFF,OFF,OFF,OFF,37.64705882352941,56.281,-256,-256,-256,55.687,55.781,57.062,55.406,57.093,2189,2350,7598,ON,MAXN_SUPER
2026-08-17 16:23:34.588700,4:13:39.590000,11,8,9,8,100,7,0.35726763531499556,0.011436529112005274,0,0.0,OFF,OFF,499200,OFF,537600,OFF,115200,OFF,OFF,OFF,OFF,OFF,37.64705882352941,56.531,-256,-256,-256,55.906,55.875,57.062,55.468,57.062,2346,2346,7755,ON,MAXN_SUPER
2026-08-17 16:23:35.589468,4:13:40.590000,94,3,3,2,8,0,0.363180990995432,0.011436529112005274,0,0.0,OFF,OFF,499200,OFF,537600,OFF,115200,OFF,OFF,OFF,OFF,OFF,37.64705882352941,56.562,-256,-256,-256,55.906,55.906,57.125,55.593,57.125,2150,2350,7598,ON,MAXN_SUPER
2026-08-17 16:23:36.590251,4:13:41.590000,6,2,3,2,95,0,0.36867482500246473,0.011436529112005274,0,0.0,OFF,OFF,499200,OFF,537600,OFF,115200,OFF,OFF,OFF,OFF,OFF,37.64705882352941,56.625,-256,-256,-256,55.781,55.968,57.281,55.5,57.062,2189,2350,7598,ON,MAXN_SUPER
2026-08-17 16:23:37.591081,4:13:42.590000,2,2,2,1,100,0,0.371645880574452,0.011436529112005274,0,0.0,OFF,OFF,499200,OFF,537600,OFF,115200,OFF,OFF,OFF,OFF,OFF,37.64705882352941,56.5,-256,-256,-256,56.0,55.875,57.218,55.437,57.218,2150,2350,7598,ON,MAXN_SUPER
2026-08-17 16:23:38.591986,4:13:43.590000,1,2,1,2,100,0,0.37640542328042326,0.011436529112005274,0,0.0,OFF,OFF,499200,OFF,537600,OFF,115200,OFF,OFF,OFF,OFF,OFF,37.64705882352941,56.5,-256,-256,-256,55.812,55.906,57.156,55.625,57.156,2150,2310,7520,ON,MAXN_SUPER
2026-08-17 16:23:39.592849,4:13:44.590000,2,1,3,0,100,0,0.3788486107003188,0.011436529112005274,0,0.0,OFF,OFF,499200,OFF,537600,OFF,115200,OFF,OFF,OFF,OFF,OFF,37.64705882352941,56.593,-256,-256,-256,55.906,55.812,57.218,55.531,57.218,2228,2310,7598,ON,MAXN_SUPER
2026-08-17 16:23:40.593720,4:13:45.590000,0,2,2,2,31,0,0.37906016875349174,0.011436529112005274,0,0.0,OFF,OFF,499200,OFF,537600,OFF,115200,OFF,OFF,OFF,OFF,OFF,37.64705882352941,56.125,-256,-256,-256,56.062,56.0,57.125,55.437,57.125,1645,2271,6787,ON,MAXN_SUPER
2026-08-17 16:23:41.594749,4:13:46.590000,0,2,3,1,30,0,0.3793831542278747,0.011436529112005274,0,0.0,OFF,OFF,499200,OFF,537600,OFF,115200,OFF,OFF,OFF,OFF,OFF,37.64705882352941,56.375,-256,-256,-256,55.843,55.906,57.093,55.468,57.093,1723,2271,6826,ON,MAXN_SUPER
2026-08-17 16:23:42.595653,4:13:47.590000,5,2,4,2,20,11,0.3795680107791909,0.011436529112005274,0,0.0,OFF,OFF,499200,OFF,537600,OFF,115200,OFF,OFF,OFF,OFF,OFF,37.64705882352941,56.156,-256,-256,-256,55.656,55.937,57.062,55.5,57.062,1723,2271,6865,ON,MAXN_SUPER
2026-08-17 16:23:43.596595,4:13:48.590000,5,2,22,11,0,0,0.37972257139570803,0.011436529112005274,0,0.0,OFF,OFF,499200,OFF,537600,OFF,115200,OFF,OFF,OFF,OFF,OFF,37.64705882352941,56.031,-256,-256,-256,55.718,55.843,57.218,55.468,57.218,1723,2271,6826,ON,MAXN_SUPER
2026-08-17 16:23:44.597557,4:13:49.590000,5,85,3,13,0,0,0.38639024450359855,0.011436529112005274,0,0.0,OFF,OFF,499200,OFF,537600,OFF,115200,OFF,OFF,OFF,OFF,OFF,37.64705882352941,56.375,-256,-256,-256,55.968,55.937,57.25,55.656,57.25,2150,2350,7520,ON,MAXN_SUPER
2026-08-17 16:23:45.598455,4:13:50.590000,18,82,22,3,0,0,0.3890152075322883,0.011436529112005274,0,0.0,OFF,OFF,499200,OFF,537600,OFF,115200,OFF,OFF,OFF,OFF,OFF,37.64705882352941,56.468,-256,-256,-256,55.812,55.875,57.187,55.562,57.187,2228,2346,7676,ON,MAXN_SUPER
2026-08-17 16:23:46.599435,4:13:51.590000,8,96,3,17,0,0,0.3929706242400342,0.011436529112005274,0,0.0,OFF,OFF,499200,OFF,537600,OFF,115200,OFF,OFF,OFF,OFF,OFF,37.64705882352941,56.843,-256,-256,-256,55.968,56.062,57.187,55.687,57.187,2111,2385,7716,ON,MAXN_SUPER
2026-08-17 16:23:47.600284,4:13:52.590000,2,18,72,13,4,0,0.39832478885273914,0.011436529112005274,0,0.0,OFF,OFF,499200,OFF,537600,OFF,115200,OFF,OFF,OFF,OFF,OFF,37.64705882352941,56.906,-256,-256,-256,56.0,56.062,57.218,55.593,57.218,2189,2350,7598,ON,MAXN_SUPER
2026-08-17 16:23:48.601154,4:13:53.590000,4,14,98,4,1,0,0.40097748036412634,0.011436529112005274,0,0.0,OFF,OFF,499200,OFF,537600,OFF,115200,OFF,OFF,OFF,OFF,OFF,37.64705882352941,56.781,-256,-256,-256,55.906,56.031,57.343,55.687,57.343,2228,2346,7676,ON,MAXN_SUPER
2026-08-17 16:23:49.602263,4:13:54.590000,10,12,7,6,0,0,0.40562713612014856,0.011436529112005274,0,0.0,OFF,OFF,499200,OFF,537600,OFF,115200,OFF,OFF,OFF,OFF,OFF,37.64705882352941,56.281,-256,-256,-256,56.187,55.906,57.343,55.562,57.343,1723,2271,6865,ON,MAXN_SUPER
2026-08-17 16:23:50.603249,4:13:55.590000,16,6,21,54,5,1,0.4346768296690657,0.011436529112005274,0,0.0,OFF,115200,499200,OFF,537600,OFF,115200,OFF,OFF,OFF,OFF,OFF,37.64705882352941,56.562,-256,-256,-256,56.406,56.125,57.187,55.75,57.187,2771,2537,8602,ON,MAXN_SUPER
2026-08-17 16:23:51.604379,4:13:56.590000,35,33,33,42,51,53,0.47313982960333895,0.011436529112005274,0,69.5,OFF,115200,499200,OFF,537600,OFF,115200,OFF,OFF,OFF,OFF,OFF,40.78431372549019,57.375,-256,-256,-256,57.875,56.281,57.281,56.281,57.875,6549,3865,15216,ON,MAXN_SUPER
2026-08-17 16:23:52.605541,4:13:57.590000,43,29,44,40,51,39,0.47564360889283247,0.011436529112005274,0,73.5,OFF,192000,499200,OFF,537600,OFF,115200,OFF,OFF,OFF,OFF,OFF,40.78431372549019,58.062,-256,-256,-256,58.0,56.437,57.656,56.687,58.062,6923,3936,15694,ON,MAXN_SUPER
2026-08-17 16:23:53.606543,4:13:58.590000,42,45,48,33,37,37,0.47379658385093165,0.011436529112005274,0,71.7,OFF,115200,499200,OFF,537600,OFF,115200,OFF,OFF,OFF,OFF,OFF,40.78431372549019,58.062,-256,-256,-256,58.375,56.718,57.812,57.0,58.25,6923,3897,15694,ON,MAXN_SUPER
2026-08-17 16:23:54.607441,4:13:59.590000,36,32,36,37,49,56,0.4751234430970456,0.011436529112005274,0,70.8,OFF,115200,499200,OFF,537600,OFF,115200,OFF,OFF,OFF,OFF,OFF,40.78431372549019,58.281,-256,-256,-256,58.906,57.0,57.937,57.281,58.906,7231,4013,16208,ON,MAXN_SUPER
2026-08-17 16:23:55.608611,4:14:00.590000,41,35,34,40,37,61,0.4752240872194288,0.011436529112005274,0,28.4,OFF,166400,499200,OFF,537600,OFF,115200,OFF,OFF,OFF,OFF,OFF,42.35294117647059,58.562,-256,-256,-256,59.218,57.281,58.031,57.375,59.218,7334,4045,16363,ON,MAXN_SUPER
2026-08-17 16:23:56.609297,4:14:01.590000,43,34,34,36,44,57,0.4752590045680108,0.011436529112005274,0,83.9,OFF,115200,499200,OFF,537600,OFF,115200,OFF,OFF,OFF,OFF,OFF,42.35294117647059,58.906,-256,-256,-256,59.25,57.281,58.343,57.531,59.25,7296,4013,16247,ON,MAXN_SUPER
2026-08-17 16:23:57.610403,4:14:02.590000,41,37,37,31,36,57,0.47547723799664793,0.011436529112005274,0,95.3,OFF,115200,499200,OFF,537600,OFF,115200,OFF,OFF,OFF,OFF,OFF,42.35294117647059,59.031,-256,-256,-256,59.312,57.593,58.312,57.75,59.312,7257,4045,16247,ON,MAXN_SUPER
2026-08-17 16:23:58.611728,4:14:03.590000,42,44,47,38,39,45,0.47558609796575635,0.011436529112005274,0,31.4,OFF,115200,499200,OFF,537600,OFF,115200,OFF,OFF,OFF,OFF,OFF,42.35294117647059,58.781,-256,-256,-256,59.562,57.656,58.562,57.906,59.562,7296,4045,16285,ON,MAXN_SUPER
2026-08-17 16:23:59.612667,4:14:04.590000,37,40,38,50,30,52,0.47576222517992706,0.011436529112005274,0,53.6,OFF,115200,499200,OFF,537600,OFF,115200,OFF,OFF,OFF,OFF,OFF,42.35294117647059,59.375,-256,-256,-256,59.656,57.687,58.625,58.187,59.656,7334,4045,16324,ON,MAXN_SUPER
2026-08-17 16:24:00.613307,4:14:05.590000,49,46,34,39,35,42,0.4758212765782642,0.011436529112005274,0,55.4,OFF,115200,499200,OFF,537600,OFF,115200,OFF,OFF,OFF,OFF,OFF,42.35294117647059,59.281,-256,-256,-256,60.031,58.0,58.843,58.218,60.031,7334,4045,16363,ON,MAXN_SUPER
2026-08-17 16:24:01.613799,4:14:06.590000,42,38,47,31,40,48,0.4758479780801209,0.011436529112005274,0,46.5,OFF,153600,499200,OFF,537600,OFF,115200,OFF,OFF,OFF,OFF,OFF,44.31372549019608,59.406,-256,-256,-256,59.968,58.125,58.843,58.343,59.968,7334,4045,16401,ON,MAXN_SUPER
2026-08-17 16:24:02.615409,4:14:07.590000,38,35,40,38,52,37,0.47590702947845803,0.011436529112005274,0,72.9,OFF,115200,499200,OFF,537600,OFF,115200,OFF,OFF,OFF,OFF,OFF,44.31372549019608,59.687,-256,-256,-256,59.75,58.375,59.062,58.531,59.75,7192,4006,16131,ON,MAXN_SUPER
2026-08-17 16:24:03.615436,4:14:08.590000,57,31,45,36,38,33,0.4805556582536396,0.011436529112005274,0,44.3,OFF,115200,499200,OFF,537600,OFF,115200,OFF,OFF,OFF,OFF,OFF,44.31372549019608,59.656,-256,-256,-256,60.437,58.375,59.281,58.718,60.437,7296,4045,16285,ON,MAXN_SUPER
2026-08-17 16:24:04.616471,4:14:09.590000,30,33,39,31,60,47,0.48495729813664595,0.011436529112005274,0,86.3,OFF,115200,499200,OFF,537600,OFF,115200,OFF,OFF,OFF,OFF,OFF,44.31372549019608,59.812,-256,-256,-256,60.656,58.5,59.468,58.75,60.656,7296,4045,16401,ON,MAXN_SUPER
2026-08-17 16:24:05.617700,4:14:10.590000,38,29,33,51,57,44,0.4892377542804561,0.011436529112005274,0,94.4,OFF,115200,499200,OFF,537600,OFF,115200,OFF,OFF,OFF,OFF,OFF,44.31372549019608,59.937,-256,-256,-256,60.281,58.562,59.5,58.937,60.281,7296,4045,16247,ON,MAXN_SUPER
2026-08-17 16:24:06.618655,4:14:11.590000,42,32,39,35,43,47,0.4936886892438135,0.011436529112005274,0,41.7,OFF,115200,499200,OFF,537600,OFF,115200,OFF,OFF,OFF,OFF,OFF,44.31372549019608,59.906,-256,-256,-256,60.656,58.906,59.531,59.093,60.656,7296,4045,16247,ON,MAXN_SUPER
2026-08-17 16:24:07.619337,4:14:12.590000,39,33,45,40,50,40,0.4978125308094252,0.011436529112005274,0,99.2,OFF,115200,499200,OFF,537600,OFF,115200,OFF,OFF,OFF,OFF,OFF,44.31372549019608,60.187,-256,-256,-256,60.906,59.031,59.593,59.125,60.906,7180,4006,16131,ON,MAXN_SUPER
2026-08-17 16:24:08.620366,4:14:13.590000,46,44,44,37,48,31,0.5018105672220579,0.011436529112005274,0,42.3,OFF,115200,499200,OFF,537600,OFF,115200,OFF,OFF,OFF,OFF,OFF,44.31372549019608,60.406,-256,-256,-256,61.031,59.156,59.812,59.281,61.031,7219,4006,16208,ON,MAXN_SUPER
2026-08-17 16:24:09.621211,4:14:14.590000,34,39,42,41,38,58,0.5062650966183575,0.011436529112005274,0,15.7,OFF,153600,499200,OFF,537600,OFF,115200,OFF,OFF,OFF,OFF,OFF,45.88235294117647,60.406,-256,-256,-256,60.906,59.125,59.906,59.406,60.906,7180,4006,16092,ON,MAXN_SUPER
2026-08-17 16:24:10.622208,4:14:15.600000,37,33,33,33,47,56,0.5102667274639324,0.011436529112005274,0,99.4,OFF,115200,499200,OFF,537600,OFF,115200,OFF,OFF,OFF,OFF,OFF,45.88235294117647,60.625,-256,-256,-256,60.812,59.281,60.062,59.656,60.812,7219,4006,16208,ON,MAXN_SUPER
2026-08-17 16:24:11.623422,4:14:16.600000,40,38,39,32,40,52,0.5143566786618029,0.011436529112005274,0,40.4,OFF,192000,499200,OFF,537600,OFF,115200,OFF,OFF,OFF,OFF,OFF,45.88235294117647,60.625,-256,-256,-256,61.375,59.5,60.187,59.687,61.312,7219,4045,16247,ON,MAXN_SUPER
2026-08-17 16:24:12.624573,4:14:17.600000,43,31,30,41,42,59,0.5187937493838115,0.011436529112005274,0,92.6,OFF,140800,499200,OFF,537600,OFF,115200,OFF,OFF,OFF,OFF,OFF,45.88235294117647,60.718,-256,-256,-256,61.406,59.625,60.375,59.812,61.406,7219,4006,16208,ON,MAXN_SUPER
2026-08-17 16:24:13.625316,4:14:18.600000,40,41,39,40,36,52,0.5229807502711229,0.011436529112005274,0,72.1,OFF,115200,499200,OFF,537600,OFF,115200,OFF,OFF,OFF,OFF,OFF,45.88235294117647,60.875,-256,-256,-256,61.531,59.687,60.375,59.906,61.531,7257,4045,16247,ON,MAXN_SUPER
2026-08-17 16:24:14.626812,4:14:19.600000,38,41,41,48,44,43,0.5274260368398567,0.011436529112005274,0,99.4,OFF,115200,499200,OFF,537600,OFF,115200,OFF,OFF,OFF,OFF,OFF,45.88235294117647,61.218,-256,-256,-256,61.437,59.843,60.593,60.062,61.437,7296,4045,16285,ON,MAXN_SUPER
2026-08-17 16:24:15.627173,4:14:20.600000,37,42,48,43,38,37,0.5294286494791153,0.011436529112005274,0,45.2,OFF,115200,499200,OFF,537600,OFF,115200,OFF,OFF,OFF,OFF,OFF,45.88235294117647,61.093,-256,-256,-256,61.937,59.812,60.718,60.156,61.937,7257,4045,16247,ON,MAXN_SUPER
2026-08-17 16:24:16.628396,4:14:21.600000,45,36,35,46,40,30,0.5343643193992573,0.011436529112005274,0,99.2,OFF,166400,499200,OFF,537600,OFF,115200,OFF,OFF,OFF,OFF,OFF,45.88235294117647,61.218,-256,-256,-256,61.812,59.968,60.875,60.312,61.812,6961,3974,15848,ON,MAXN_SUPER
2026-08-17 16:24:17.630394,4:14:22.600000,40,44,39,39,44,35,0.5388399019027901,0.011436529112005274,0,99.1,OFF,166400,499200,OFF,537600,OFF,115200,OFF,OFF,OFF,OFF,OFF,45.88235294117647,61.25,-256,-256,-256,61.718,60.156,60.843,60.406,61.718,7038,3968,15938,ON,MAXN_SUPER
2026-08-17 16:24:18.630663,4:14:23.600000,45,50,32,41,44,40,0.545893206316343,0.011436529112005274,0,88.8,OFF,115200,499200,OFF,537600,OFF,115200,OFF,OFF,OFF,OFF,OFF,45.88235294117647,61.375,-256,-256,-256,62.0,60.218,60.937,60.468,62.0,7142,3968,16131,ON,MAXN_SUPER
2026-08-17 16:24:19.631566,4:14:24.600000,35,52,44,45,32,47,0.5463671579743008,0.011436529112005274,0,57.9,OFF,153600,499200,OFF,537600,OFF,115200,OFF,OFF,OFF,OFF,OFF,47.450980392156865,61.718,-256,-256,-256,61.968,60.406,61.187,60.656,61.968,7334,4045,16285,ON,MAXN_SUPER
2026-08-17 16:24:20.632895,4:14:25.600000,39,35,44,36,52,39,0.5490799278648657,0.011436529112005274,0,98.3,OFF,166400,499200,OFF,537600,OFF,115200,OFF,OFF,OFF,OFF,OFF,47.450980392156865,61.937,-256,-256,-256,62.093,60.562,61.187,60.687,62.093,7219,4006,16247,ON,MAXN_SUPER
2026-08-17 16:24:21.633051,4:14:26.600000,28,28,50,28,59,44,0.5501433665253541,0.011436529112005274,0,66.0,OFF,115200,499200,OFF,537600,OFF,115200,OFF,OFF,OFF,OFF,OFF,47.450980392156865,61.625,-256,-256,-256,62.25,60.531,61.343,60.781,62.25,6923,3936,15694,ON,MAXN_SUPER
2026-08-17 16:24:22.634386,4:14:27.600000,29,37,29,28,40,48,0.5505901031910349,0.011436529112005274,0,86.4,OFF,115200,499200,OFF,537600,OFF,115200,OFF,OFF,OFF,OFF,OFF,47.450980392156865,61.781,-256,-256,-256,62.0,60.625,61.312,60.781,62.0,6511,3782,14998,ON,MAXN_SUPER
2026-08-17 16:24:23.635044,4:14:28.600000,29,36,45,44,37,30,0.551389094285057,0.011436529112005274,0,92.6,OFF,115200,499200,OFF,537600,OFF,115200,OFF,OFF,OFF,OFF,OFF,47.450980392156865,61.875,-256,-256,-256,62.25,60.718,61.375,60.75,62.25,6472,3788,14843,ON,MAXN_SUPER
2026-08-17 16:24:24.636343,4:14:29.600000,49,47,48,35,16,23,0.5513074493082257,0.011436529112005274,0,97.3,OFF,115200,499200,OFF,537600,OFF,115200,OFF,OFF,OFF,OFF,OFF,47.450980392156865,61.937,-256,-256,-256,62.156,60.812,61.406,60.906,62.156,6549,3782,15037,ON,MAXN_SUPER
2026-08-17 16:24:25.637083,4:14:30.600000,29,28,44,58,24,23,0.5511795901935653,0.011436529112005274,0,88.7,OFF,115200,499200,OFF,537600,OFF,115200,OFF,OFF,OFF,OFF,OFF,47.450980392156865,62.093,-256,-256,-256,62.593,60.781,61.468,61.0,62.593,6500,3820,15075,ON,MAXN_SUPER
2026-08-17 16:24:26.637987,4:14:31.600000,50,26,30,55,24,30,0.5505921571527161,0.011436529112005274,0,28.0,OFF,166400,499200,OFF,537600,OFF,115200,OFF,OFF,OFF,OFF,OFF,47.450980392156865,61.937,-256,-256,-256,62.531,60.843,61.656,61.156,62.531,6615,3820,15230,ON,MAXN_SUPER
2026-08-17 16:24:27.638902,4:14:32.600000,43,26,42,27,36,44,0.5532407407407407,0.011436529112005274,0,99.4,OFF,115200,499200,OFF,537600,OFF,115200,OFF,OFF,OFF,OFF,OFF,47.450980392156865,62.031,-256,-256,-256,62.375,60.937,61.718,61.156,62.375,6511,3820,14959,ON,MAXN_SUPER
2026-08-17 16:24:28.640136,4:14:33.600000,42,56,31,30,28,28,0.5544684963357324,0.011436529112005274,0,72.0,OFF,115200,499200,OFF,537600,OFF,115200,OFF,OFF,OFF,OFF,OFF,47.450980392156865,62.187,-256,-256,-256,62.375,61.0,61.75,61.218,62.375,6549,3782,14998,ON,MAXN_SUPER
2026-08-17 16:24:29.640580,4:14:34.600000,44,37,39,37,39,38,0.5522846215780999,0.011436529112005274,0,32.8,OFF,115200,499200,OFF,537600,OFF,115200,OFF,OFF,OFF,OFF,OFF,47.450980392156865,62.187,-256,-256,-256,62.875,61.218,61.812,61.343,62.875,6577,3820,15037,ON,MAXN_SUPER
2026-08-17 16:24:30.641719,4:14:35.600000,37,62,17,26,28,40,0.5530497223043807,0.011436529112005274,0,42.9,OFF,140800,499200,OFF,537600,OFF,115200,OFF,OFF,OFF,OFF,OFF,47.450980392156865,62.406,-256,-256,-256,62.687,61.25,61.843,61.25,62.687,6357,3749,14766,ON,MAXN_SUPER
2026-08-17 16:24:31.642761,4:14:36.600000,29,32,36,47,37,29,0.5528679466955865,0.011436529112005274,0,91.6,OFF,115200,499200,OFF,537600,OFF,115200,OFF,OFF,OFF,OFF,OFF,49.411764705882355,62.437,-256,-256,-256,62.718,61.218,62.156,61.406,62.718,6434,3749,14843,ON,MAXN_SUPER
2026-08-17 16:24:32.643809,4:14:37.600000,44,24,19,28,46,48,0.5530502357948011,0.011436529112005274,0,40.6,OFF,115200,499200,OFF,537600,OFF,115200,OFF,OFF,OFF,OFF,OFF,49.411764705882355,62.5,-256,-256,-256,62.843,61.312,62.156,61.468,62.843,6577,3820,15075,ON,MAXN_SUPER
2026-08-17 16:24:33.644834,4:14:38.600000,29,41,37,27,40,48,0.5549167734726741,0.011436529112005274,0,19.7,OFF,115200,499200,OFF,537600,OFF,115200,OFF,OFF,OFF,OFF,OFF,49.411764705882355,62.25,-256,-256,-256,63.093,61.343,62.25,61.625,63.125,6731,3859,15307,ON,MAXN_SUPER
2026-08-17 16:24:34.645547,4:14:39.600000,26,38,25,39,40,50,0.5544587400177462,0.011436529112005274,0,39.5,OFF,140800,499200,OFF,537600,OFF,115200,OFF,OFF,OFF,OFF,OFF,49.411764705882355,62.718,-256,-256,-256,63.125,61.437,62.187,61.625,63.125,6654,3859,15153,ON,MAXN_SUPER
2026-08-17 16:24:35.646595,4:14:40.600000,56,37,35,35,31,23,0.5548823696145124,0.011436529112005274,0,99.1,OFF,115200,499200,OFF,537600,OFF,115200,OFF,OFF,OFF,OFF,OFF,49.411764705882355,62.656,-256,-256,-256,62.906,61.562,62.25,61.687,62.906,6500,3820,15037,ON,MAXN_SUPER
2026-08-17 16:24:36.647692,4:14:41.600000,30,24,30,45,45,45,0.554405850504453,0.011436529112005274,0,38.2,OFF,115200,499200,OFF,537600,OFF,115200,OFF,OFF,OFF,OFF,OFF,49.411764705882355,62.718,-256,-256,-256,63.125,61.593,62.312,61.625,63.093,6654,3820,15153,ON,MAXN_SUPER
2026-08-17 16:24:37.648695,4:14:42.600000,26,40,39,36,32,37,0.5505716175359032,0.011436529112005274,0,24.6,OFF,115200,499200,OFF,537600,OFF,115200,OFF,OFF,OFF,OFF,OFF,49.411764705882355,62.937,-256,-256,-256,63.312,61.75,62.312,61.781,63.312,6692,3859,15230,ON,MAXN_SUPER
2026-08-17 16:24:38.649625,4:14:43.600000,39,28,33,31,41,49,0.5548186968023925,0.011436529112005274,0,78.4,OFF,115200,499200,OFF,537600,OFF,115200,OFF,OFF,OFF,OFF,OFF,49.411764705882355,63.031,-256,-256,-256,63.187,61.718,62.5,61.968,63.187,6549,3782,14998,ON,MAXN_SUPER
2026-08-17 16:24:39.650648,4:14:44.600000,28,26,30,36,47,48,0.5511862655690295,0.011436529112005274,0,58.6,OFF,115200,499200,OFF,537600,OFF,115200,OFF,OFF,OFF,OFF,OFF,49.411764705882355,62.781,-256,-256,-256,63.656,61.968,62.468,61.968,63.656,6654,3859,15191,ON,MAXN_SUPER
2026-08-17 16:24:40.651632,4:14:45.600000,25,27,30,31,53,43,0.5511503212396069,0.011436529112005274,0,20.7,OFF,115200,499200,OFF,537600,OFF,115200,OFF,OFF,OFF,OFF,OFF,49.411764705882355,62.718,-256,-256,-256,63.562,62.031,62.531,61.906,63.718,6692,3859,15307,ON,MAXN_SUPER
2026-08-17 16:24:41.652383,4:14:46.600000,32,25,23,24,57,55,0.5539211155476683,0.011436529112005274,0,99.1,OFF,128000,499200,OFF,537600,OFF,115200,OFF,OFF,OFF,OFF,OFF,49.411764705882355,63.25,-256,-256,-256,63.343,62.0,62.593,62.093,63.343,6538,3820,15075,ON,MAXN_SUPER
2026-08-17 16:24:42.653500,4:14:47.600000,18,22,45,26,51,46,0.5524669106773143,0.011436529112005274,0,86.9,OFF,179200,499200,OFF,537600,OFF,115200,OFF,OFF,OFF,OFF,OFF,49.411764705882355,63.093,-256,-256,-256,63.531,62.218,62.593,62.093,63.531,6538,3820,15114,ON,MAXN_SUPER
2026-08-17 16:24:43.654863,4:14:48.600000,40,30,37,48,38,35,0.552230705083966,0.011436529112005274,0,25.5,OFF,153600,499200,OFF,537600,OFF,115200,OFF,OFF,OFF,OFF,OFF,49.411764705882355,63.406,-256,-256,-256,63.812,62.031,62.875,62.25,63.812,6577,3820,14998,ON,MAXN_SUPER
2026-08-17 16:24:44.655294,4:14:49.600000,55,41,35,39,30,23,0.5516437855335371,0.011436529112005274,0,88.4,OFF,115200,499200,OFF,537600,OFF,115200,OFF,OFF,OFF,OFF,OFF,49.411764705882355,63.281,-256,-256,-256,63.687,62.187,62.843,62.312,63.687,6654,3820,15153,ON,MAXN_SUPER
2026-08-17 16:24:45.656781,4:14:50.600000,38,47,41,42,23,19,0.5517685637056755,0.011436529112005274,0,33.9,OFF,115200,499200,OFF,537600,OFF,115200,OFF,OFF,OFF,OFF,OFF,49.411764705882355,63.437,-256,-256,-256,63.75,62.187,62.812,62.437,63.75,6654,3859,15269,ON,MAXN_SUPER
2026-08-17 16:24:46.657403,4:14:51.600000,26,28,31,31,48,55,0.5509115481941569,0.011436529112005274,0,30.4,OFF,115200,499200,OFF,537600,OFF,115200,OFF,OFF,OFF,OFF,OFF,49.411764705882355,63.187,-256,-256,-256,63.812,62.343,62.906,62.437,63.906,6731,3897,15346,ON,MAXN_SUPER
2026-08-17 16:24:47.658736,4:14:52.600000,33,20,25,55,37,39,0.551452767097177,0.011436529112005274,0,60.3,OFF,204800,499200,OFF,537600,OFF,115200,OFF,OFF,OFF,OFF,OFF,49.411764705882355,63.656,-256,-256,-256,64.125,62.562,63.0,62.468,64.125,6692,3859,15346,ON,MAXN_SUPER
2026-08-17 16:24:48.659285,4:14:53.600000,30,38,36,31,38,51,0.5507600685201617,0.011436529112005274,0,99.4,OFF,140800,499200,OFF,537600,OFF,115200,OFF,OFF,OFF,OFF,OFF,49.411764705882355,63.531,-256,-256,-256,63.687,62.5,63.0,62.593,63.687,6654,3782,15153,ON,MAXN_SUPER
2026-08-17 16:24:49.660043,4:14:54.600000,21,21,36,29,56,51,0.5516098951657958,0.011436529112005274,0,91.6,OFF,115200,499200,OFF,537600,OFF,115200,OFF,OFF,OFF,OFF,OFF,49.411764705882355,63.625,-256,-256,-256,63.875,62.531,63.156,62.687,63.968,6654,3820,15191,ON,MAXN_SUPER
2026-08-17 16:24:50.661370,4:14:55.600000,27,34,26,32,44,55,0.5509166830983602,0.011436529112005274,0,19.4,OFF,115200,499200,OFF,537600,OFF,115200,OFF,OFF,OFF,OFF,OFF,49.411764705882355,63.562,-256,-256,-256,64.312,62.437,63.281,62.687,64.312,6692,3859,15385,ON,MAXN_SUPER
2026-08-17 16:24:51.662089,4:14:56.600000,25,27,35,47,43,34,0.5514276060665813,0.011436529112005274,0,82.4,OFF,115200,499200,OFF,537600,OFF,115200,OFF,OFF,OFF,OFF,OFF,49.411764705882355,63.812,-256,-256,-256,63.968,62.656,63.25,62.625,63.968,6577,3820,15114,ON,MAXN_SUPER
2026-08-17 16:24:52.663208,4:14:57.600000,31,26,35,30,61,40,0.5513536634460547,0.011436529112005274,0,18.5,OFF,115200,499200,OFF,537600,OFF,115200,OFF,OFF,OFF,OFF,OFF,49.411764705882355,63.843,-256,-256,-256,64.343,62.687,63.312,62.843,64.343,6654,3859,15230,ON,MAXN_SUPER
2026-08-17 16:24:53.664130,4:14:58.600000,45,37,32,26,40,39,0.5532556319629302,0.011436529112005274,0,75.8,OFF,115200,499200,OFF,537600,OFF,115200,OFF,OFF,OFF,OFF,OFF,49.411764705882355,64.0,-256,-256,-256,64.218,62.718,63.312,62.875,64.218,6615,3820,15075,ON,MAXN_SUPER
2026-08-17 16:24:54.665665,4:14:59.600000,33,27,47,22,36,45,0.5541722123632061,0.011436529112005274,0,44.4,OFF,153600,499200,OFF,537600,OFF,115200,OFF,OFF,OFF,OFF,OFF,49.411764705882355,63.968,-256,-256,-256,64.187,62.812,63.343,62.937,64.187,6577,3820,15114,ON,MAXN_SUPER
2026-08-17 16:24:55.666519,4:15:00.610000,31,53,27,34,31,41,0.5548161293502908,0.011436529112005274,0,13.6,OFF,179200,499200,OFF,537600,OFF,115200,OFF,OFF,OFF,OFF,OFF,49.411764705882355,64.031,-256,-256,-256,64.218,62.75,63.531,63.062,64.218,6615,3820,15153,ON,MAXN_SUPER
2026-08-17 16:24:56.666947,4:15:01.610000,30,44,28,41,32,42,0.5553722394755003,0.011436529112005274,0,73.4,OFF,115200,499200,OFF,537600,OFF,115200,OFF,OFF,OFF,OFF,OFF,49.411764705882355,63.875,-256,-256,-256,64.312,62.843,63.531,62.937,64.312,6538,3820,15037,ON,MAXN_SUPER
2026-08-17 16:24:57.668140,4:15:02.610000,58,33,28,30,35,26,0.5552536231884058,0.011436529112005274,0,94.5,OFF,115200,499200,OFF,537600,OFF,115200,OFF,OFF,OFF,OFF,OFF,49.411764705882355,64.0,-256,-256,-256,64.312,62.968,63.5,63.093,64.312,6538,3820,14998,ON,MAXN_SUPER
2026-08-17 16:24:58.669230,4:15:03.610000,52,28,30,21,27,54,0.5541049451181439,0.011436529112005274,0,90.5,OFF,115200,499200,OFF,537600,OFF,115200,OFF,OFF,OFF,OFF,OFF,49.411764705882355,64.156,-256,-256,-256,64.218,63.0,63.531,63.093,64.343,6346,3782,14805,ON,MAXN_SUPER
2026-08-17 16:24:59.669771,4:15:04.610000,29,46,51,26,40,28,0.5555206382069736,0.011436529112005274,0,50.5,OFF,115200,499200,OFF,537600,OFF,115200,OFF,OFF,OFF,OFF,OFF,49.411764705882355,64.406,-256,-256,-256,64.781,63.156,63.593,63.093,64.562,6615,3820,15153,ON,MAXN_SUPER
2026-08-17 16:25:00.670941,4:15:05.610000,24,32,26,49,43,52,0.5549131790397318,0.011436529112005274,0,21.7,OFF,166400,499200,OFF,537600,OFF,115200,OFF,OFF,OFF,OFF,OFF,49.411764705882355,64.25,-256,-256,-256,64.656,63.125,63.843,63.093,64.875,6615,3820,15191,ON,MAXN_SUPER
2026-08-17 16:25:01.671791,4:15:06.610000,29,28,61,41,21,19,0.5548115079365079,0.011436529112005274,0,99.2,OFF,115200,499200,OFF,537600,OFF,115200,OFF,OFF,OFF,OFF,OFF,49.411764705882355,64.437,-256,-256,-256,64.781,63.187,63.812,63.312,64.781,6538,3820,15037,ON,MAXN_SUPER
2026-08-17 16:25:02.672702,4:15:07.610000,32,20,55,25,28,34,0.5544412813434553,0.011436529112005274,0,99.1,OFF,115200,499200,OFF,537600,OFF,115200,OFF,OFF,OFF,OFF,OFF,49.411764705882355,64.437,-256,-256,-256,64.343,63.156,63.781,63.312,64.656,6357,3782,14843,ON,MAXN_SUPER
2026-08-17 16:25:03.673772,4:15:08.610000,45,39,27,22,41,48,0.5571632940615859,0.011436529112005274,0,18.7,OFF,115200,499200,OFF,537600,OFF,115200,OFF,OFF,OFF,OFF,OFF,49.411764705882355,64.593,-256,-256,-256,64.781,63.343,63.843,63.375,64.781,6577,3820,15114,ON,MAXN_SUPER
2026-08-17 16:25:04.674994,4:15:09.610000,34,38,35,28,37,56,0.557484739064708,0.011436529112005274,0,24.8,OFF,115200,499200,OFF,537600,OFF,115200,OFF,OFF,OFF,OFF,OFF,49.411764705882355,64.312,-256,-256,-256,64.906,63.343,63.843,63.343,64.906,6577,3820,15075,ON,MAXN_SUPER
2026-08-17 16:25:05.676498,4:15:10.610000,36,38,25,22,45,52,0.5600835140819613,0.011436529112005274,0,94.5,OFF,204800,499200,OFF,537600,OFF,115200,OFF,OFF,OFF,OFF,OFF,52.549019607843135,64.437,-256,-256,-256,64.781,63.375,64.031,63.5,64.781,6538,3820,15037,ON,MAXN_SUPER
2026-08-17 16:25:06.677727,4:15:11.610000,47,39,40,17,40,25,0.5581368718985179,0.011436529112005274,0,71.9,OFF,217600,499200,OFF,537600,OFF,115200,OFF,OFF,OFF,OFF,OFF,52.549019607843135,64.562,-256,-256,-256,64.718,63.468,64.093,63.562,64.75,6538,3820,15114,ON,MAXN_SUPER
2026-08-17 16:25:07.677851,4:15:12.610000,37,32,39,26,39,49,0.55850607151073,0.011436529112005274,0,19.4,OFF,153600,499200,OFF,537600,OFF,115200,OFF,OFF,OFF,OFF,OFF,52.549019607843135,64.375,-256,-256,-256,65.125,63.375,64.031,63.562,65.125,6731,3859,15346,ON,MAXN_SUPER
2026-08-17 16:25:08.678813,4:15:13.610000,26,31,28,20,58,52,0.5574765232179828,0.011436529112005274,0,24.6,OFF,115200,499200,OFF,537600,OFF,115200,OFF,OFF,OFF,OFF,OFF,52.549019607843135,64.5,-256,-256,-256,65.312,63.468,64.031,63.656,65.312,6769,3897,15423,ON,MAXN_SUPER
2026-08-17 16:25:09.680174,4:15:14.610000,32,27,26,28,63,36,0.5592475516776759,0.011436529112005274,0,48.8,OFF,115200,499200,OFF,537600,OFF,115200,OFF,OFF,OFF,OFF,OFF,52.549019607843135,64.906,-256,-256,-256,65.062,63.625,64.093,63.75,65.062,6577,3859,15230,ON,MAXN_SUPER
2026-08-17 16:25:10.680968,4:15:15.610000,33,34,25,25,49,51,0.5575063056623616,0.011436529112005274,0,47.4,OFF,128000,499200,OFF,537600,OFF,115200,OFF,OFF,OFF,OFF,OFF,52.549019607843135,64.687,-256,-256,-256,65.406,63.562,64.156,63.656,65.406,6654,3820,15153,ON,MAXN_SUPER
2026-08-17 16:25:11.682083,4:15:16.610000,35,36,54,23,34,31,0.5577784555851326,0.011436529112005274,0,39.8,OFF,115200,499200,OFF,537600,OFF,115200,OFF,OFF,OFF,OFF,OFF,52.549019607843135,64.718,-256,-256,-256,65.281,63.625,64.406,63.718,65.281,6692,3897,15346,ON,MAXN_SUPER
2026-08-17 16:25:12.683125,4:15:17.610000,46,50,41,31,23,33,0.5580767935193401,0.011436529112005274,0,75.7,OFF,115200,499200,OFF,537600,OFF,115200,OFF,OFF,OFF,OFF,OFF,52.549019607843135,64.968,-256,-256,-256,65.031,63.625,64.312,63.875,65.156,6577,3820,15114,ON,MAXN_SUPER
2026-08-17 16:25:13.683955,4:15:18.610000,35,40,30,27,36,40,0.5584403447369286,0.011436529112005274,0,82.2,OFF,153600,499200,OFF,537600,OFF,115200,OFF,OFF,OFF,OFF,OFF,52.549019607843135,64.937,-256,-256,-256,65.187,63.687,64.375,63.968,65.187,6615,3859,15269,ON,MAXN_SUPER
2026-08-17 16:25:14.685018,4:15:19.610000,38,28,38,45,41,32,0.5578662624470078,0.011436529112005274,0,18.2,OFF,115200,499200,OFF,537600,OFF,115200,OFF,OFF,OFF,OFF,OFF,52.549019607843135,65.25,-256,-256,-256,65.406,63.687,64.281,63.968,65.406,6654,3859,15307,ON,MAXN_SUPER
2026-08-17 16:25:15.686004,4:15:20.610000,56,32,37,43,38,29,0.560337691840021,0.011436529112005274,0,99.3,OFF,OFF,499200,OFF,537600,OFF,115200,OFF,OFF,OFF,OFF,OFF,52.549019607843135,65.187,-256,-256,-256,65.093,63.906,64.312,63.906,65.093,6615,3859,15153,ON,MAXN_SUPER
2026-08-17 16:25:16.686994,4:15:21.610000,32,21,51,44,30,26,0.5565399166913142,0.011436529112005274,0,75.7,OFF,OFF,499200,OFF,537600,OFF,115200,OFF,OFF,OFF,OFF,OFF,52.549019607843135,65.187,-256,-256,-256,65.125,63.718,64.281,63.906,65.125,6500,3743,14921,ON,MAXN_SUPER
2026-08-17 16:25:17.687514,4:15:22.610000,41,33,15,34,27,47,0.5565260524499654,0.011436529112005274,0,20.7,OFF,OFF,499200,OFF,537600,OFF,115200,OFF,OFF,OFF,OFF,OFF,52.549019607843135,64.75,-256,-256,-256,65.562,63.781,64.437,63.937,65.593,6577,3743,14998,ON,MAXN_SUPER
2026-08-17 16:25:18.688490,4:15:23.610000,20,13,9,9,46,19,0.5356249383811496,0.011436529112005274,0,0.0,OFF,OFF,499200,OFF,537600,OFF,115200,OFF,OFF,OFF,OFF,OFF,52.549019607843135,64.031,-256,-256,-256,64.156,63.687,64.406,63.437,64.406,2845,2650,8784,ON,MAXN_SUPER
2026-08-17 16:25:19.689430,4:15:24.610000,2,13,6,1,7,9,0.5356429105458609,0.011436529112005274,0,0.0,OFF,OFF,499200,OFF,537600,OFF,115200,OFF,OFF,OFF,OFF,OFF,50.588235294117645,63.718,-256,-256,-256,63.687,63.562,64.187,63.062,64.187,1798,2346,7089,ON,MAXN_SUPER
2026-08-17 16:25:20.690231,4:15:25.610000,11,3,5,0,0,0,0.5361009440007887,0.011436529112005274,0,0.0,OFF,OFF,499200,OFF,537600,OFF,115200,OFF,OFF,OFF,OFF,OFF,50.588235294117645,63.593,-256,-256,-256,63.437,63.406,64.125,62.875,64.125,1642,2310,6815,ON,MAXN_SUPER
2026-08-17 16:25:21.691157,4:15:26.610000,0,2,4,0,0,0,0.5360547298629597,0.011436529112005274,0,0.0,OFF,OFF,499200,OFF,537600,OFF,115200,OFF,OFF,OFF,OFF,OFF,50.588235294117645,63.406,-256,-256,-256,63.218,63.156,64.125,62.687,64.125,1564,2310,6697,ON,MAXN_SUPER
2026-08-17 16:25:22.692110,4:15:27.610000,2,2,4,18,0,0,0.5357312308981563,0.011436529112005274,0,0.0,OFF,OFF,499200,OFF,537600,OFF,115200,OFF,OFF,OFF,OFF,OFF,50.588235294117645,63.156,-256,-256,-256,63.187,63.093,64.0,62.625,64.0,1603,2310,6776,ON,MAXN_SUPER
2026-08-17 16:25:23.693206,4:15:28.610000,1,2,12,0,0,4,0.5357312308981563,0.011436529112005274,0,0.0,OFF,OFF,499200,OFF,537600,OFF,115200,OFF,OFF,OFF,OFF,OFF,50.588235294117645,63.062,-256,-256,-256,63.125,63.0,63.843,62.5,63.843,1603,2310,6736,ON,MAXN_SUPER
2026-08-17 16:25:24.694004,4:15:29.610000,2,3,5,12,0,0,0.5356988810016761,0.011436529112005274,0,0.0,OFF,OFF,499200,OFF,537600,OFF,115200,OFF,OFF,OFF,OFF,OFF,50.588235294117645,62.875,-256,-256,-256,62.843,62.937,63.75,62.437,63.75,1681,2310,6854,ON,MAXN_SUPER
2026-08-17 16:25:25.694877,4:15:30.610000,2,3,4,4,0,0,0.5352798728186927,0.011436529112005274,0,0.0,OFF,OFF,499200,OFF,537600,OFF,115200,OFF,OFF,OFF,OFF,OFF,48.627450980392155,63.125,-256,-256,-256,63.0,62.843,63.687,62.25,63.687,1603,2310,6815,ON,MAXN_SUPER
2026-08-17 16:25:26.695845,4:15:31.610000,2,12,1,1,1,0,0.5353882192973808,0.011436529112005274,0,0.0,OFF,OFF,499200,OFF,537600,OFF,115200,OFF,OFF,OFF,OFF,OFF,48.627450980392155,62.875,-256,-256,-256,62.718,62.593,63.75,62.218,63.75,1642,2310,6776,ON,MAXN_SUPER
2026-08-17 16:25:27.696615,4:15:32.610000,5,32,2,2,0,0,0.5266224243320516,0.011436529112005274,0,0.0,OFF,OFF,499200,OFF,537600,OFF,115200,OFF,OFF,OFF,OFF,OFF,48.627450980392155,62.781,-256,-256,-256,62.937,62.593,63.625,62.281,63.625,1759,2310,6971,ON,MAXN_SUPER
2026-08-17 16:25:28.697528,4:15:33.610000,5,24,2,2,0,0,0.5266809622399684,0.011436529112005274,0,0.0,OFF,OFF,499200,OFF,537600,OFF,115200,OFF,OFF,OFF,OFF,OFF,48.627450980392155,62.718,-256,-256,-256,62.562,62.468,63.5,62.218,63.5,1720,2310,6932,ON,MAXN_SUPER
2026-08-17 16:25:29.698548,4:15:34.610000,5,27,6,3,0,1,0.5267939301324395,0.011436529112005274,0,0.0,OFF,OFF,499200,OFF,537600,OFF,115200,OFF,OFF,OFF,OFF,OFF,48.627450980392155,62.562,-256,-256,-256,62.593,62.5,63.406,62.062,63.406,1720,2310,6932,ON,MAXN_SUPER
2026-08-17 16:25:30.699950,4:15:35.610000,5,9,4,35,22,0,0.531264377731769,0.011436529112005274,0,0.0,OFF,OFF,499200,OFF,537600,OFF,115200,OFF,OFF,OFF,OFF,OFF,48.627450980392155,62.843,-256,-256,-256,62.343,62.5,63.312,62.0,63.312,1994,2346,7324,ON,MAXN_SUPER
2026-08-17 16:25:31.701181,4:15:36.610000,7,4,27,66,7,2,0.5801733132866673,0.011436529112005274,0,99.8,OFF,115200,499200,OFF,537600,OFF,115200,OFF,OFF,OFF,OFF,OFF,48.627450980392155,63.031,-256,-256,-256,63.812,62.437,63.25,62.093,63.5,3463,2845,9977,ON,MAXN_SUPER
2026-08-17 16:25:32.701805,4:15:37.610000,44,44,38,38,36,43,0.5767914653784219,0.011436529112005274,0,68.2,OFF,115200,499200,OFF,537600,OFF,115200,OFF,OFF,OFF,OFF,OFF,48.627450980392155,63.937,-256,-256,-256,64.156,62.625,63.281,62.687,64.375,7027,4045,16015,ON,MAXN_SUPER
2026-08-17 16:25:33.702938,4:15:38.610000,30,22,49,21,38,18,0.5781198650957968,0.011436529112005274,0,96.2,OFF,115200,499200,OFF,537600,OFF,115200,OFF,OFF,OFF,OFF,OFF,50.588235294117645,63.75,-256,-256,-256,64.906,62.75,63.375,62.968,64.906,7590,4231,16990,ON,MAXN_SUPER
2026-08-17 16:25:34.704762,4:15:39.610000,19,26,22,36,43,27,0.5773116311742088,0.011436529112005274,0,96.9,OFF,115200,499200,OFF,537600,OFF,115200,OFF,OFF,OFF,OFF,OFF,50.588235294117645,64.093,-256,-256,-256,64.812,62.843,63.718,63.187,64.812,7705,4307,17222,ON,MAXN_SUPER
2026-08-17 16:25:35.705166,4:15:40.610000,23,28,19,25,49,40,0.5807068298333826,0.011436529112005274,0,12.0,OFF,115200,499200,OFF,537600,OFF,115200,OFF,OFF,OFF,OFF,OFF,50.588235294117645,64.5,-256,-256,-256,64.625,62.875,63.75,63.125,64.625,7552,4231,16990,ON,MAXN_SUPER
2026-08-17 16:25:36.706182,4:15:41.610000,25,23,27,34,35,48,0.5777460440698018,0.011436529112005274,0,94.6,OFF,115200,499200,OFF,537600,OFF,115200,OFF,OFF,OFF,OFF,OFF,50.588235294117645,64.875,-256,-256,-256,65.312,63.218,63.781,63.406,65.312,7628,4192,17067,ON,MAXN_SUPER
2026-08-17 16:25:37.707446,4:15:42.610000,23,33,26,33,19,23,0.5810950285911466,0.011436529112005274,0,99.7,OFF,115200,499200,OFF,537600,OFF,115200,OFF,OFF,OFF,OFF,OFF,50.588235294117645,64.25,-256,-256,-256,65.437,63.343,63.843,63.5,65.437,7552,4307,17144,ON,MAXN_SUPER
2026-08-17 16:25:38.708302,4:15:43.610000,29,21,26,23,19,52,0.5832845517434027,0.011436529112005274,0,53.1,OFF,166400,499200,OFF,537600,OFF,115200,OFF,OFF,OFF,OFF,OFF,50.588235294117645,64.687,-256,-256,-256,65.062,63.375,63.875,63.531,65.062,7590,4269,17067,ON,MAXN_SUPER
2026-08-17 16:25:39.708873,4:15:44.610000,30,20,35,24,42,32,0.5845918983535443,0.011436529112005274,0,92.2,OFF,115200,499200,OFF,537600,OFF,115200,OFF,OFF,OFF,OFF,OFF,50.588235294117645,64.656,-256,-256,-256,65.5,63.5,64.125,63.625,65.5,7552,4231,16952,ON,MAXN_SUPER
2026-08-17 16:25:40.710637,4:15:45.610000,43,27,32,21,37,27,0.5855079652634001,0.011436529112005274,0,99.8,OFF,115200,499200,OFF,537600,OFF,115200,OFF,OFF,OFF,OFF,OFF,50.588235294117645,64.906,-256,-256,-256,65.812,63.468,64.187,63.781,65.687,7884,4300,17539,ON,MAXN_SUPER
2026-08-17 16:25:41.711031,4:15:46.610000,34,19,46,19,31,30,0.5908323474317263,0.011436529112005274,0,28.5,OFF,115200,499200,OFF,537600,OFF,115200,OFF,OFF,OFF,OFF,OFF,50.588235294117645,64.812,-256,-256,-256,64.968,63.562,64.218,63.875,65.0,7437,4192,16759,ON,MAXN_SUPER
2026-08-17 16:25:42.712040,4:15:47.610000,18,34,28,27,33,40,0.5878171316835913,0.011436529112005274,0,99.8,OFF,115200,499200,OFF,537600,OFF,115200,OFF,OFF,OFF,OFF,OFF,50.588235294117645,64.718,-256,-256,-256,65.875,63.75,64.25,63.968,65.875,7705,4307,17231,ON,MAXN_SUPER
2026-08-17 16:25:43.712723,4:15:48.610000,26,35,19,39,27,36,0.5919045154293602,0.011436529112005274,0,99.4,OFF,115200,499200,OFF,537600,OFF,115200,OFF,OFF,OFF,OFF,OFF,50.588235294117645,65.062,-256,-256,-256,65.281,63.875,64.25,63.906,65.281,7628,4307,17116,ON,MAXN_SUPER
2026-08-17 16:25:44.713832,4:15:49.610000,29,49,42,23,22,23,0.5903594227546091,0.011436529112005274,0,23.1,OFF,115200,499200,OFF,537600,OFF,115200,OFF,OFF,OFF,OFF,OFF,50.588235294117645,65.406,-256,-256,-256,65.781,63.937,64.312,64.031,66.125,7705,4269,17193,ON,MAXN_SUPER
2026-08-17 16:25:45.714918,4:15:50.610000,28,30,17,41,45,27,0.5912179787373887,0.011436529112005274,0,99.7,OFF,115200,499200,OFF,537600,OFF,115200,OFF,OFF,OFF,OFF,OFF,50.588235294117645,64.843,-256,-256,-256,66.437,63.906,64.531,64.187,66.437,7884,4339,17539,ON,MAXN_SUPER
2026-08-17 16:25:46.715712,4:15:51.610000,22,42,21,30,34,39,0.5930588418942456,0.011436529112005274,0,7.2,OFF,115200,499200,OFF,537600,OFF,115200,OFF,OFF,OFF,OFF,OFF,50.588235294117645,65.625,-256,-256,-256,65.687,64.031,64.531,64.281,65.625,7667,4269,17116,ON,MAXN_SUPER
2026-08-17 16:25:47.716833,4:15:52.610000,42,32,20,38,21,31,0.5946131773965625,0.011436529112005274,0,99.8,OFF,115200,499200,OFF,537600,OFF,115200,OFF,OFF,OFF,OFF,OFF,50.588235294117645,65.312,-256,-256,-256,66.125,64.093,64.625,64.437,66.125,7807,4339,17424,ON,MAXN_SUPER
2026-08-17 16:25:48.717864,4:15:53.610000,22,32,30,30,30,21,0.5953027950310559,0.011436529112005274,0,99.8,OFF,115200,499200,OFF,537600,OFF,115200,OFF,OFF,OFF,OFF,OFF,50.588235294117645,65.406,-256,-256,-256,66.375,64.156,64.687,64.406,66.375,7730,4300,17347,ON,MAXN_SUPER
2026-08-17 16:25:49.718919,4:15:54.610000,38,38,37,37,23,21,0.5974163216011042,0.011436529112005274,0,8.4,OFF,115200,499200,OFF,537600,OFF,115200,OFF,OFF,OFF,OFF,OFF,53.333333333333336,65.843,-256,-256,-256,65.812,64.343,64.75,64.531,65.843,7628,4231,17067,ON,MAXN_SUPER
2026-08-17 16:25:50.719737,4:15:55.610000,30,23,20,21,45,58,0.5997085428374248,0.011436529112005274,0,78.4,OFF,115200,499200,OFF,537600,OFF,115200,OFF,OFF,OFF,OFF,OFF,53.333333333333336,65.5,-256,-256,-256,66.406,64.406,64.875,64.531,66.406,7705,4269,17183,ON,MAXN_SUPER
2026-08-17 16:25:51.720802,4:15:56.610000,35,29,29,18,33,37,0.6006040701304677,0.011436529112005274,0,99.5,OFF,192000,499200,OFF,537600,OFF,115200,OFF,OFF,OFF,OFF,OFF,53.333333333333336,65.625,-256,-256,-256,66.687,64.375,64.968,64.781,66.687,7769,4339,17424,ON,MAXN_SUPER
2026-08-17 16:25:52.721837,4:15:57.620000,45,22,22,29,41,18,0.6017429918827434,0.011436529112005274,0,24.6,OFF,115200,499200,OFF,537600,OFF,115200,OFF,OFF,OFF,OFF,OFF,53.333333333333336,66.0,-256,-256,-256,66.406,64.531,65.031,64.718,66.406,7667,4269,17116,ON,MAXN_SUPER
2026-08-17 16:25:53.722890,4:15:58.620000,24,29,32,38,29,40,0.6024783101646456,0.011436529112005274,0,99.6,OFF,115200,499200,OFF,537600,OFF,115200,OFF,OFF,OFF,OFF,OFF,53.333333333333336,65.812,-256,-256,-256,66.843,64.656,65.0,64.843,66.812,8037,4377,17731,ON,MAXN_SUPER
2026-08-17 16:25:54.723793,4:15:59.620000,37,36,38,29,30,23,0.6044798958230635,0.011436529112005274,0,35.2,OFF,115200,499200,OFF,537600,OFF,115200,OFF,OFF,OFF,OFF,OFF,53.333333333333336,65.906,-256,-256,-256,67.0,64.656,65.031,64.843,67.0,7807,4300,17385,ON,MAXN_SUPER
2026-08-17 16:25:55.724841,4:16:00.620000,51,20,31,20,23,26,0.6060706891452233,0.011436529112005274,0,99.8,OFF,115200,499200,OFF,537600,OFF,115200,OFF,OFF,OFF,OFF,OFF,53.333333333333336,66.5,-256,-256,-256,66.812,64.625,65.125,64.937,66.812,7884,4339,17539,ON,MAXN_SUPER
2026-08-17 16:25:56.725735,4:16:01.620000,22,20,34,30,49,49,0.6084445553583753,0.011436529112005274,0,52.3,OFF,115200,499200,OFF,537600,OFF,115200,OFF,OFF,OFF,OFF,OFF,53.333333333333336,66.5,-256,-256,-256,66.687,64.781,65.343,65.062,66.687,7807,4262,17308,ON,MAXN_SUPER
2026-08-17 16:25:57.726740,4:16:02.620000,33,30,26,30,22,36,0.6088995078707812,0.011436529112005274,0,99.6,OFF,115200,499200,OFF,537600,OFF,115200,OFF,OFF,OFF,OFF,OFF,53.333333333333336,66.125,-256,-256,-256,67.031,64.718,65.281,65.125,67.031,8037,4377,17731,ON,MAXN_SUPER
2026-08-17 16:25:58.727886,4:16:03.620000,27,17,31,28,38,31,0.6113688833021131,0.011436529112005274,0,8.7,OFF,115200,499200,OFF,537600,OFF,115200,OFF,OFF,OFF,OFF,OFF,53.333333333333336,66.468,-256,-256,-256,66.625,64.937,65.375,65.25,66.625,7590,4231,17001,ON,MAXN_SUPER
2026-08-17 16:25:59.729877,4:16:04.620000,32,19,33,42,22,38,0.6130618612179172,0.011436529112005274,0,97.1,OFF,115200,499200,OFF,537600,OFF,115200,OFF,OFF,OFF,OFF,OFF,53.333333333333336,66.218,-256,-256,-256,67.156,64.906,65.437,65.406,67.156,7884,4339,17462,ON,MAXN_SUPER
2026-08-17 16:26:00.729868,4:16:05.620000,36,37,30,24,35,20,0.6167081566926288,0.011436529112005274,0,77.4,OFF,115200,499200,OFF,537600,OFF,115200,OFF,OFF,OFF,OFF,OFF,53.333333333333336,66.406,-256,-256,-256,66.718,65.062,65.375,65.218,66.718,7501,4269,16990,ON,MAXN_SUPER
2026-08-17 16:26:01.730735,4:16:06.620000,36,19,54,32,31,34,0.6149345607808341,0.011436529112005274,0,7.4,OFF,115200,499200,OFF,537600,OFF,115200,OFF,OFF,OFF,OFF,OFF,53.333333333333336,66.718,-256,-256,-256,66.906,65.156,65.468,65.312,66.906,7667,4231,17039,ON,MAXN_SUPER
2026-08-17 16:26:02.732220,4:16:07.620000,23,20,21,28,49,42,0.616245501823918,0.011436529112005274,0,99.8,OFF,192000,499200,OFF,537600,OFF,115200,OFF,OFF,OFF,OFF,OFF,53.333333333333336,66.468,-256,-256,-256,67.375,65.125,65.625,65.468,67.375,7998,4339,17731,ON,MAXN_SUPER
2026-08-17 16:26:03.733337,4:16:08.620000,31,24,35,36,19,31,0.6183323268921095,0.011436529112005274,0,22.9,OFF,115200,499200,OFF,537600,OFF,115200,OFF,OFF,OFF,OFF,OFF,53.333333333333336,66.718,-256,-256,-256,66.906,65.281,65.718,65.406,66.906,7692,4262,17231,ON,MAXN_SUPER
2026-08-17 16:26:04.733952,4:16:09.620000,21,22,33,18,41,29,0.6191241291202472,0.011436529112005274,0,99.7,OFF,115200,499200,OFF,537600,OFF,115200,OFF,OFF,OFF,OFF,OFF,53.333333333333336,66.5,-256,-256,-256,67.312,65.281,65.656,65.5,67.312,7654,4339,17308,ON,MAXN_SUPER
2026-08-17 16:26:05.735271,4:16:10.620000,27,24,31,28,41,31,0.6259222287948996,0.011436529112005274,0,94.3,OFF,115200,499200,OFF,537600,OFF,115200,OFF,OFF,OFF,OFF,OFF,54.90196078431372,66.937,-256,-256,-256,66.843,65.468,65.687,65.531,66.937,7501,4269,17029,ON,MAXN_SUPER
2026-08-17 16:26:06.736252,4:16:11.620000,44,21,25,19,32,32,0.6224474391205758,0.011436529112005274,0,16.2,OFF,115200,499200,OFF,537600,OFF,115200,OFF,OFF,OFF,OFF,OFF,54.90196078431372,67.187,-256,-256,-256,67.187,65.375,65.781,65.562,67.187,7475,4231,16913,ON,MAXN_SUPER
2026-08-17 16:26:07.737173,4:16:12.620000,42,38,42,23,19,20,0.6235093373098032,0.011436529112005274,0,99.8,OFF,115200,499200,OFF,537600,OFF,115200,OFF,OFF,OFF,OFF,OFF,54.90196078431372,66.5,-256,-256,-256,67.75,65.437,66.031,65.687,67.75,7884,4377,17539,ON,MAXN_SUPER
2026-08-17 16:26:08.737896,4:16:13.620000,36,24,23,17,24,32,0.6245455609780144,0.011436529112005274,0,9.1,OFF,115200,499200,OFF,537600,OFF,115200,OFF,OFF,OFF,OFF,OFF,54.90196078431372,67.218,-256,-256,-256,67.218,65.5,66.062,65.718,67.218,7437,4300,17067,ON,MAXN_SUPER
2026-08-17 16:26:09.739582,4:16:14.620000,50,21,41,31,21,30,0.626062925170068,0.011436529112005274,0,95.4,OFF,115200,499200,OFF,537600,OFF,115200,OFF,OFF,OFF,OFF,OFF,54.90196078431372,67.156,-256,-256,-256,67.656,65.593,66.0,65.843,67.656,7769,4300,17308,ON,MAXN_SUPER
2026-08-17 16:26:10.740069,4:16:15.620000,23,24,28,26,18,67,0.627515589569161,0.011436529112005274,0,99.5,OFF,115200,499200,OFF,537600,OFF,115200,OFF,OFF,OFF,OFF,OFF,54.90196078431372,66.937,-256,-256,-256,67.375,65.656,66.031,65.906,67.375,7769,4300,17308,ON,MAXN_SUPER
2026-08-17 16:26:11.741941,4:16:16.620000,44,46,32,26,20,28,0.6265954147359427,0.011436529112005274,0,78.0,OFF,115200,499200,OFF,537600,OFF,115200,OFF,OFF,OFF,OFF,OFF,54.90196078431372,66.875,-256,-256,-256,67.937,65.593,66.093,66.0,67.937,7769,4262,17308,ON,MAXN_SUPER
2026-08-17 16:26:12.742695,4:16:17.620000,21,33,19,25,29,19,0.6296727628249368,0.011436529112005274,0,99.5,OFF,115200,499200,OFF,537600,OFF,115200,OFF,OFF,OFF,OFF,OFF,54.90196078431372,66.968,-256,-256,-256,67.468,65.625,66.281,65.937,67.468,7577,4346,17116,ON,MAXN_SUPER
2026-08-17 16:26:13.743012,4:16:18.620000,23,26,21,19,44,19,0.6295695512504519,0.011436529112005274,0,17.4,OFF,115200,499200,OFF,537600,OFF,115200,OFF,OFF,OFF,OFF,OFF,54.90196078431372,67.531,-256,-256,-256,67.468,65.625,66.062,65.937,67.531,7322,4231,16721,ON,MAXN_SUPER
2026-08-17 16:26:14.744636,4:16:19.620000,34,25,20,28,56,25,0.6296291161392094,0.011436529112005274,0,99.7,OFF,115200,499200,OFF,537600,OFF,115200,OFF,OFF,OFF,OFF,OFF,54.90196078431372,66.968,-256,-256,-256,68.062,65.75,66.25,66.187,67.875,7769,4300,17462,ON,MAXN_SUPER
2026-08-17 16:26:15.745863,4:16:20.620000,25,30,28,33,19,32,0.6305893432252128,0.011436529112005274,0,99.5,OFF,115200,499200,OFF,537600,OFF,115200,OFF,OFF,OFF,OFF,OFF,54.90196078431372,67.281,-256,-256,-256,67.5,65.781,66.375,66.093,67.5,7463,4269,17001,ON,MAXN_SUPER
2026-08-17 16:26:16.746564,4:16:21.620000,30,26,20,45,33,26,0.6302904918005849,0.011436529112005274,0,99.7,OFF,115200,499200,OFF,537600,OFF,115200,OFF,OFF,OFF,OFF,OFF,54.90196078431372,67.156,-256,-256,-256,68.093,66.0,66.406,66.093,68.093,7769,4300,17347,ON,MAXN_SUPER
2026-08-17 16:26:17.747319,4:16:22.620000,31,29,25,33,25,30,0.6310709972394755,0.011436529112005274,0,95.6,OFF,115200,499200,OFF,537600,OFF,115200,OFF,OFF,OFF,OFF,OFF,54.90196078431372,67.593,-256,-256,-256,68.375,66.0,66.312,66.25,68.093,7807,4339,17424,ON,MAXN_SUPER
2026-08-17 16:26:18.748526,4:16:23.620000,28,35,43,27,31,20,0.6319403365210818,0.011436529112005274,0,19.0,OFF,115200,499200,OFF,537600,OFF,115200,OFF,OFF,OFF,OFF,OFF,54.90196078431372,67.875,-256,-256,-256,67.812,66.062,66.375,66.281,67.875,7577,4262,17116,ON,MAXN_SUPER
2026-08-17 16:26:19.749625,4:16:24.620000,40,20,28,22,21,19,0.6343794160176148,0.011436529112005274,0,99.7,OFF,115200,499200,OFF,537600,OFF,115200,OFF,OFF,OFF,OFF,OFF,54.90196078431372,67.375,-256,-256,-256,68.5,65.968,66.5,66.406,68.5,7616,4339,17231,ON,MAXN_SUPER
2026-08-17 16:26:20.750658,4:16:25.620000,25,14,19,31,29,40,0.6360087211212988,0.011436529112005274,0,99.4,OFF,115200,499200,OFF,537600,OFF,115200,OFF,OFF,OFF,OFF,OFF,54.90196078431372,67.406,-256,-256,-256,68.187,66.031,66.531,66.343,67.875,7692,4300,17270,ON,MAXN_SUPER
2026-08-17 16:26:21.751177,4:16:26.620000,17,23,21,18,56,43,0.6371075906207894,0.011436529112005274,0,7.4,OFF,115200,499200,OFF,537600,OFF,115200,OFF,OFF,OFF,OFF,OFF,54.90196078431372,67.781,-256,-256,-256,67.937,66.218,66.562,66.437,67.937,7628,4262,17116,ON,MAXN_SUPER
2026-08-17 16:26:22.753747,4:16:27.620000,21,30,21,26,38,56,0.6385012036215453,0.011436529112005274,0,94.5,OFF,115200,499200,OFF,537600,OFF,115200,OFF,OFF,OFF,OFF,OFF,54.90196078431372,67.593,-256,-256,-256,68.281,66.187,66.562,66.437,68.281,7769,4300,17347,ON,MAXN_SUPER
2026-08-17 16:26:23.753776,4:16:28.620000,28,23,28,22,25,41,0.6394999424890729,0.011436529112005274,0,98.2,OFF,115200,499200,OFF,537600,OFF,115200,OFF,OFF,OFF,OFF,OFF,56.470588235294116,67.468,-256,-256,-256,68.593,66.281,66.687,66.5,68.593,7769,4339,17424,ON,MAXN_SUPER
2026-08-17 16:26:24.754487,4:16:29.620000,31,18,31,23,26,35,0.6417582733576522,0.011436529112005274,0,43.2,OFF,115200,499200,OFF,537600,OFF,115200,OFF,OFF,OFF,OFF,OFF,56.470588235294116,67.875,-256,-256,-256,68.187,66.343,66.687,66.593,68.187,7577,4262,17116,ON,MAXN_SUPER
2026-08-17 16:26:25.755815,4:16:30.620000,42,41,20,23,28,41,0.640932067271353,0.011436529112005274,0,99.7,OFF,115200,499200,OFF,537600,OFF,115200,OFF,OFF,OFF,OFF,OFF,56.470588235294116,67.75,-256,-256,-256,68.656,66.375,66.812,66.687,68.656,7960,4339,17731,ON,MAXN_SUPER
2026-08-17 16:26:26.756600,4:16:31.620000,20,24,39,30,28,48,0.6437316170429525,0.011436529112005274,0,99.6,OFF,115200,499200,OFF,537600,OFF,115200,OFF,OFF,OFF,OFF,OFF,56.470588235294116,67.718,-256,-256,-256,68.468,66.343,66.781,66.656,68.218,7807,4339,17347,ON,MAXN_SUPER
2026-08-17 16:26:27.757720,4:16:32.620000,41,40,20,18,29,33,0.6425228605935127,0.011436529112005274,0,17.2,OFF,115200,499200,OFF,537600,OFF,115200,OFF,OFF,OFF,OFF,OFF,56.470588235294116,67.937,-256,-256,-256,68.437,66.375,66.781,66.687,68.437,7539,4262,16962,ON,MAXN_SUPER
2026-08-17 16:26:28.758681,4:16:33.620000,33,27,46,35,27,40,0.64646441305991,0.011436529112005274,0,92.5,OFF,128000,499200,OFF,537600,OFF,115200,OFF,OFF,OFF,OFF,OFF,56.470588235294116,68.093,-256,-256,-256,68.625,66.468,66.781,66.687,68.781,7769,4300,17385,ON,MAXN_SUPER
2026-08-17 16:26:29.759822,4:16:34.620000,26,25,37,25,32,30,0.641781893916987,0.011436529112005274,0,92.1,OFF,115200,499200,OFF,537600,OFF,115200,OFF,OFF,OFF,OFF,OFF,56.470588235294116,68.187,-256,-256,-256,68.187,66.437,67.031,66.718,68.281,7692,4339,17231,ON,MAXN_SUPER
2026-08-17 16:26:30.760813,4:16:35.620000,24,16,30,48,25,49,0.6420401795984094,0.011436529112005274,0,22.6,OFF,115200,499200,OFF,537600,OFF,115200,OFF,OFF,OFF,OFF,OFF,56.470588235294116,68.343,-256,-256,-256,68.343,66.468,66.875,66.687,68.343,7577,4224,17039,ON,MAXN_SUPER
2026-08-17 16:26:31.761693,4:16:36.620000,36,24,24,47,36,34,0.6438199373952479,0.011436529112005274,0,99.7,OFF,115200,499200,OFF,537600,OFF,115200,OFF,OFF,OFF,OFF,OFF,56.470588235294116,67.812,-256,-256,-256,68.687,66.5,66.968,66.906,68.687,7884,4377,17616,ON,MAXN_SUPER
2026-08-17 16:26:32.762735,4:16:37.620000,33,31,41,34,18,21,0.6498216134279798,0.011436529112005274,0,90.5,OFF,115200,499200,OFF,537600,OFF,115200,OFF,OFF,OFF,OFF,OFF,56.470588235294116,68.093,-256,-256,-256,68.343,66.625,67.0,66.937,68.343,7616,4262,17039,ON,MAXN_SUPER
2026-08-17 16:26:33.763776,4:16:38.620000,40,31,24,44,29,23,0.6466071633967597,0.011436529112005274,0,15.9,OFF,115200,499200,OFF,537600,OFF,115200,OFF,OFF,OFF,OFF,OFF,56.470588235294116,68.406,-256,-256,-256,68.625,66.656,67.156,66.968,68.625,7616,4224,17001,ON,MAXN_SUPER
2026-08-17 16:26:34.764820,4:16:39.620000,27,21,22,28,27,29,0.6471863805908837,0.011436529112005274,0,99.8,OFF,115200,499200,OFF,537600,OFF,115200,OFF,OFF,OFF,OFF,OFF,56.470588235294116,68.125,-256,-256,-256,68.812,66.593,67.218,66.968,68.812,7654,4339,17231,ON,MAXN_SUPER
2026-08-17 16:26:35.766184,4:16:40.620000,22,37,18,40,44,29,0.6505908220776233,0.011436529112005274,0,99.5,OFF,115200,499200,OFF,537600,OFF,115200,OFF,OFF,OFF,OFF,OFF,56.470588235294116,68.187,-256,-256,-256,68.5,66.656,67.187,67.031,68.5,7654,4262,17154,ON,MAXN_SUPER
2026-08-17 16:26:36.767056,4:16:41.620000,35,20,45,22,51,33,0.6452864660356896,0.011436529112005274,0,7.2,OFF,115200,499200,OFF,537600,OFF,115200,OFF,OFF,OFF,OFF,OFF,56.470588235294116,68.625,-256,-256,-256,68.468,66.75,67.281,67.031,68.625,7539,4224,16924,ON,MAXN_SUPER
2026-08-17 16:26:37.768191,4:16:42.620000,31,23,28,40,40,33,0.6450050732853528,0.011436529112005274,0,99.8,OFF,153600,499200,OFF,537600,OFF,115200,OFF,OFF,OFF,OFF,OFF,56.470588235294116,68.343,-256,-256,-256,68.906,66.906,67.156,67.093,69.187,7922,4339,17616,ON,MAXN_SUPER
2026-08-17 16:26:38.769504,4:16:43.620000,21,24,25,42,37,43,0.6469763630089717,0.011436529112005274,0,99.4,OFF,115200,499200,OFF,537600,OFF,115200,OFF,OFF,OFF,OFF,OFF,56.470588235294116,68.031,-256,-256,-256,68.625,66.937,67.218,67.062,68.625,7807,4300,17385,ON,MAXN_SUPER
2026-08-17 16:26:39.770887,4:16:44.620000,30,38,18,38,21,40,0.648588722928785,0.011436529112005274,0,44.2,OFF,115200,499200,OFF,537600,OFF,115200,OFF,OFF,OFF,OFF,OFF,56.470588235294116,68.625,-256,-256,-256,68.875,66.968,67.218,67.093,68.875,7692,4262,17231,ON,MAXN_SUPER
2026-08-17 16:26:40.771574,4:16:45.620000,40,17,17,19,74,19,0.6502873492392126,0.011436529112005274,0,99.7,OFF,115200,499200,OFF,537600,OFF,115200,OFF,OFF,OFF,OFF,OFF,56.470588235294116,68.437,-256,-256,-256,68.906,66.937,67.5,67.25,68.906,7884,4339,17578,ON,MAXN_SUPER
2026-08-17 16:26:41.772485,4:16:46.620000,22,42,26,28,31,42,0.656913429623057,0.011436529112005274,0,99.5,OFF,115200,499200,OFF,537600,OFF,115200,OFF,OFF,OFF,OFF,OFF,56.470588235294116,68.5,-256,-256,-256,68.718,66.906,67.375,67.343,68.718,7692,4300,17231,ON,MAXN_SUPER
2026-08-17 16:26:42.773351,4:16:47.620000,29,31,24,25,32,33,0.6526504321535378,0.011436529112005274,0,99.8,OFF,115200,499200,OFF,537600,OFF,115200,OFF,OFF,OFF,OFF,OFF,56.470588235294116,68.218,-256,-256,-256,69.312,66.968,67.343,67.281,69.312,7654,4339,17308,ON,MAXN_SUPER
2026-08-17 16:26:43.774381,4:16:48.620000,17,28,18,52,28,27,0.6577534999507049,0.011436529112005274,0,83.1,OFF,115200,499200,OFF,537600,OFF,115200,OFF,OFF,OFF,OFF,OFF,56.470588235294116,68.406,-256,-256,-256,68.531,67.125,67.312,67.281,68.531,7692,4300,17308,ON,MAXN_SUPER
2026-08-17 16:26:44.775872,4:16:49.620000,27,43,41,22,20,20,0.6568980249104472,0.011436529112005274,0,88.9,OFF,115200,499200,OFF,537600,OFF,115200,OFF,OFF,OFF,OFF,OFF,56.470588235294116,68.5,-256,-256,-256,69.375,67.125,67.437,67.375,69.375,7769,4300,17308,ON,MAXN_SUPER
2026-08-17 16:26:45.776600,4:16:50.620000,41,22,26,26,32,17,0.6575496442538368,0.011436529112005274,0,99.6,OFF,115200,499200,OFF,537600,OFF,115200,OFF,OFF,OFF,OFF,OFF,56.470588235294116,68.656,-256,-256,-256,69.343,67.062,67.625,67.437,69.343,7807,4377,17501,ON,MAXN_SUPER
2026-08-17 16:26:46.778468,4:16:51.620000,27,38,21,60,18,20,0.6578187132340859,0.011436529112005274,0,7.6,OFF,115200,499200,OFF,537600,OFF,115200,OFF,OFF,OFF,OFF,OFF,56.470588235294116,68.906,-256,-256,-256,69.281,67.125,67.656,67.375,69.281,7692,4262,17193,ON,MAXN_SUPER
2026-08-17 16:26:47.778671,4:16:52.620000,41,33,36,28,26,27,0.6596970611916264,0.011436529112005274,0,99.8,OFF,115200,499200,OFF,537600,OFF,115200,OFF,OFF,OFF,OFF,OFF,56.470588235294116,68.406,-256,-256,-256,69.25,67.156,67.562,67.437,69.25,7922,4339,17578,ON,MAXN_SUPER
2026-08-17 16:26:48.779965,4:16:53.620000,30,39,41,33,21,22,0.6621895436918729,0.011436529112005274,0,70.4,OFF,115200,499200,OFF,537600,OFF,115200,OFF,OFF,OFF,OFF,OFF,56.470588235294116,68.562,-256,-256,-256,68.75,67.312,67.562,67.5,68.75,7577,4300,17039,ON,MAXN_SUPER
2026-08-17 16:26:49.781866,4:16:54.620000,37,40,20,18,20,23,0.6604215961747018,0.011436529112005274,0,19.8,OFF,115200,499200,OFF,537600,OFF,115200,OFF,OFF,OFF,OFF,OFF,58.03921568627451,68.875,-256,-256,-256,68.875,67.375,67.593,67.437,68.875,7309,4231,16731,ON,MAXN_SUPER
2026-08-17 16:26:50.782167,4:16:55.620000,39,37,33,18,21,43,0.6631574731341812,0.011436529112005274,0,99.7,OFF,115200,499200,OFF,537600,OFF,115200,OFF,OFF,OFF,OFF,OFF,58.03921568627451,69.125,-256,-256,-256,69.406,67.281,67.625,67.531,69.406,7832,4377,17654,ON,MAXN_SUPER
2026-08-17 16:26:51.783319,4:16:56.620000,35,32,40,31,28,25,0.6685866073482533,0.011436529112005274,0,99.5,OFF,115200,499200,OFF,537600,OFF,115200,OFF,OFF,OFF,OFF,OFF,58.03921568627451,69.062,-256,-256,-256,69.093,67.343,67.781,67.562,69.093,7654,4300,17231,ON,MAXN_SUPER
2026-08-17 16:26:52.783890,4:16:57.620000,29,32,19,21,41,19,0.6658728104768478,0.011436529112005274,0,99.7,OFF,115200,499200,OFF,537600,OFF,115200,OFF,OFF,OFF,OFF,OFF,58.03921568627451,68.75,-256,-256,-256,69.625,67.343,67.781,67.562,69.375,7577,4339,17270,ON,MAXN_SUPER
2026-08-17 16:26:53.785137,4:16:58.620000,21,30,23,20,35,33,0.6680828732459168,0.011436529112005274,0,87.0,OFF,115200,499200,OFF,537600,OFF,115200,OFF,OFF,OFF,OFF,OFF,58.03921568627451,68.812,-256,-256,-256,69.656,67.343,67.687,67.687,69.656,7807,4339,17424,ON,MAXN_SUPER
2026-08-17 16:26:54.787148,4:16:59.620000,19,29,37,17,41,38,0.6685470685858884,0.011436529112005274,0,14.7,OFF,115200,499200,OFF,537600,OFF,115200,OFF,OFF,OFF,OFF,OFF,58.03921568627451,69.187,-256,-256,-256,68.75,67.312,67.781,67.593,69.187,7577,4262,17039,ON,MAXN_SUPER
2026-08-17 16:26:55.787045,4:17:00.620000,37,24,31,41,44,20,0.6697784186138224,0.011436529112005274,0,99.8,OFF,115200,499200,OFF,537600,OFF,115200,OFF,OFF,OFF,OFF,OFF,58.03921568627451,68.968,-256,-256,-256,69.531,67.406,67.656,67.625,69.531,7832,4300,17501,ON,MAXN_SUPER
2026-08-17 16:26:56.788076,4:17:01.620000,34,31,44,27,29,19,0.6703242589306254,0.011436529112005274,0,99.6,OFF,115200,499200,OFF,537600,OFF,115200,OFF,OFF,OFF,OFF,OFF,58.03921568627451,68.812,-256,-256,-256,69.312,67.375,67.875,67.625,69.156,7769,4300,17347,ON,MAXN_SUPER
2026-08-17 16:26:57.789203,4:17:02.620000,23,16,19,30,41,48,0.6712285155608136,0.011436529112005274,0,12.0,OFF,115200,499200,OFF,537600,OFF,115200,OFF,OFF,OFF,OFF,OFF,58.03921568627451,69.156,-256,-256,-256,69.156,67.468,67.906,67.718,69.156,7539,4224,16962,ON,MAXN_SUPER
2026-08-17 16:26:58.790255,4:17:03.620000,34,24,21,29,31,45,0.6701317000230044,0.011436529112005274,0,20.1,OFF,115200,499200,OFF,537600,OFF,115200,OFF,OFF,OFF,OFF,OFF,58.03921568627451,68.937,-256,-256,-256,69.25,67.437,67.906,67.656,69.25,7424,4185,16731,ON,MAXN_SUPER
2026-08-17 16:26:59.792469,4:17:04.620000,23,39,26,29,40,27,0.6715437986788918,0.011436529112005274,0,89.8,OFF,115200,499200,OFF,537600,OFF,115200,OFF,OFF,OFF,OFF,OFF,58.03921568627451,69.093,-256,-256,-256,69.437,67.562,67.781,67.75,69.437,7501,4185,16885,ON,MAXN_SUPER
2026-08-17 16:27:00.793314,4:17:05.620000,31,48,49,22,23,17,0.6701060255019883,0.011436529112005274,0,84.2,OFF,115200,499200,OFF,537600,OFF,115200,OFF,OFF,OFF,OFF,OFF,58.03921568627451,69.062,-256,-256,-256,69.593,67.562,67.875,67.656,69.593,7463,4147,16808,ON,MAXN_SUPER
2026-08-17 16:27:01.794024,4:17:06.620000,46,48,18,17,16,39,0.6695524828288804,0.011436529112005274,0,88.8,OFF,115200,499200,OFF,537600,OFF,115200,OFF,OFF,OFF,OFF,OFF,58.03921568627451,69.125,-256,-256,-256,69.5,67.468,67.843,67.75,69.5,7463,4185,16808,ON,MAXN_SUPER
2026-08-17 16:27:02.794625,4:17:07.620000,25,48,30,20,27,36,0.6702682884748102,0.011436529112005274,0,87.6,OFF,115200,499200,OFF,537600,OFF,115200,OFF,OFF,OFF,OFF,OFF,58.03921568627451,69.343,-256,-256,-256,69.562,67.468,68.093,67.656,69.687,7501,4185,16847,ON,MAXN_SUPER
2026-08-17 16:27:03.796557,4:17:08.620000,30,21,28,35,26,37,0.6715160701961944,0.011436529112005274,0,35.9,OFF,115200,499200,OFF,537600,OFF,115200,OFF,OFF,OFF,OFF,OFF,58.03921568627451,69.156,-256,-256,-256,69.781,67.468,67.906,67.812,69.781,7360,4154,16577,ON,MAXN_SUPER
2026-08-17 16:27:04.797293,4:17:09.620000,19,30,42,29,40,33,0.6713188898747905,0.011436529112005274,0,78.3,OFF,115200,499200,OFF,537600,OFF,115200,OFF,OFF,OFF,OFF,OFF,58.03921568627451,69.031,-256,-256,-256,69.5,67.593,67.906,67.843,69.625,7616,4224,16924,ON,MAXN_SUPER
2026-08-17 16:27:05.797899,4:17:10.620000,36,30,50,25,21,31,0.6705599510335535,0.011436529112005274,0,96.5,OFF,115200,499200,OFF,537600,OFF,115200,OFF,OFF,OFF,OFF,OFF,58.03921568627451,68.875,-256,-256,-256,69.625,67.625,67.906,67.843,69.625,7539,4185,16924,ON,MAXN_SUPER
2026-08-17 16:27:06.798969,4:17:11.620000,43,26,19,22,49,34,0.6713764008018667,0.011436529112005274,0,29.4,OFF,115200,499200,OFF,537600,OFF,115200,OFF,OFF,OFF,OFF,OFF,58.03921568627451,69.125,-256,-256,-256,69.562,67.656,67.937,67.812,69.562,7398,4154,16577,ON,MAXN_SUPER
2026-08-17 16:27:07.800140,4:17:12.620000,35,21,22,46,17,30,0.6722231465049788,0.011436529112005274,0,14.9,OFF,115200,499200,OFF,537600,OFF,115200,OFF,OFF,OFF,OFF,OFF,58.03921568627451,69.375,-256,-256,-256,69.406,67.562,67.875,67.843,69.406,7283,4154,16567,ON,MAXN_SUPER
2026-08-17 16:27:08.801511,4:17:13.620000,29,38,25,40,28,32,0.6733584738243124,0.011436529112005274,0,11.8,OFF,115200,499200,OFF,537600,OFF,115200,OFF,OFF,OFF,OFF,OFF,58.03921568627451,69.156,-256,-256,-256,68.875,67.593,68.093,67.875,69.156,7322,4154,16528,ON,MAXN_SUPER
2026-08-17 16:27:09.802411,4:17:14.620000,15,21,41,18,39,31,0.6758170659568176,0.011436529112005274,0,9.4,OFF,115200,499200,OFF,537600,OFF,115200,OFF,OFF,OFF,OFF,OFF,58.03921568627451,69.468,-256,-256,-256,69.125,67.656,68.0,67.937,69.468,7283,4192,16605,ON,MAXN_SUPER
2026-08-17 16:27:10.803268,4:17:15.630000,47,17,36,21,23,33,0.6750853421078576,0.011436529112005274,0,34.1,OFF,115200,499200,OFF,537600,OFF,115200,OFF,OFF,OFF,OFF,OFF,58.03921568627451,69.406,-256,-256,-256,69.125,67.593,67.968,67.937,69.406,7207,4154,16489,ON,MAXN_SUPER
2026-08-17 16:27:11.804751,4:17:16.630000,39,48,27,31,20,21,0.6776373894968616,0.011436529112005274,0,42.6,OFF,115200,499200,OFF,537600,OFF,115200,OFF,OFF,OFF,OFF,OFF,58.03921568627451,69.093,-256,-256,-256,69.156,67.75,67.937,67.906,69.156,7322,4192,16682,ON,MAXN_SUPER
2026-08-17 16:27:12.805461,4:17:17.630000,23,21,15,18,50,56,0.677066901639883,0.011436529112005274,0,95.8,OFF,115200,499200,OFF,537600,OFF,115200,OFF,OFF,OFF,OFF,OFF,58.03921568627451,69.031,-256,-256,-256,69.312,67.687,67.968,67.843,69.312,7386,4231,16759,ON,MAXN_SUPER
2026-08-17 16:27:13.806900,4:17:18.630000,37,28,39,28,20,33,0.6724829726576621,0.011436529112005274,0,99.6,OFF,115200,499200,OFF,537600,OFF,115200,OFF,OFF,OFF,OFF,OFF,58.03921568627451,69.437,-256,-256,-256,69.656,67.718,68.156,67.937,69.656,7577,4262,17001,ON,MAXN_SUPER
2026-08-17 16:27:14.808296,4:17:19.630000,20,21,27,21,33,50,0.6725281598146505,0.011436529112005274,0,99.8,OFF,128000,499200,OFF,537600,OFF,115200,OFF,OFF,OFF,OFF,OFF,58.03921568627451,68.906,-256,-256,-256,69.937,67.531,68.062,68.0,69.937,7654,4262,17116,ON,MAXN_SUPER
2026-08-17 16:27:15.808970,4:17:20.630000,33,36,40,27,26,32,0.6716336595024484,0.011436529112005274,0,99.8,OFF,115200,499200,OFF,537600,OFF,115200,OFF,OFF,OFF,OFF,OFF,58.03921568627451,69.093,-256,-256,-256,69.687,67.656,68.062,68.093,69.687,7577,4185,17039,ON,MAXN_SUPER
2026-08-17 16:27:16.810253,4:17:21.630000,31,42,27,54,15,17,0.6723474111866969,0.011436529112005274,0,99.8,OFF,115200,499200,OFF,537600,OFF,115200,OFF,OFF,OFF,OFF,OFF,58.03921568627451,69.25,-256,-256,-256,69.812,67.687,68.062,67.937,69.812,7501,4185,16885,ON,MAXN_SUPER
2026-08-17 16:27:17.811288,4:17:22.630000,29,47,16,34,28,29,0.6726139127148444,0.011436529112005274,0,93.4,OFF,115200,499200,OFF,537600,OFF,115200,OFF,OFF,OFF,OFF,OFF,58.03921568627451,69.312,-256,-256,-256,69.781,67.718,68.093,67.968,69.781,7437,4185,16731,ON,MAXN_SUPER
2026-08-17 16:27:18.813010,4:17:23.630000,33,47,39,17,35,21,0.6716434158204344,0.011436529112005274,0,18.9,OFF,115200,499200,OFF,537600,OFF,115200,OFF,OFF,OFF,OFF,OFF,58.03921568627451,69.75,-256,-256,-256,69.656,67.718,68.093,68.031,69.75,7360,4154,16682,ON,MAXN_SUPER
2026-08-17 16:27:19.813790,4:17:24.630000,47,27,22,50,21,18,0.6725641041440731,0.011436529112005274,0,93.4,OFF,179200,499200,OFF,537600,OFF,115200,OFF,OFF,OFF,OFF,OFF,58.03921568627451,69.281,-256,-256,-256,70.0,67.875,68.218,68.062,70.0,7692,4262,17193,ON,MAXN_SUPER
2026-08-17 16:27:20.814632,4:17:25.630000,38,17,29,15,37,49,0.6722477940451543,0.011436529112005274,0,99.7,OFF,115200,499200,OFF,537600,OFF,115200,OFF,OFF,OFF,OFF,OFF,58.03921568627451,69.093,-256,-256,-256,69.937,67.687,68.187,68.156,69.937,7730,4300,17385,ON,MAXN_SUPER
2026-08-17 16:27:21.815873,4:17:26.630000,42,28,21,17,36,25,0.674652983173946,0.011436529112005274,0,99.6,OFF,115200,499200,OFF,537600,OFF,115200,OFF,OFF,OFF,OFF,OFF,58.03921568627451,69.187,-256,-256,-256,69.5,67.906,68.156,68.187,69.5,7616,4300,17116,ON,MAXN_SUPER
2026-08-17 16:27:22.816933,4:17:27.630000,26,37,18,32,32,51,0.6728131469979296,0.011436529112005274,0,8.3,OFF,115200,499200,OFF,537600,OFF,115200,OFF,OFF,OFF,OFF,OFF,58.03921568627451,69.687,-256,-256,-256,69.5,67.843,68.343,68.156,69.687,7424,4185,16808,ON,MAXN_SUPER
2026-08-17 16:27:23.817940,4:17:28.630000,48,38,27,32,28,28,0.6711930847218114,0.011436529112005274,0,18.4,OFF,115200,499200,OFF,537600,OFF,115200,OFF,OFF,OFF,OFF,OFF,58.03921568627451,69.906,-256,-256,-256,69.531,67.937,68.281,68.093,69.906,7501,4185,16885,ON,MAXN_SUPER
2026-08-17 16:27:24.819712,4:17:29.630000,45,26,19,27,30,34,0.6730200836373197,0.011436529112005274,0,18.8,OFF,115200,499200,OFF,537600,OFF,115200,OFF,OFF,OFF,OFF,OFF,58.03921568627451,69.812,-256,-256,-256,69.593,67.843,68.218,68.031,69.812,7245,4154,16528,ON,MAXN_SUPER
2026-08-17 16:27:25.820557,4:17:30.630000,27,35,28,29,40,28,0.6716921974103651,0.011436529112005274,0,18.4,OFF,115200,499200,OFF,537600,OFF,115200,OFF,OFF,OFF,OFF,OFF,58.03921568627451,69.687,-256,-256,-256,69.656,67.812,68.375,68.156,69.687,7501,4185,16885,ON,MAXN_SUPER
2026-08-17 16:27:26.821920,4:17:31.630000,26,27,28,19,62,24,0.672420840316803,0.011436529112005274,0,12.8,OFF,115200,499200,OFF,537600,OFF,115200,OFF,OFF,OFF,OFF,OFF,58.03921568627451,69.843,-256,-256,-256,69.593,67.906,68.312,68.312,69.843,7360,4147,16654,ON,MAXN_SUPER
2026-08-17 16:27:27.822686,4:17:32.630000,18,31,30,28,31,39,0.6713553476946335,0.011436529112005274,0,15.1,OFF,115200,499200,OFF,537600,OFF,115200,OFF,OFF,OFF,OFF,OFF,58.03921568627451,69.875,-256,-256,-256,69.531,67.843,68.281,68.218,69.875,7348,4185,16731,ON,MAXN_SUPER
2026-08-17 16:27:28.824001,4:17:33.630000,40,22,28,36,28,27,0.6724834861480824,0.011436529112005274,0,19.2,OFF,115200,499200,OFF,537600,OFF,115200,OFF,OFF,OFF,OFF,OFF,58.03921568627451,69.625,-256,-256,-256,69.656,68.031,68.281,68.187,69.656,7360,4185,16654,ON,MAXN_SUPER
2026-08-17 16:27:29.825555,4:17:34.630000,34,20,39,29,27,30,0.6711982196260147,0.011436529112005274,0,19.3,OFF,115200,499200,OFF,537600,OFF,115200,OFF,OFF,OFF,OFF,OFF,58.03921568627451,69.781,-256,-256,-256,69.687,68.0,68.375,68.187,69.781,7386,4192,16693,ON,MAXN_SUPER
2026-08-17 16:27:30.826317,4:17:35.630000,29,29,27,23,50,31,0.671152518978606,0.011436529112005274,0,19.1,OFF,115200,499200,OFF,537600,OFF,115200,OFF,OFF,OFF,OFF,OFF,58.03921568627451,69.875,-256,-256,-256,69.812,68.093,68.312,68.281,69.812,7424,4185,16770,ON,MAXN_SUPER
2026-08-17 16:27:31.826924,4:17:36.630000,31,21,61,14,19,31,0.6724968368990109,0.011436529112005274,0,17.6,OFF,115200,499200,OFF,537600,OFF,115200,OFF,OFF,OFF,OFF,OFF,58.03921568627451,69.75,-256,-256,-256,69.781,68.031,68.437,68.343,69.781,7386,4185,16770,ON,MAXN_SUPER
2026-08-17 16:27:32.828051,4:17:37.630000,44,25,16,25,37,30,0.674748492392126,0.011436529112005274,0,26.8,OFF,115200,499200,OFF,537600,OFF,115200,OFF,OFF,OFF,OFF,OFF,58.03921568627451,69.656,-256,-256,-256,69.218,67.968,68.406,68.343,69.656,7207,4154,16451,ON,MAXN_SUPER
2026-08-17 16:27:33.829432,4:17:38.630000,25,22,24,23,35,48,0.6771536815209176,0.011436529112005274,0,70.4,OFF,115200,499200,OFF,537600,OFF,115200,OFF,OFF,OFF,OFF,OFF,58.03921568627451,69.218,-256,-256,-256,69.406,68.062,68.343,68.218,69.406,7309,4192,16616,ON,MAXN_SUPER
2026-08-17 16:27:34.831097,4:17:39.630000,33,27,17,18,32,53,0.6732460194222617,0.011436529112005274,0,99.5,OFF,115200,499200,OFF,537600,OFF,115200,OFF,OFF,OFF,OFF,OFF,58.03921568627451,69.656,-256,-256,-256,70.125,68.156,68.437,68.343,70.125,7501,4262,16885,ON,MAXN_SUPER
2026-08-17 16:27:35.831856,4:17:40.630000,51,29,30,28,32,36,0.6725517803739853,0.011436529112005274,0,99.7,OFF,115200,499200,OFF,537600,OFF,115200,OFF,OFF,OFF,OFF,OFF,58.03921568627451,69.562,-256,-256,-256,70.156,68.125,68.375,68.406,70.156,7769,4262,17347,ON,MAXN_SUPER
2026-08-17 16:27:36.832541,4:17:41.630000,29,44,30,20,28,17,0.6725502399027243,0.011436529112005274,0,99.6,OFF,115200,499200,OFF,537600,OFF,115200,OFF,OFF,OFF,OFF,OFF,58.03921568627451,69.718,-256,-256,-256,70.093,68.125,68.406,68.406,70.093,7654,4339,17231,ON,MAXN_SUPER
2026-08-17 16:27:37.833738,4:17:42.630000,31,25,24,43,20,24,0.6733004494068159,0.011436529112005274,0,4.3,OFF,115200,499200,OFF,537600,OFF,115200,OFF,OFF,OFF,OFF,OFF,58.03921568627451,69.875,-256,-256,-256,69.406,68.187,68.343,68.281,69.875,7207,4185,16567,ON,MAXN_SUPER
2026-08-17 16:27:38.835093,4:17:43.640000,37,30,34,26,40,31,0.668923457063985,0.011436529112005274,0,10.8,OFF,115200,499200,OFF,537600,OFF,115200,OFF,OFF,OFF,OFF,OFF,58.03921568627451,69.968,-256,-256,-256,69.687,68.093,68.406,68.343,69.968,7501,4262,16962,ON,MAXN_SUPER
2026-08-17 16:27:39.835998,4:17:44.640000,32,31,17,18,22,34,0.6754031926780374,0.011436529112005274,0,99.5,OFF,115200,499200,OFF,537600,OFF,115200,OFF,OFF,OFF,OFF,OFF,58.03921568627451,70.0,-256,-256,-256,69.968,68.062,68.593,68.468,70.125,8061,4485,17971,ON,MAXN_SUPER
2026-08-17 16:27:40.837788,4:17:45.640000,27,31,22,29,35,31,0.6801878964146045,0.011436529112005274,0,98.8,OFF,115200,499200,OFF,537600,OFF,115200,OFF,OFF,OFF,OFF,OFF,58.03921568627451,69.781,-256,-256,-256,69.968,68.156,68.531,68.562,69.968,7794,4377,17433,ON,MAXN_SUPER
2026-08-17 16:27:41.838881,4:17:46.640000,28,36,27,34,39,20,0.6769472583719478,0.011436529112005274,0,72.1,OFF,115200,499200,OFF,537600,OFF,115200,OFF,OFF,OFF,OFF,OFF,58.03921568627451,69.937,-256,-256,-256,70.125,68.25,68.625,68.468,70.125,7654,4262,17116,ON,MAXN_SUPER
2026-08-17 16:27:42.839523,4:17:47.640000,30,22,24,25,39,26,0.6790099493903842,0.011436529112005274,0,78.9,OFF,115200,499200,OFF,537600,OFF,115200,OFF,OFF,OFF,OFF,OFF,58.03921568627451,70.0,-256,-256,-256,70.312,68.281,68.625,68.531,70.312,7832,4408,17548,ON,MAXN_SUPER
2026-08-17 16:27:43.842310,4:17:48.640000,21,44,31,35,29,21,0.6842213636662394,0.011436529112005274,0,99.5,OFF,115200,499200,OFF,537600,OFF,115200,OFF,OFF,OFF,OFF,OFF,58.03921568627451,70.031,-256,-256,-256,69.812,68.218,68.531,68.5,69.906,7501,4262,16962,ON,MAXN_SUPER
2026-08-17 16:27:44.841749,4:17:49.640000,39,22,26,26,20,21,0.6728146874691906,0.011436529112005274,0,25.7,OFF,192000,499200,OFF,537600,OFF,115200,OFF,OFF,OFF,OFF,OFF,58.03921568627451,69.687,-256,-256,-256,70.312,68.343,68.593,68.625,70.312,7539,4300,16962,ON,MAXN_SUPER
2026-08-17 16:27:45.842895,4:17:50.640000,26,37,18,27,42,32,0.674438344178251,0.011436529112005274,0,96.6,OFF,115200,499200,OFF,537600,OFF,115200,OFF,OFF,OFF,OFF,OFF,58.03921568627451,69.968,-256,-256,-256,70.281,68.312,68.593,68.531,70.281,7832,4300,17424,ON,MAXN_SUPER
2026-08-17 16:27:46.844452,4:17:51.640000,24,21,39,27,27,34,0.6772219757468204,0.011436529112005274,0,99.5,OFF,115200,499200,OFF,537600,OFF,115200,OFF,OFF,OFF,OFF,OFF,58.03921568627451,69.906,-256,-256,-256,70.062,68.343,68.781,68.593,70.062,7692,4339,17270,ON,MAXN_SUPER
2026-08-17 16:27:47.845239,4:17:52.650000,24,29,56,32,27,20,0.675857631700023,0.011436529112005274,0,22.4,OFF,115200,499200,OFF,537600,OFF,115200,OFF,OFF,OFF,OFF,OFF,58.03921568627451,70.125,-256,-256,-256,70.437,68.437,68.656,68.625,70.437,7692,4300,17231,ON,MAXN_SUPER
2026-08-17 16:27:48.846467,4:17:53.650000,35,23,34,25,24,25,0.6738046969995728,0.011436529112005274,0,99.7,OFF,115200,499200,OFF,537600,OFF,115200,OFF,OFF,OFF,OFF,OFF,58.03921568627451,69.781,-256,-256,-256,70.531,68.218,68.718,68.656,70.531,7832,4370,17510,ON,MAXN_SUPER
2026-08-17 16:27:49.847395,4:17:54.650000,27,23,28,28,44,19,0.6746350110092346,0.011436529112005274,0,99.7,OFF,115200,499200,OFF,537600,OFF,115200,OFF,OFF,OFF,OFF,OFF,58.03921568627451,69.656,-256,-256,-256,70.531,68.218,68.75,68.656,70.531,7577,4339,17193,ON,MAXN_SUPER
2026-08-17 16:27:50.849079,4:17:55.650000,47,20,26,45,20,30,0.6821242687896415,0.011436529112005274,0,19.3,OFF,115200,499200,OFF,537600,OFF,115200,OFF,OFF,OFF,OFF,OFF,58.03921568627451,69.656,-256,-256,-256,69.781,68.5,68.656,68.593,69.781,7424,4224,16770,ON,MAXN_SUPER
2026-08-17 16:27:51.849817,4:17:56.650000,42,28,22,21,46,27,0.6744095887147129,0.011436529112005274,0,31.0,OFF,115200,499200,OFF,537600,OFF,115200,OFF,OFF,OFF,OFF,OFF,58.03921568627451,70.093,-256,-256,-256,70.0,68.5,68.75,68.625,70.093,7386,4224,16808,ON,MAXN_SUPER
2026-08-17 16:27:52.851176,4:17:57.650000,23,26,21,18,41,53,0.6754494068158664,0.011436529112005274,0,89.5,OFF,115200,499200,OFF,537600,OFF,115200,OFF,OFF,OFF,OFF,OFF,58.03921568627451,69.968,-256,-256,-256,70.468,68.437,68.718,68.625,70.468,7577,4262,17001,ON,MAXN_SUPER
2026-08-17 16:27:53.851808,4:17:58.650000,22,30,21,25,41,27,0.6768979632915968,0.011436529112005274,0,99.7,OFF,115200,499200,OFF,537600,OFF,115200,OFF,OFF,OFF,OFF,OFF,58.03921568627451,70.125,-256,-256,-256,70.5,68.406,68.687,68.625,70.5,7845,4339,17395,ON,MAXN_SUPER
2026-08-17 16:27:54.852852,4:17:59.650000,27,40,26,22,30,23,0.6775444477307832,0.011436529112005274,0,99.6,OFF,115200,499200,OFF,537600,OFF,115200,OFF,OFF,OFF,OFF,OFF,58.03921568627451,69.968,-256,-256,-256,70.75,68.406,68.687,68.718,70.75,7870,4331,17510,ON,MAXN_SUPER
2026-08-17 16:27:55.855024,4:18:00.650000,20,39,17,20,38,45,0.6833484299516909,0.011436529112005274,0,33.3,OFF,115200,499200,OFF,537600,OFF,115200,OFF,OFF,OFF,OFF,OFF,58.03921568627451,69.812,-256,-256,-256,69.875,68.468,68.843,68.75,69.875,7463,4262,16885,ON,MAXN_SUPER
2026-08-17 16:27:56.855350,4:18:01.660000,43,18,22,41,25,29,0.6757626359722633,0.011436529112005274,0,42.8,OFF,115200,499200,OFF,537600,OFF,115200,OFF,OFF,OFF,OFF,OFF,58.03921568627451,70.312,-256,-256,-256,70.375,68.437,68.781,68.718,70.375,7616,4300,17154,ON,MAXN_SUPER
2026-08-17 16:27:57.856269,4:18:02.660000,21,18,24,50,20,49,0.6732501273456243,0.011436529112005274,0,99.7,OFF,115200,499200,OFF,537600,OFF,115200,OFF,OFF,OFF,OFF,OFF,58.03921568627451,70.125,-256,-256,-256,70.625,68.437,68.812,68.812,70.625,7870,4370,17664,ON,MAXN_SUPER
2026-08-17 16:27:58.857472,4:18:03.660000,24,25,27,17,30,42,0.6700156511880114,0.011436529112005274,0,99.8,OFF,115200,499200,OFF,537600,OFF,115200,OFF,OFF,OFF,OFF,OFF,58.03921568627451,70.031,-256,-256,-256,70.843,68.343,68.843,68.75,70.843,7756,4377,17395,ON,MAXN_SUPER
2026-08-17 16:27:59.859383,4:18:04.660000,33,18,22,38,40,24,0.6723304660028262,0.011436529112005274,0,7.0,OFF,115200,499200,OFF,537600,OFF,115200,OFF,OFF,OFF,OFF,OFF,58.03921568627451,70.25,-256,-256,-256,70.281,68.406,68.906,68.656,70.468,7577,4300,17116,ON,MAXN_SUPER
2026-08-17 16:28:00.859984,4:18:05.660000,33,43,28,31,28,22,0.6692834138486312,0.011436529112005274,0,37.7,OFF,115200,499200,OFF,537600,OFF,115200,OFF,OFF,OFF,OFF,OFF,58.03921568627451,70.281,-256,-256,-256,70.5,68.437,68.875,68.906,70.5,7539,4224,17001,ON,MAXN_SUPER
2026-08-17 16:28:01.861013,4:18:06.660000,32,19,19,17,73,28,0.6698831706595682,0.011436529112005274,0,99.8,OFF,115200,499200,OFF,537600,OFF,115200,OFF,OFF,OFF,OFF,OFF,58.03921568627451,70.25,-256,-256,-256,70.625,68.625,68.875,68.843,70.625,7832,4293,17510,ON,MAXN_SUPER
2026-08-17 16:28:02.862181,4:18:07.660000,20,24,43,20,44,30,0.6721717974629465,0.011436529112005274,0,99.5,OFF,115200,499200,OFF,537600,OFF,115200,OFF,OFF,OFF,OFF,OFF,58.03921568627451,70.562,-256,-256,-256,70.187,68.687,68.812,68.812,70.562,7692,4300,17193,ON,MAXN_SUPER
2026-08-17 16:28:03.864173,4:18:08.660000,29,37,29,29,26,37,0.6778494610404548,0.011436529112005274,0,8.7,OFF,115200,499200,OFF,537600,OFF,115200,OFF,OFF,OFF,OFF,OFF,58.03921568627451,70.531,-256,-256,-256,70.218,68.531,68.906,68.906,70.531,7616,4262,17193,ON,MAXN_SUPER
2026-08-17 16:28:04.864518,4:18:09.670000,28,37,20,38,35,20,0.6706236238456735,0.011436529112005274,0,50.7,OFF,153600,499200,OFF,537600,OFF,115200,OFF,OFF,OFF,OFF,OFF,58.03921568627451,70.375,-256,-256,-256,70.531,68.656,68.968,68.812,70.531,7501,4262,16962,ON,MAXN_SUPER
2026-08-17 16:28:05.865438,4:18:10.670000,33,32,35,24,29,54,0.6721646085970621,0.011436529112005274,0,99.8,OFF,115200,499200,OFF,537600,OFF,115200,OFF,OFF,OFF,OFF,OFF,58.03921568627451,70.375,-256,-256,-256,70.718,68.656,68.843,68.812,70.718,7947,4331,17625,ON,MAXN_SUPER
2026-08-17 16:28:06.867438,4:18:11.670000,29,28,19,48,21,22,0.6729307363041835,0.011436529112005274,0,99.6,OFF,115200,499200,OFF,537600,OFF,115200,OFF,OFF,OFF,OFF,OFF,58.03921568627451,70.062,-256,-256,-256,70.593,68.593,68.968,68.968,70.593,7577,4339,17193,ON,MAXN_SUPER
2026-08-17 16:28:07.867794,4:18:12.670000,41,40,42,24,19,22,0.6756542894935752,0.011436529112005274,0,77.9,OFF,128000,499200,OFF,537600,OFF,115200,OFF,OFF,OFF,OFF,OFF,58.03921568627451,70.718,-256,-256,-256,70.625,68.625,69.062,68.875,70.718,7756,4300,17385,ON,MAXN_SUPER
2026-08-17 16:28:08.869079,4:18:13.670000,30,39,27,37,41,27,0.6775875809260903,0.011436529112005274,0,96.6,OFF,115200,499200,OFF,537600,OFF,115200,OFF,OFF,OFF,OFF,OFF,58.03921568627451,70.437,-256,-256,-256,70.718,68.75,68.937,68.937,70.718,7832,4293,17433,ON,MAXN_SUPER
2026-08-17 16:28:09.869808,4:18:14.670000,26,25,59,24,23,22,0.6773313492063492,0.011436529112005274,0,99.6,OFF,115200,499200,OFF,537600,OFF,115200,OFF,OFF,OFF,OFF,OFF,58.03921568627451,70.75,-256,-256,-256,70.968,68.812,68.968,69.0,70.968,7870,4370,17587,ON,MAXN_SUPER
2026-08-17 16:28:10.871755,4:18:15.670000,35,30,33,53,17,20,0.6782510105491472,0.011436529112005274,0,6.8,OFF,115200,499200,OFF,537600,OFF,115200,OFF,OFF,OFF,OFF,OFF,58.03921568627451,70.687,-256,-256,-256,70.781,68.781,69.031,69.093,70.781,7654,4300,17231,ON,MAXN_SUPER
2026-08-17 16:28:11.872165,4:18:16.670000,30,53,19,23,48,21,0.6794828740675014,0.011436529112005274,0,53.8,OFF,115200,499200,OFF,537600,OFF,115200,OFF,OFF,OFF,OFF,OFF,58.03921568627451,70.125,-256,-256,-256,70.781,68.906,69.0,69.031,70.781,7654,4262,17193,ON,MAXN_SUPER
2026-08-17 16:28:12.874053,4:18:17.670000,38,27,42,29,24,19,0.6805683928160636,0.011436529112005274,0,99.6,OFF,115200,499200,OFF,537600,OFF,115200,OFF,OFF,OFF,OFF,OFF,58.03921568627451,70.5,-256,-256,-256,70.937,68.718,69.093,69.125,70.937,7985,4408,17702,ON,MAXN_SUPER
2026-08-17 16:28:13.874487,4:18:18.680000,30,30,41,29,33,30,0.6817838246409675,0.011436529112005274,0,18.8,OFF,179200,499200,OFF,537600,OFF,115200,OFF,OFF,OFF,OFF,OFF,58.03921568627451,70.718,-256,-256,-256,70.531,68.781,69.125,69.062,70.531,7730,4262,17270,ON,MAXN_SUPER
2026-08-17 16:28:14.875503,4:18:19.680000,31,38,18,49,22,36,0.6831266020901114,0.011436529112005274,0,99.8,OFF,115200,499200,OFF,537600,OFF,115200,OFF,OFF,OFF,OFF,OFF,58.03921568627451,70.437,-256,-256,-256,71.031,68.75,69.187,69.156,71.031,7985,4370,17664,ON,MAXN_SUPER
2026-08-17 16:28:15.876602,4:18:20.680000,23,21,29,17,45,41,0.6895647449801177,0.011436529112005274,0,99.5,OFF,115200,499200,OFF,537600,OFF,115200,OFF,OFF,OFF,OFF,OFF,58.03921568627451,70.125,-256,-256,-256,70.343,68.781,69.218,69.0,70.343,7616,4300,17154,ON,MAXN_SUPER
2026-08-17 16:28:16.878816,4:18:21.680000,27,25,60,21,26,20,0.691918585066877,0.011436529112005274,0,74.0,OFF,115200,499200,OFF,537600,OFF,115200,OFF,OFF,OFF,OFF,OFF,58.03921568627451,70.937,-256,-256,-256,70.156,68.75,69.125,69.062,70.937,7348,4262,16731,ON,MAXN_SUPER
2026-08-17 16:28:17.878912,4:18:22.680000,36,30,28,39,20,22,0.6762638026224983,0.011436529112005274,0,42.0,OFF,115200,499200,OFF,537600,OFF,115200,OFF,OFF,OFF,OFF,OFF,58.03921568627451,70.5,-256,-256,-256,70.875,68.781,69.156,69.031,70.875,7539,4262,17039,ON,MAXN_SUPER
2026-08-17 16:28:18.880254,4:18:23.680000,40,32,38,37,22,18,0.6794340924775707,0.011436529112005274,0,98.3,OFF,115200,499200,OFF,537600,OFF,115200,OFF,OFF,OFF,OFF,OFF,58.03921568627451,70.375,-256,-256,-256,71.062,69.0,69.156,69.125,71.062,7756,4370,17395,ON,MAXN_SUPER
2026-08-17 16:28:19.881883,4:18:24.680000,28,17,18,28,36,30,0.6804780185020868,0.011436529112005274,0,99.6,OFF,115200,499200,OFF,537600,OFF,115200,OFF,OFF,OFF,OFF,OFF,58.03921568627451,70.375,-256,-256,-256,70.718,68.906,69.093,69.156,70.718,7679,4331,17347,ON,MAXN_SUPER
2026-08-17 16:28:20.882482,4:18:25.690000,23,18,20,25,31,22,0.682712215320911,0.011436529112005274,0,16.1,OFF,166400,499200,OFF,537600,OFF,115200,OFF,OFF,OFF,OFF,OFF,58.03921568627451,70.906,-256,-256,-256,70.812,68.875,69.187,69.156,70.812,7424,4262,16885,ON,MAXN_SUPER
2026-08-17 16:28:21.883366,4:18:26.690000,38,38,32,37,25,18,0.6853089363764829,0.011436529112005274,0,96.7,OFF,115200,499200,OFF,537600,OFF,115200,OFF,OFF,OFF,OFF,OFF,58.03921568627451,70.687,-256,-256,-256,70.937,68.875,69.281,69.093,70.937,7730,4300,17203,ON,MAXN_SUPER
2026-08-17 16:28:22.884537,4:18:27.690000,43,35,37,15,17,29,0.6854249852114759,0.011436529112005274,0,99.7,OFF,115200,499200,OFF,537600,OFF,115200,OFF,OFF,OFF,OFF,OFF,58.03921568627451,70.781,-256,-256,-256,71.062,69.0,69.25,69.125,71.062,7870,4370,17510,ON,MAXN_SUPER
2026-08-17 16:28:23.885695,4:18:28.690000,23,23,32,53,26,33,0.6919493944920964,0.011436529112005274,0,75.8,OFF,115200,499200,OFF,537600,OFF,115200,OFF,OFF,OFF,OFF,OFF,58.03921568627451,70.562,-256,-256,-256,70.406,68.906,69.281,69.093,70.781,7501,4262,16962,ON,MAXN_SUPER
2026-08-17 16:28:24.887182,4:18:29.690000,45,28,21,27,28,22,0.6878157966084985,0.011436529112005274,0,6.6,OFF,115200,499200,OFF,537600,OFF,115200,OFF,OFF,OFF,OFF,OFF,58.03921568627451,70.906,-256,-256,-256,70.531,68.906,69.343,69.156,70.906,7386,4224,16770,ON,MAXN_SUPER
2026-08-17 16:28:25.888607,4:18:30.690000,15,22,20,15,45,64,0.6865146118834007,0.011436529112005274,0,3.5,OFF,115200,499200,OFF,537600,OFF,115200,OFF,OFF,OFF,OFF,OFF,58.03921568627451,70.625,-256,-256,-256,70.718,68.812,69.25,69.093,70.625,7348,4185,16693,ON,MAXN_SUPER
2026-08-17 16:28:26.889485,4:18:31.690000,27,34,16,33,45,26,0.6859148550724637,0.011436529112005274,0,19.2,OFF,115200,499200,OFF,537600,OFF,115200,OFF,OFF,OFF,OFF,OFF,58.03921568627451,70.843,-256,-256,-256,70.625,68.843,69.25,69.125,70.843,7348,4185,16616,ON,MAXN_SUPER
2026-08-17 16:28:27.890614,4:18:32.690000,26,19,60,17,40,18,0.685776726149397,0.011436529112005274,0,18.5,OFF,115200,499200,OFF,537600,OFF,115200,OFF,OFF,OFF,OFF,OFF,58.03921568627451,70.812,-256,-256,-256,70.656,68.906,69.25,69.25,70.812,7424,4185,16770,ON,MAXN_SUPER
2026-08-17 16:28:28.891449,4:18:33.690000,27,25,40,31,29,30,0.6865407998948372,0.011436529112005274,0,6.1,OFF,115200,499200,OFF,537600,OFF,115200,OFF,OFF,OFF,OFF,OFF,58.03921568627451,71.031,-256,-256,-256,70.437,68.875,69.218,69.156,70.843,7245,4108,16462,ON,MAXN_SUPER
2026-08-17 16:28:29.892725,4:18:34.690000,28,26,17,60,17,18,0.6937599617141542,0.011436529112005274,0,82.4,OFF,115200,499200,OFF,537600,OFF,115200,OFF,OFF,OFF,OFF,OFF,58.03921568627451,70.562,-256,-256,-256,70.187,69.0,69.25,69.125,70.562,7233,4147,16501,ON,MAXN_SUPER
2026-08-17 16:28:30.893965,4:18:35.690000,22,29,43,19,49,26,0.6872761181767393,0.011436529112005274,0,33.7,OFF,115200,499200,OFF,537600,OFF,115200,OFF,OFF,OFF,OFF,OFF,58.03921568627451,71.0,-256,-256,-256,70.281,68.937,69.218,69.125,71.0,7463,4224,16847,ON,MAXN_SUPER
2026-08-17 16:28:31.894654,4:18:36.700000,30,23,44,31,35,32,0.6778766760327319,0.011436529112005274,0,57.0,OFF,153600,499200,OFF,537600,OFF,115200,OFF,OFF,OFF,OFF,OFF,58.03921568627451,71.0,-256,-256,-256,70.968,68.937,69.187,69.218,71.0,7718,4300,17308,ON,MAXN_SUPER
2026-08-17 16:28:32.895865,4:18:37.700000,39,20,40,28,41,22,0.6762314527260179,0.011436529112005274,0,84.5,OFF,115200,499200,OFF,537600,OFF,115200,OFF,OFF,OFF,OFF,OFF,58.03921568627451,70.843,-256,-256,-256,71.093,68.968,69.343,69.312,70.937,7603,4262,17078,ON,MAXN_SUPER
2026-08-17 16:28:33.897440,4:18:38.700000,28,32,33,29,39,18,0.6780286691971474,0.011436529112005274,0,97.0,OFF,115200,499200,OFF,537600,OFF,115200,OFF,OFF,OFF,OFF,OFF,58.03921568627451,70.281,-256,-256,-256,70.937,68.968,69.343,69.25,70.937,7654,4262,17154,ON,MAXN_SUPER
2026-08-17 16:28:34.898372,4:18:39.700000,29,16,18,29,51,42,0.6801688972690525,0.011436529112005274,0,99.6,OFF,115200,499200,OFF,537600,OFF,115200,OFF,OFF,OFF,OFF,OFF,58.03921568627451,70.281,-256,-256,-256,70.937,69.031,69.343,69.343,70.937,7870,4331,17472,ON,MAXN_SUPER
2026-08-17 16:28:35.899528,4:18:40.700000,34,32,27,39,22,20,0.6852349937559565,0.011436529112005274,0,38.0,OFF,115200,499200,OFF,537600,OFF,115200,OFF,OFF,OFF,OFF,OFF,58.03921568627451,70.375,-256,-256,-256,70.531,68.968,69.406,69.312,70.531,7463,4262,16924,ON,MAXN_SUPER
2026-08-17 16:28:36.901509,4:18:41.700000,35,29,27,24,22,17,0.6802618390351309,0.011436529112005274,0,99.7,OFF,115200,499200,OFF,537600,OFF,115200,OFF,OFF,OFF,OFF,OFF,58.03921568627451,70.781,-256,-256,-256,71.062,69.0,69.406,69.531,71.062,8124,4561,18201,ON,MAXN_SUPER
2026-08-17 16:28:37.901638,4:18:42.700000,26,37,27,23,28,38,0.6801673567977916,0.011436529112005274,0,48.4,OFF,115200,499200,OFF,537600,OFF,115200,OFF,OFF,OFF,OFF,OFF,58.03921568627451,70.937,-256,-256,-256,71.343,69.0,69.468,69.375,71.343,8277,4516,18324,ON,MAXN_SUPER
2026-08-17 16:28:38.902764,4:18:43.700000,58,38,37,19,19,29,0.6821335116172073,0.011436529112005274,0,92.8,OFF,192000,499200,OFF,537600,OFF,115200,OFF,OFF,OFF,OFF,OFF,58.03921568627451,70.656,-256,-256,-256,71.093,69.125,69.343,69.375,71.093,7692,4262,17116,ON,MAXN_SUPER
2026-08-17 16:28:39.903993,4:18:44.700000,34,29,16,23,36,26,0.6828051570869894,0.011436529112005274,0,99.8,OFF,115200,499200,OFF,537600,OFF,115200,OFF,OFF,OFF,OFF,OFF,58.03921568627451,70.75,-256,-256,-256,71.406,69.093,69.406,69.375,71.406,7616,4300,17193,ON,MAXN_SUPER
2026-08-17 16:28:40.905310,4:18:45.710000,29,18,19,28,38,32,0.6842804150645766,0.011436529112005274,0,99.7,OFF,115200,499200,OFF,537600,OFF,115200,OFF,OFF,OFF,OFF,OFF,58.03921568627451,70.75,-256,-256,-256,71.0,69.125,69.5,69.281,71.0,7679,4300,17193,ON,MAXN_SUPER
2026-08-17 16:28:41.906372,4:18:46.710000,37,23,63,26,28,18,0.6858424529231982,0.011436529112005274,0,99.7,OFF,115200,499200,OFF,537600,OFF,115200,OFF,OFF,OFF,OFF,OFF,58.03921568627451,70.906,-256,-256,-256,71.281,69.093,69.437,69.375,71.0,7870,4331,17510,ON,MAXN_SUPER
2026-08-17 16:28:42.907863,4:18:47.710000,34,45,27,24,19,19,0.6913383408919124,0.011436529112005274,0,81.4,OFF,115200,499200,OFF,537600,OFF,115200,OFF,OFF,OFF,OFF,OFF,58.03921568627451,70.625,-256,-256,-256,70.437,69.031,69.468,69.375,70.625,7386,4262,16770,ON,MAXN_SUPER
2026-08-17 16:28:43.908435,4:18:48.710000,37,24,38,24,18,24,0.6873521147589471,0.011436529112005274,0,22.2,OFF,115200,499200,OFF,537600,OFF,115200,OFF,OFF,OFF,OFF,OFF,58.03921568627451,70.875,-256,-256,-256,70.781,69.062,69.468,69.375,70.781,7386,4224,16770,ON,MAXN_SUPER
2026-08-17 16:28:44.909827,4:18:49.710000,32,21,21,22,47,20,0.6861690328305236,0.011436529112005274,0,97.5,OFF,115200,499200,OFF,537600,OFF,115200,OFF,OFF,OFF,OFF,OFF,58.03921568627451,70.468,-256,-256,-256,71.093,69.093,69.5,69.437,71.093,7424,4262,16885,ON,MAXN_SUPER
2026-08-17 16:28:45.910914,4:18:50.710000,33,27,26,29,21,30,0.6878620107463275,0.011436529112005274,0,99.7,OFF,115200,499200,OFF,537600,OFF,115200,OFF,OFF,OFF,OFF,OFF,60.3921568627451,70.562,-256,-256,-256,71.437,69.156,69.343,69.375,71.437,7756,4408,17433,ON,MAXN_SUPER
2026-08-17 16:28:46.911857,4:18:51.710000,28,42,31,31,24,19,0.6891462502875546,0.011436529112005274,0,99.8,OFF,115200,499200,OFF,537600,OFF,115200,OFF,OFF,OFF,OFF,OFF,60.3921568627451,70.843,-256,-256,-256,71.25,69.156,69.406,69.437,71.468,7756,4331,17433,ON,MAXN_SUPER
2026-08-17 16:28:47.913041,4:18:52.710000,26,36,31,53,21,15,0.6895724473364225,0.011436529112005274,0,99.4,OFF,115200,499200,OFF,537600,OFF,115200,OFF,OFF,OFF,OFF,OFF,60.3921568627451,70.812,-256,-256,-256,71.187,69.187,69.468,69.437,70.906,7616,4300,17154,ON,MAXN_SUPER
2026-08-17 16:28:48.914136,4:18:53.710000,32,34,53,20,16,27,0.6890902798317394,0.011436529112005274,0,99.4,OFF,115200,499200,OFF,537600,OFF,115200,OFF,OFF,OFF,OFF,OFF,60.3921568627451,70.843,-256,-256,-256,70.968,69.156,69.593,69.375,71.0,7603,4262,17078,ON,MAXN_SUPER
2026-08-17 16:28:49.915410,4:18:54.720000,39,38,23,38,20,17,0.6911981580071642,0.011436529112005274,0,99.4,OFF,115200,499200,OFF,537600,OFF,115200,OFF,OFF,OFF,OFF,OFF,60.3921568627451,70.781,-256,-256,-256,71.062,69.062,69.562,69.343,70.781,7501,4262,16962,ON,MAXN_SUPER
2026-08-17 16:28:50.916409,4:18:55.720000,33,37,19,29,30,23,0.6879698437345952,0.011436529112005274,0,27.7,OFF,115200,499200,OFF,537600,OFF,115200,OFF,OFF,OFF,OFF,OFF,60.3921568627451,70.968,-256,-256,-256,70.5,69.125,69.593,69.437,70.968,7348,4224,16731,ON,MAXN_SUPER
2026-08-17 16:28:51.917439,4:18:56.720000,23,23,37,16,20,46,0.6875046214137829,0.011436529112005274,0,17.5,OFF,115200,499200,OFF,537600,OFF,115200,OFF,OFF,OFF,OFF,OFF,60.3921568627451,71.062,-256,-256,-256,70.843,69.125,69.406,69.25,71.062,7424,4262,16885,ON,MAXN_SUPER
2026-08-17 16:28:52.918501,4:18:57.720000,25,22,20,25,55,27,0.6829170979986198,0.011436529112005274,0,94.3,OFF,192000,499200,OFF,537600,OFF,115200,OFF,OFF,OFF,OFF,OFF,60.3921568627451,70.718,-256,-256,-256,71.062,69.062,69.468,69.406,71.062,7539,4262,17039,ON,MAXN_SUPER
2026-08-17 16:28:53.919771,4:18:58.720000,23,24,42,30,27,38,0.6847153414505899,0.011436529112005274,0,99.7,OFF,115200,499200,OFF,537600,OFF,115200,OFF,OFF,OFF,OFF,OFF,60.3921568627451,70.593,-256,-256,-256,71.25,69.031,69.468,69.375,71.25,7679,4293,17203,ON,MAXN_SUPER
2026-08-17 16:28:54.920972,4:18:59.720000,28,35,20,33,28,24,0.6810746943705018,0.011436529112005274,0,99.7,OFF,115200,499200,OFF,537600,OFF,115200,OFF,OFF,OFF,OFF,OFF,60.3921568627451,70.625,-256,-256,-256,71.281,69.25,69.5,69.375,71.156,7679,4300,17203,ON,MAXN_SUPER
2026-08-17 16:28:55.922466,4:19:00.720000,23,19,17,35,45,32,0.6752594153603471,0.011436529112005274,0,99.7,OFF,115200,499200,OFF,537600,OFF,115200,OFF,OFF,OFF,OFF,OFF,60.3921568627451,70.875,-256,-256,-256,71.187,69.093,69.375,69.343,71.343,7718,4331,17280,ON,MAXN_SUPER
2026-08-17 16:28:56.923276,4:19:01.720000,20,31,19,33,39,24,0.6755397811298433,0.011436529112005274,0,99.6,OFF,115200,499200,OFF,537600,OFF,115200,OFF,OFF,OFF,OFF,OFF,60.3921568627451,70.75,-256,-256,-256,70.843,69.125,69.406,69.375,70.843,7565,4300,17154,ON,MAXN_SUPER
2026-08-17 16:28:57.924898,4:19:02.720000,25,20,17,34,35,47,0.684212634329094,0.011436529112005274,0,9.0,OFF,115200,499200,OFF,537600,OFF,115200,OFF,OFF,OFF,OFF,OFF,60.3921568627451,71.156,-256,-256,-256,70.812,69.125,69.437,69.375,71.156,7539,4300,17001,ON,MAXN_SUPER
2026-08-17 16:28:58.925485,4:19:03.730000,27,31,34,23,24,28,0.6765698429130106,0.011436529112005274,0,49.6,OFF,115200,499200,OFF,537600,OFF,115200,OFF,OFF,OFF,OFF,OFF,60.3921568627451,70.906,-256,-256,-256,71.312,69.156,69.375,69.375,71.312,7501,4262,17039,ON,MAXN_SUPER
2026-08-17 16:28:59.926959,4:19:04.730000,27,21,40,20,33,32,0.6769082331000033,0.011436529112005274,0,98.1,OFF,115200,499200,OFF,537600,OFF,115200,OFF,OFF,OFF,OFF,OFF,60.3921568627451,70.75,-256,-256,-256,71.156,69.218,69.562,69.375,71.437,7756,4300,17241,ON,MAXN_SUPER
2026-08-17 16:29:00.927513,4:19:05.730000,27,30,17,25,34,31,0.6796425695882218,0.011436529112005274,0,99.8,OFF,115200,499200,OFF,537600,OFF,115200,OFF,OFF,OFF,OFF,OFF,60.3921568627451,70.843,-256,-256,-256,71.281,69.187,69.531,69.5,71.281,7794,4370,17395,ON,MAXN_SUPER
2026-08-17 16:29:01.928414,4:19:06.730000,37,24,18,30,35,35,0.6817643120049952,0.011436529112005274,0,99.5,OFF,115200,499200,OFF,537600,OFF,115200,OFF,OFF,OFF,OFF,OFF,60.3921568627451,70.562,-256,-256,-256,70.812,69.312,69.468,69.375,70.812,7616,4300,17116,ON,MAXN_SUPER
2026-08-17 16:29:02.930545,4:19:07.730000,23,27,15,17,30,61,0.6825602221564955,0.011436529112005274,0,8.4,OFF,115200,499200,OFF,537600,OFF,115200,OFF,OFF,OFF,OFF,OFF,60.3921568627451,71.031,-256,-256,-256,70.625,69.031,69.468,69.437,71.031,7463,4262,16962,ON,MAXN_SUPER
2026-08-17 16:29:03.930985,4:19:08.730000,35,31,29,33,28,24,0.6842701452561701,0.011436529112005274,0,74.9,OFF,115200,499200,OFF,537600,OFF,115200,OFF,OFF,OFF,OFF,OFF,60.3921568627451,71.187,-256,-256,-256,71.093,69.218,69.437,69.375,71.093,7641,4300,17203,ON,MAXN_SUPER
2026-08-17 16:29:04.932294,4:19:09.730000,32,32,37,37,24,28,0.684839606132308,0.011436529112005274,0,99.8,OFF,115200,499200,OFF,537600,OFF,115200,OFF,OFF,OFF,OFF,OFF,60.3921568627451,70.843,-256,-256,-256,71.406,69.156,69.468,69.437,71.406,7909,4331,17587,ON,MAXN_SUPER
2026-08-17 16:29:05.933064,4:19:10.730000,23,29,33,20,24,37,0.6814459479443952,0.011436529112005274,0,99.6,OFF,115200,499200,OFF,537600,OFF,115200,OFF,OFF,OFF,OFF,OFF,60.3921568627451,70.531,-256,-256,-256,71.0,69.125,69.343,69.375,71.0,7679,4331,17318,ON,MAXN_SUPER
2026-08-17 16:29:06.934326,4:19:11.730000,21,17,20,21,40,39,0.6843682219264517,0.011436529112005274,0,13.6,OFF,140800,499200,OFF,537600,OFF,115200,OFF,OFF,OFF,OFF,OFF,60.3921568627451,71.093,-256,-256,-256,70.812,69.156,69.437,69.375,71.093,7539,4300,17116,ON,MAXN_SUPER
2026-08-17 16:29:07.935474,4:19:12.740000,38,20,20,30,31,29,0.6842537135627198,0.011436529112005274,0,91.7,OFF,115200,499200,OFF,537600,OFF,115200,OFF,OFF,OFF,OFF,OFF,60.3921568627451,70.812,-256,-256,-256,71.25,69.125,69.593,69.312,71.25,7603,4339,17164,ON,MAXN_SUPER
2026-08-17 16:29:08.937017,4:19:13.740000,26,35,26,19,21,42,0.6855831402609353,0.011436529112005274,0,99.7,OFF,115200,499200,OFF,537600,OFF,115200,OFF,OFF,OFF,OFF,OFF,60.3921568627451,70.875,-256,-256,-256,71.187,69.062,69.468,69.468,71.406,7756,4331,17356,ON,MAXN_SUPER
2026-08-17 16:29:09.937892,4:19:14.740000,27,26,22,51,26,37,0.6867015223963981,0.011436529112005274,0,99.4,OFF,115200,499200,OFF,537600,OFF,115200,OFF,OFF,OFF,OFF,OFF,60.3921568627451,70.656,-256,-256,-256,70.937,69.093,69.468,69.406,70.937,7794,4331,17433,ON,MAXN_SUPER
2026-08-17 16:29:10.939393,4:19:15.740000,21,40,40,20,49,26,0.6929008922409543,0.011436529112005274,0,34.5,OFF,115200,499200,OFF,537600,OFF,115200,OFF,OFF,OFF,OFF,OFF,60.3921568627451,70.843,-256,-256,-256,70.593,69.156,69.437,69.406,70.843,7577,4262,16962,ON,MAXN_SUPER
2026-08-17 16:29:11.940790,4:19:16.740000,30,33,30,19,22,38,0.6890723076670282,0.011436529112005274,0,45.0,OFF,128000,499200,OFF,537600,OFF,115200,OFF,OFF,OFF,OFF,OFF,60.3921568627451,71.156,-256,-256,-256,70.968,69.25,69.437,69.437,71.156,7526,4300,17116,ON,MAXN_SUPER
2026-08-17 16:29:12.941380,4:19:17.740000,32,22,28,30,46,19,0.690480298399553,0.011436529112005274,0,99.7,OFF,115200,499200,OFF,537600,OFF,115200,OFF,OFF,OFF,OFF,OFF,60.3921568627451,70.437,-256,-256,-256,71.187,69.156,69.593,69.406,71.218,7718,4293,17280,ON,MAXN_SUPER
2026-08-17 16:29:13.942441,4:19:18.740000,24,30,35,21,41,22,0.692158898583588,0.011436529112005274,0,95.9,OFF,115200,499200,OFF,537600,OFF,115200,OFF,OFF,OFF,OFF,OFF,60.3921568627451,71.031,-256,-256,-256,71.343,69.187,69.468,69.437,71.343,7947,4370,17664,ON,MAXN_SUPER
2026-08-17 16:29:14.943615,4:19:19.740000,28,24,26,50,38,18,0.6927165491800585,0.011436529112005274,0,99.5,OFF,115200,499200,OFF,537600,OFF,115200,OFF,OFF,OFF,OFF,OFF,60.3921568627451,70.75,-256,-256,-256,71.062,69.125,69.562,69.437,70.843,7718,4293,17318,ON,MAXN_SUPER
2026-08-17 16:29:15.944903,4:19:20.750000,41,21,40,25,38,19,0.6917717268066647,0.011436529112005274,0,99.4,OFF,115200,499200,OFF,537600,OFF,115200,OFF,OFF,OFF,OFF,OFF,60.3921568627451,70.781,-256,-256,-256,70.906,69.125,69.593,69.437,70.906,7603,4262,17154,ON,MAXN_SUPER
2026-08-17 16:29:16.946050,4:19:21.750000,37,41,52,19,29,17,0.6920772536067568,0.011436529112005274,0,99.6,OFF,115200,499200,OFF,537600,OFF,115200,OFF,OFF,OFF,OFF,OFF,60.3921568627451,70.718,-256,-256,-256,71.093,69.156,69.593,69.375,71.093,7679,4293,17241,ON,MAXN_SUPER
2026-08-17 16:29:17.947025,4:19:22.750000,51,32,21,37,20,19,0.6929096215780999,0.011436529112005274,0,99.7,OFF,115200,499200,OFF,537600,OFF,115200,OFF,OFF,OFF,OFF,OFF,60.3921568627451,70.781,-256,-256,-256,70.843,69.156,69.375,69.5,70.843,7565,4300,17078,ON,MAXN_SUPER
2026-08-17 16:29:18.948469,4:19:23.750000,27,21,18,25,51,57,0.692629769299024,0.011436529112005274,0,99.8,OFF,115200,499200,OFF,537600,OFF,115200,OFF,OFF,OFF,OFF,OFF,60.3921568627451,70.468,-256,-256,-256,71.218,69.093,69.531,69.468,71.218,7718,4255,17231,ON,MAXN_SUPER
2026-08-17 16:29:19.949533,4:19:24.750000,37,29,18,27,27,49,0.6916500295770482,0.011436529112005274,0,99.7,OFF,115200,499200,OFF,537600,OFF,115200,OFF,OFF,OFF,OFF,OFF,60.3921568627451,70.593,-256,-256,-256,71.437,69.062,69.437,69.437,71.437,7603,4262,17039,ON,MAXN_SUPER
2026-08-17 16:29:20.950664,4:19:25.750000,44,32,30,26,33,23,0.693115017746229,0.011436529112005274,0,81.8,OFF,115200,499200,OFF,537600,OFF,115200,OFF,OFF,OFF,OFF,OFF,60.3921568627451,70.843,-256,-256,-256,71.031,69.031,69.593,69.437,70.875,7386,4147,16616,ON,MAXN_SUPER
2026-08-17 16:29:21.951861,4:19:26.750000,40,24,22,47,18,26,0.6946421382562686,0.011436529112005274,0,20.6,OFF,115200,499200,OFF,537600,OFF,115200,OFF,OFF,OFF,OFF,OFF,60.3921568627451,70.687,-256,-256,-256,70.937,69.125,69.437,69.375,70.937,7348,4185,16693,ON,MAXN_SUPER
2026-08-17 16:29:22.952454,4:19:27.750000,35,31,19,46,20,23,0.6938297964113181,0.011436529112005274,0,20.0,OFF,115200,499200,OFF,537600,OFF,115200,OFF,OFF,OFF,OFF,OFF,60.3921568627451,70.906,-256,-256,-256,70.625,69.156,69.5,69.375,70.906,7118,4147,16385,ON,MAXN_SUPER
2026-08-17 16:29:23.953744,4:19:28.750000,28,25,15,30,38,45,0.699269713924217,0.011436529112005274,0,33.1,OFF,115200,499200,OFF,537600,OFF,115200,OFF,OFF,OFF,OFF,OFF,60.3921568627451,70.531,-256,-256,-256,70.5,69.0,69.343,69.218,70.531,7271,4185,16539,ON,MAXN_SUPER
2026-08-17 16:29:24.954869,4:19:29.760000,28,20,75,17,21,20,0.6941502144335995,0.011436529112005274,0,99.6,OFF,115200,499200,OFF,537600,OFF,115200,OFF,OFF,OFF,OFF,OFF,60.3921568627451,70.968,-256,-256,-256,70.906,69.125,69.625,69.375,70.968,7501,4262,16885,ON,MAXN_SUPER
2026-08-17 16:29:25.956212,4:19:30.760000,24,28,67,22,21,23,0.6940706234184495,0.011436529112005274,0,94.4,OFF,115200,499200,OFF,537600,OFF,115200,OFF,OFF,OFF,OFF,OFF,60.3921568627451,70.687,-256,-256,-256,71.406,69.093,69.531,69.406,71.125,7577,4224,17001,ON,MAXN_SUPER
2026-08-17 16:29:26.957575,4:19:31.760000,22,34,28,48,20,26,0.693839039238884,0.011436529112005274,0,94.5,OFF,115200,499200,OFF,537600,OFF,115200,OFF,OFF,OFF,OFF,OFF,60.3921568627451,70.468,-256,-256,-256,71.187,69.0,69.406,69.375,71.187,7463,4224,16808,ON,MAXN_SUPER
2026-08-17 16:29:27.958351,4:19:32.760000,39,40,17,21,25,38,0.694093730487364,0.011436529112005274,0,12.4,OFF,115200,499200,OFF,537600,OFF,115200,OFF,OFF,OFF,OFF,OFF,60.3921568627451,70.968,-256,-256,-256,70.593,69.0,69.531,69.437,70.968,7118,4108,16347,ON,MAXN_SUPER
2026-08-17 16:29:28.959790,4:19:33.760000,39,32,18,19,49,36,0.6964537324591672,0.011436529112005274,0,99.5,OFF,115200,499200,OFF,537600,OFF,115200,OFF,OFF,OFF,OFF,OFF,60.3921568627451,70.593,-256,-256,-256,70.625,69.25,69.468,69.312,70.625,7348,4185,16616,ON,MAXN_SUPER
2026-08-17 16:29:29.960858,4:19:34.760000,16,25,24,20,48,43,0.6933152790101548,0.011436529112005274,0,94.8,OFF,115200,499200,OFF,537600,OFF,115200,OFF,OFF,OFF,OFF,OFF,60.3921568627451,70.5,-256,-256,-256,71.031,69.25,69.468,69.375,71.031,7577,4262,17001,ON,MAXN_SUPER
2026-08-17 16:29:30.962216,4:19:35.760000,22,23,15,20,35,60,0.6944280127509941,0.011436529112005274,0,95.0,OFF,115200,499200,OFF,537600,OFF,115200,OFF,OFF,OFF,OFF,OFF,60.3921568627451,70.843,-256,-256,-256,70.937,69.093,69.375,69.281,70.937,7424,4185,16654,ON,MAXN_SUPER
2026-08-17 16:29:31.963247,4:19:36.760000,32,24,24,32,36,30,0.6906523176903612,0.011436529112005274,0,52.0,OFF,115200,499200,OFF,537600,OFF,115200,OFF,OFF,OFF,OFF,OFF,60.3921568627451,70.843,-256,-256,-256,70.875,69.062,69.375,69.281,70.875,7386,4147,16654,ON,MAXN_SUPER
2026-08-17 16:29:32.964860,4:19:37.760000,33,20,32,37,45,18,0.6933086036346906,0.011436529112005274,0,38.0,OFF,115200,499200,OFF,537600,OFF,115200,OFF,OFF,OFF,OFF,OFF,60.3921568627451,71.125,-256,-256,-256,71.031,69.125,69.343,69.25,71.031,7424,4185,16770,ON,MAXN_SUPER
2026-08-17 16:29:33.965192,4:19:38.770000,22,34,34,39,30,28,0.6923740510697033,0.011436529112005274,0,18.2,OFF,115200,499200,OFF,537600,OFF,115200,OFF,OFF,OFF,OFF,OFF,60.3921568627451,71.218,-256,-256,-256,70.625,69.187,69.437,69.25,71.218,7348,4185,16616,ON,MAXN_SUPER
2026-08-17 16:29:34.966629,4:19:39.770000,34,47,36,30,17,20,0.6928695693253146,0.011436529112005274,0,20.3,OFF,OFF,499200,OFF,537600,OFF,115200,OFF,OFF,OFF,OFF,OFF,60.3921568627451,70.906,-256,-256,-256,70.843,69.156,69.593,69.375,70.906,7577,4224,16885,ON,MAXN_SUPER
2026-08-17 16:29:35.967402,4:19:40.770000,59,34,19,22,46,19,0.6937774203884453,0.011436529112005274,0,82.5,OFF,OFF,499200,OFF,537600,OFF,115200,OFF,OFF,OFF,OFF,OFF,60.3921568627451,70.843,-256,-256,-256,71.187,69.156,69.531,69.312,71.187,7616,4185,16924,ON,MAXN_SUPER
2026-08-17 16:29:36.968751,4:19:41.770000,29,60,15,18,17,42,0.692887541490026,0.011436529112005274,0,35.9,OFF,OFF,499200,OFF,537600,OFF,115200,OFF,OFF,OFF,OFF,OFF,60.3921568627451,70.937,-256,-256,-256,70.843,68.906,69.406,69.406,70.937,7386,4108,16616,ON,MAXN_SUPER
2026-08-17 16:29:37.969671,4:19:42.770000,23,28,50,28,19,18,0.6930682901179795,0.011436529112005274,0,18.6,OFF,OFF,499200,OFF,537600,OFF,115200,OFF,OFF,OFF,OFF,OFF,60.3921568627451,70.843,-256,-256,-256,70.906,68.937,69.406,69.343,70.906,7233,4108,16385,ON,MAXN_SUPER
2026-08-17 16:29:38.970759,4:19:43.770000,30,79,13,20,22,16,0.6988111669788688,0.011436529112005274,0,54.3,OFF,OFF,499200,OFF,537600,OFF,115200,OFF,OFF,OFF,OFF,OFF,60.3921568627451,71.156,-256,-256,-256,70.468,68.968,69.437,69.375,71.093,7271,4108,16385,ON,MAXN_SUPER
2026-08-17 16:29:39.971844,4:19:44.770000,27,24,32,46,22,18,0.6985826637418252,0.011436529112005274,0,99.5,OFF,OFF,499200,OFF,537600,OFF,115200,OFF,OFF,OFF,OFF,OFF,60.3921568627451,70.718,-256,-256,-256,70.562,68.906,69.468,69.343,70.718,7309,4108,16501,ON,MAXN_SUPER
2026-08-17 16:29:40.972718,4:19:45.770000,44,35,14,29,39,31,0.6962190673370797,0.011436529112005274,0,63.3,OFF,OFF,499200,OFF,537600,OFF,115200,OFF,OFF,OFF,OFF,OFF,60.3921568627451,70.75,-256,-256,-256,70.406,69.062,69.406,69.312,70.75,7463,4147,16693,ON,MAXN_SUPER
2026-08-17 16:29:41.973928,4:19:46.770000,12,21,21,9,39,6,0.6690564510828486,0.011436529112005274,0,0.0,OFF,OFF,499200,OFF,537600,OFF,115200,OFF,OFF,OFF,OFF,OFF,60.3921568627451,69.687,-256,-256,-256,69.25,68.781,69.437,68.562,69.687,2913,2723,9003,ON,MAXN_SUPER
2026-08-17 16:29:42.974793,4:19:47.780000,9,4,21,3,5,1,0.6699442760195866,0.011436529112005274,0,0.0,OFF,OFF,499200,OFF,537600,OFF,115200,OFF,OFF,OFF,OFF,OFF,60.3921568627451,69.062,-256,-256,-256,68.687,68.5,69.218,68.312,69.218,1873,2420,7195,ON,MAXN_SUPER
2026-08-17 16:29:43.975584,4:19:48.780000,4,3,12,3,2,0,0.6700100027933878,0.011436529112005274,0,0.0,OFF,OFF,499200,OFF,537600,OFF,115200,OFF,OFF,OFF,OFF,OFF,57.254901960784316,68.781,-256,-256,-256,68.531,68.281,69.0,68.031,69.0,1639,2346,6882,ON,MAXN_SUPER
2026-08-17 16:29:44.976769,4:19:49.780000,2,2,2,2,0,0,0.6700767565480299,0.011436529112005274,0,0.0,OFF,OFF,499200,OFF,537600,OFF,115200,OFF,OFF,OFF,OFF,OFF,57.254901960784316,68.625,-256,-256,-256,68.187,68.062,68.843,67.656,68.843,1600,2346,6804,ON,MAXN_SUPER
2026-08-17 16:29:45.977712,4:19:50.780000,2,0,12,2,0,0,0.6701224571954386,0.011436529112005274,0,0.0,OFF,OFF,499200,OFF,537600,OFF,115200,OFF,OFF,OFF,OFF,OFF,57.254901960784316,68.343,-256,-256,-256,68.156,67.968,68.656,67.562,68.656,1639,2346,6882,ON,MAXN_SUPER
2026-08-17 16:29:46.978905,4:19:51.780000,3,5,2,1,0,0,0.6701173222912353,0.011436529112005274,0,0.0,OFF,OFF,499200,OFF,537600,OFF,115200,OFF,OFF,OFF,OFF,OFF,57.254901960784316,68.375,-256,-256,-256,67.781,67.843,68.531,67.375,68.531,1600,2346,6843,ON,MAXN_SUPER
2026-08-17 16:29:47.979604,4:19:52.780000,3,5,10,2,0,0,0.6702087235860528,0.011436529112005274,0,0.0,OFF,OFF,499200,OFF,537600,OFF,115200,OFF,OFF,OFF,OFF,OFF,55.68627450980392,68.156,-256,-256,-256,67.875,67.687,68.281,67.312,68.281,1678,2346,6960,ON,MAXN_SUPER
2026-08-17 16:29:48.980711,4:19:53.780000,2,3,2,1,1,0,0.6701116738966117,0.011436529112005274,0,0.0,OFF,OFF,499200,OFF,537600,OFF,115200,OFF,OFF,OFF,OFF,OFF,55.68627450980392,67.906,-256,-256,-256,67.625,67.468,68.187,67.062,68.187,1600,2346,6804,ON,MAXN_SUPER
2026-08-17 16:29:49.981828,4:19:54.780000,2,2,0,3,28,0,0.6701116738966117,0.011436529112005274,0,0.0,OFF,OFF,499200,OFF,537600,OFF,115200,OFF,OFF,OFF,OFF,OFF,55.68627450980392,67.781,-256,-256,-256,67.312,67.375,68.187,66.875,68.187,1756,2346,6999,ON,MAXN_SUPER
2026-08-17 16:29:50.982972,4:19:55.780000,4,4,2,7,81,0,0.5838606879950048,0.011436529112005274,0,0.0,OFF,OFF,499200,OFF,537600,OFF,115200,OFF,OFF,OFF,OFF,OFF,55.68627450980392,67.875,-256,-256,-256,67.375,67.312,68.0,66.968,68.0,1987,2537,7808,ON,MAXN_SUPER
2026-08-17 16:29:51.983815,4:19:56.780000,3,5,0,3,100,1,0.5813656380426567,0.011436529112005274,0,0.0,OFF,OFF,499200,OFF,537600,OFF,115200,OFF,OFF,OFF,OFF,OFF,55.68627450980392,67.531,-256,-256,-256,67.093,67.062,67.875,66.843,67.875,1948,2498,7729,ON,MAXN_SUPER
2026-08-17 16:29:52.984819,4:19:57.790000,3,2,1,0,100,0,0.567582014689934,0.011436529112005274,0,0.0,OFF,OFF,499200,OFF,537600,OFF,115200,OFF,OFF,OFF,OFF,OFF,55.68627450980392,67.625,-256,-256,-256,67.187,66.968,67.812,66.687,67.812,2065,2498,7808,ON,MAXN_SUPER
2026-08-17 16:29:53.985869,4:19:58.790000,2,0,1,2,27,0,0.3369611431529133,0.011436529112005274,0,0.0,OFF,OFF,499200,OFF,537600,OFF,115200,OFF,OFF,OFF,OFF,OFF,55.68627450980392,67.281,-256,-256,-256,67.093,67.031,67.625,66.468,67.625,1678,2346,6921,ON,MAXN_SUPER
2026-08-17 16:29:54.986887,4:19:59.790000,3,4,3,2,1,0,0.33689644335995267,0.011436529112005274,0,0.0,OFF,OFF,499200,OFF,537600,OFF,115200,OFF,OFF,OFF,OFF,OFF,55.68627450980392,67.062,-256,-256,-256,66.718,66.875,67.5,66.281,67.5,1600,2346,6764,ON,MAXN_SUPER
2026-08-17 16:29:55.987836,4:20:00.790000,0,4,2,2,0,0,0.336895416379112,0.011436529112005274,0,0.0,OFF,OFF,499200,OFF,537600,OFF,115200,OFF,OFF,OFF,OFF,OFF,53.72549019607843,67.062,-256,-256,-256,66.75,66.656,67.468,66.187,67.343,1600,2346,6764,ON,MAXN_SUPER
2026-08-17 16:29:56.988907,4:20:01.790000,2,1,1,2,0,0,0.3369585757008117,0.011436529112005274,0,0.0,OFF,OFF,499200,OFF,537600,OFF,115200,OFF,OFF,OFF,OFF,OFF,53.72549019607843,66.812,-256,-256,-256,66.468,66.562,67.406,66.062,67.406,1561,2346,6764,ON,MAXN_SUPER
2026-08-17 16:29:57.990125,4:20:02.790000,3,1,1,3,0,0,0.33708797528673307,0.011436529112005274,0,0.0,OFF,OFF,499200,OFF,537600,OFF,115200,OFF,OFF,OFF,OFF,OFF,53.72549019607843,66.75,-256,-256,-256,66.687,66.468,67.187,65.968,67.187,1561,2346,6764,ON,MAXN_SUPER
