time,uptime,CPU1,CPU2,CPU3,CPU4,CPU5,CPU6,RAM,SWAP,EMC,GPU,APE,NVDEC,NVJPG,NVJPG1,OFA,SE,VIC,DLA0,DLA1,PVA,NVENC,NVJPG0,Fan pwmfan0,Temp cpu,Temp cv0,Temp cv1,Temp cv2,Temp gpu,Temp soc0,Temp soc1,Temp soc2,Temp tj,Power VDD_CPU_GPU_CV,Power VDD_SOC,Power TOT,jetson_clocks,nvp model
2026-08-16 00:23:36.220346,0:16:45.200000,16,18,17,17,23,26,0.3344806426849401,0.0019718153641388406,0,0.0,OFF,OFF,499200,OFF,537600,OFF,115200,OFF,OFF,OFF,OFF,OFF,49.411764705882355,62.062,-256,-256,-256,62.156,62.625,63.625,61.968,63.625,591,1340,4659,OFF,MAXN_SUPER
2026-08-16 00:23:37.023385,0:20:42.910000,6,6,14,8,10,3,0.3289257004654793,0.0019718153641388406,0,0.0,OFF,OFF,499200,OFF,537600,OFF,115200,OFF,OFF,OFF,OFF,OFF,34.11764705882353,54.343,-256,-256,-256,53.25,53.781,55.187,53.312,55.187,906,1340,5014,OFF,MAXN_SUPER
2026-08-16 00:23:38.038137,0:20:43.910000,14,22,43,12,0,0,0.33370065033595125,0.0019718153641388406,0,0.0,OFF,OFF,499200,OFF,537600,OFF,115200,OFF,OFF,OFF,OFF,OFF,34.11764705882353,53.75,-256,-256,-256,53.156,53.875,54.968,53.156,54.968,785,1338,4998,OFF,MAXN_SUPER
2026-08-16 00:23:39.039709,0:20:44.910000,3,2,3,5,0,0,0.3339589361500009,0.0019718153641388406,0,0.0,OFF,OFF,499200,OFF,537600,OFF,115200,OFF,OFF,OFF,OFF,OFF,34.11764705882353,53.656,-256,-256,-256,53.125,53.843,55.187,53.156,55.187,593,1305,4588,OFF,MAXN_SUPER
2026-08-16 00:23:40.039692,0:20:45.910000,6,3,3,4,0,0,0.33411606429930346,0.0019718153641388406,0,0.0,OFF,OFF,499200,OFF,537600,OFF,115200,OFF,OFF,OFF,OFF,OFF,34.11764705882353,53.656,-256,-256,-256,53.468,53.718,55.062,53.093,55.218,553,1305,4516,OFF,MAXN_SUPER
2026-08-16 00:23:41.039108,0:20:46.910000,5,5,0,5,0,0,0.33460336695841497,0.0019718153641388406,0,0.0,OFF,OFF,499200,OFF,537600,OFF,115200,OFF,OFF,OFF,OFF,OFF,34.11764705882353,53.781,-256,-256,-256,53.093,53.687,54.968,53.031,55.062,553,1305,4555,OFF,MAXN_SUPER
2026-08-16 00:23:42.040202,0:20:47.910000,18,78,18,19,14,14,0.35250057125838596,0.0019718153641388406,0,0.0,OFF,OFF,499200,OFF,537600,OFF,115200,OFF,OFF,OFF,OFF,OFF,34.11764705882353,54.156,-256,-256,-256,53.281,53.687,55.093,53.281,55.093,1530,1373,5776,OFF,MAXN_SUPER
2026-08-16 00:23:43.041170,0:20:48.920000,7,100,7,8,0,0,0.36404178787186353,0.0019718153641388406,0,0.0,OFF,OFF,499200,OFF,537600,OFF,115200,OFF,OFF,OFF,OFF,OFF,34.11764705882353,54.343,-256,-256,-256,53.187,53.75,55.125,53.281,55.125,1566,1370,5884,OFF,MAXN_SUPER
2026-08-16 00:23:44.042521,0:20:49.920000,4,100,2,4,0,0,0.36756792839885905,0.0019718153641388406,0,0.0,OFF,OFF,499200,OFF,537600,OFF,115200,OFF,OFF,OFF,OFF,OFF,36.07843137254902,54.312,-256,-256,-256,53.437,53.781,55.125,53.375,55.125,1527,1370,5845,OFF,MAXN_SUPER
2026-08-16 00:23:45.043133,0:20:50.920000,2,100,3,3,1,1,0.3722905022195635,0.0019718153641388406,0,0.0,OFF,OFF,499200,OFF,537600,OFF,115200,OFF,OFF,OFF,OFF,OFF,36.07843137254902,54.218,-256,-256,-256,53.281,53.875,55.125,53.375,55.125,1449,1370,5806,OFF,MAXN_SUPER
2026-08-16 00:23:46.044233,0:20:51.920000,6,100,4,4,3,1,0.3777869065010488,0.0019718153641388406,0,0.0,OFF,OFF,499200,OFF,537600,OFF,115200,OFF,OFF,OFF,OFF,OFF,36.07843137254902,54.093,-256,-256,-256,53.468,53.687,55.062,53.375,55.062,1449,1370,5845,OFF,MAXN_SUPER
2026-08-16 00:23:47.046478,0:20:52.920000,52,4,4,3,50,0,0.3797915741313663,0.0019718153641388406,0,0.0,OFF,OFF,499200,OFF,537600,OFF,115200,OFF,OFF,OFF,OFF,OFF,36.07843137254902,54.218,-256,-256,-256,53.312,53.812,55.0,53.406,55.0,1449,1370,5806,OFF,MAXN_SUPER
2026-08-16 00:23:48.047638,0:20:53.920000,13,8,2,10,95,8,0.3841120847465025,0.0019718153641388406,0,0.0,OFF,OFF,499200,OFF,537600,OFF,115200,OFF,OFF,OFF,OFF,OFF,36.07843137254902,54.406,-256,-256,-256,53.25,53.718,55.031,53.25,55.031,1488,1370,5806,OFF,MAXN_SUPER
2026-08-16 00:23:49.048654,0:20:54.920000,72,2,2,3,32,0,0.38725105329776555,0.0019718153641388406,0,0.0,OFF,OFF,499200,OFF,537600,OFF,115200,OFF,OFF,OFF,OFF,OFF,36.07843137254902,54.531,-256,-256,-256,53.656,53.781,55.125,53.375,55.125,1370,1410,5767,OFF,MAXN_SUPER
2026-08-16 00:23:50.049446,0:20:55.920000,69,3,4,2,0,0,0.3876890608512135,0.0019718153641388406,0,0.0,OFF,OFF,499200,OFF,537600,OFF,115200,OFF,OFF,OFF,OFF,OFF,36.07843137254902,53.718,-256,-256,-256,53.25,53.875,55.062,53.343,55.062,984,1338,5085,OFF,MAXN_SUPER
2026-08-16 00:23:51.049418,0:20:56.920000,27,3,4,3,0,0,0.38778046219296464,0.0019718153641388406,0,0.0,OFF,OFF,499200,OFF,537600,OFF,115200,OFF,OFF,OFF,OFF,OFF,36.07843137254902,53.75,-256,-256,-256,53.218,53.75,55.125,53.187,55.125,709,1340,4778,OFF,MAXN_SUPER
2026-08-16 00:23:52.051524,0:20:57.920000,10,27,4,3,0,0,0.3877763542674927,0.0019718153641388406,0,0.0,OFF,OFF,499200,OFF,537600,OFF,115200,OFF,OFF,OFF,OFF,OFF,34.509803921568626,53.843,-256,-256,-256,53.156,53.781,55.156,53.218,55.156,670,1303,4699,OFF,MAXN_SUPER
2026-08-16 00:23:53.051334,0:20:58.920000,7,23,15,13,4,0,0.38800999252871055,0.0019718153641388406,0,0.0,OFF,OFF,499200,OFF,537600,OFF,115200,OFF,OFF,OFF,OFF,OFF,34.509803921568626,54.0,-256,-256,-256,53.218,53.718,55.062,53.031,55.062,749,1340,4817,OFF,MAXN_SUPER
2026-08-16 00:23:54.053698,0:20:59.920000,8,3,66,15,3,0,0.39004033469322785,0.0019718153641388406,0,0.0,OFF,OFF,499200,OFF,537600,OFF,115200,OFF,OFF,OFF,OFF,OFF,34.509803921568626,54.156,-256,-256,-256,53.375,53.718,55.062,53.218,55.062,1176,1375,5383,OFF,MAXN_SUPER
2026-08-16 00:23:55.054593,0:21:00.920000,6,2,40,18,59,1,0.39634856774610966,0.0019718153641388406,0,0.0,OFF,OFF,499200,OFF,537600,OFF,115200,OFF,OFF,OFF,OFF,OFF,34.509803921568626,53.906,-256,-256,-256,53.343,53.812,55.0,53.281,55.0,1331,1412,5806,OFF,MAXN_SUPER
2026-08-16 00:23:56.053737,0:21:01.920000,5,2,7,17,90,0,0.40132942738086375,0.0019718153641388406,0,0.0,OFF,OFF,499200,OFF,537600,OFF,115200,OFF,OFF,OFF,OFF,OFF,34.509803921568626,54.375,-256,-256,-256,53.531,53.75,55.062,53.218,55.062,1566,1370,5963,OFF,MAXN_SUPER
2026-08-16 00:23:57.054678,0:21:02.920000,3,9,6,98,8,0,0.40543683936214187,0.0019718153641388406,0,0.0,OFF,OFF,499200,OFF,537600,OFF,115200,OFF,OFF,OFF,OFF,OFF,34.509803921568626,54.125,-256,-256,-256,53.593,53.781,55.031,53.375,55.031,1370,1410,5806,OFF,MAXN_SUPER
2026-08-16 00:23:58.057587,0:21:03.920000,5,3,2,92,2,1,0.41002539211432354,0.0019718153641388406,0,0.0,OFF,OFF,499200,OFF,537600,OFF,115200,OFF,OFF,OFF,OFF,OFF,34.509803921568626,53.968,-256,-256,-256,53.5,53.812,55.062,53.343,55.062,1294,1373,5540,OFF,MAXN_SUPER
2026-08-16 00:23:59.057735,0:21:04.920000,10,5,5,31,1,0,0.4148090713264235,0.0019718153641388406,0,0.0,OFF,OFF,499200,OFF,537600,OFF,115200,OFF,OFF,OFF,OFF,OFF,34.509803921568626,53.843,-256,-256,-256,53.25,53.843,55.156,53.125,55.156,787,1340,4849,OFF,MAXN_SUPER
2026-08-16 00:24:00.057997,0:21:05.920000,12,56,7,27,19,7,0.4531555286258219,0.0019718153641388406,0,0.0,OFF,115200,499200,OFF,537600,OFF,115200,OFF,OFF,OFF,OFF,OFF,34.509803921568626,54.281,-256,-256,-256,53.687,54.031,55.062,53.406,55.062,1684,1530,6394,OFF,MAXN_SUPER
2026-08-16 00:24:01.059780,0:21:06.920000,27,41,47,49,11,35,0.5043556847269899,0.0019718153641388406,0,36.0,OFF,115200,499200,OFF,537600,OFF,115200,OFF,OFF,OFF,OFF,OFF,34.509803921568626,54.968,-256,-256,-256,54.343,54.0,55.093,53.687,55.093,3429,1912,9135,OFF,MAXN_SUPER
2026-08-16 00:24:02.061901,0:21:07.920000,21,53,8,97,22,22,0.506940083339538,0.0019718153641388406,0,96.1,OFF,115200,499200,OFF,537600,OFF,115200,OFF,OFF,OFF,OFF,OFF,34.509803921568626,54.906,-256,-256,-256,54.625,54.125,55.406,54.0,55.406,4545,2295,10874,OFF,MAXN_SUPER
2026-08-16 00:24:03.065252,0:21:08.920000,21,44,29,32,33,30,0.5087958386714969,0.0019718153641388406,0,26.7,OFF,115200,499200,OFF,537600,OFF,115200,OFF,OFF,OFF,OFF,OFF,34.509803921568626,54.406,-256,-256,-256,54.156,54.281,55.406,53.968,55.406,2962,1952,8627,OFF,MAXN_SUPER
2026-08-16 00:24:04.063388,0:21:09.920000,17,54,11,15,21,57,0.5108559632956859,0.0019718153641388406,0,78.3,OFF,115200,499200,OFF,537600,OFF,115200,OFF,OFF,OFF,OFF,OFF,34.509803921568626,54.625,-256,-256,-256,54.687,54.25,55.468,53.937,55.468,2689,1912,8329,OFF,MAXN_SUPER
2026-08-16 00:24:05.064707,0:21:10.920000,36,34,23,25,32,32,0.5127538248637324,0.0019718153641388406,0,59.8,OFF,140800,499200,OFF,537600,OFF,115200,OFF,OFF,OFF,OFF,OFF,34.509803921568626,54.906,-256,-256,-256,54.375,54.312,55.375,53.968,55.375,2689,1834,8211,OFF,MAXN_SUPER
2026-08-16 00:24:06.065508,0:21:11.920000,19,55,6,29,35,23,0.5145423129160879,0.0019718153641388406,0,14.2,OFF,115200,499200,OFF,537600,OFF,115200,OFF,OFF,OFF,OFF,OFF,34.509803921568626,54.781,-256,-256,-256,54.656,54.406,55.468,53.968,55.468,2689,1873,8211,OFF,MAXN_SUPER
2026-08-16 00:24:07.066407,0:21:12.920000,31,8,10,59,6,56,0.5162414535894283,0.0019718153641388406,0,99.4,OFF,115200,499200,OFF,537600,OFF,115200,OFF,OFF,OFF,OFF,OFF,34.509803921568626,54.718,-256,-256,-256,54.5,54.437,55.593,54.031,55.5,2615,1834,8172,OFF,MAXN_SUPER
2026-08-16 00:24:08.067675,0:21:13.920000,19,22,47,20,29,36,0.517899001517365,0.0019718153641388406,0,65.7,OFF,115200,499200,OFF,537600,OFF,115200,OFF,OFF,OFF,OFF,OFF,34.509803921568626,55.031,-256,-256,-256,54.937,54.468,55.687,54.093,55.687,2611,1834,8133,OFF,MAXN_SUPER
2026-08-16 00:24:09.068995,0:21:14.920000,16,7,51,22,4,65,0.5187390722763813,0.0019718153641388406,0,20.3,OFF,115200,499200,OFF,537600,OFF,115200,OFF,OFF,OFF,OFF,OFF,34.509803921568626,54.875,-256,-256,-256,55.062,54.5,55.562,54.093,55.562,2615,1873,8133,OFF,MAXN_SUPER
2026-08-16 00:24:10.069796,0:21:15.920000,20,18,52,25,3,61,0.5202733824401591,0.0019718153641388406,0,16.6,OFF,115200,499200,OFF,537600,OFF,115200,OFF,OFF,OFF,OFF,OFF,34.509803921568626,54.781,-256,-256,-256,54.375,54.687,55.625,54.187,55.625,2576,1798,7938,OFF,MAXN_SUPER
2026-08-16 00:24:11.070796,0:21:16.920000,22,35,19,21,11,59,0.5220403038837867,0.0019718153641388406,0,99.2,OFF,115200,499200,OFF,537600,OFF,115200,OFF,OFF,OFF,OFF,OFF,34.509803921568626,54.843,-256,-256,-256,54.687,54.687,55.75,54.25,55.75,2615,1834,8133,OFF,MAXN_SUPER
2026-08-16 00:24:12.071801,0:21:17.920000,22,28,24,29,16,63,0.5237230128552393,0.0019718153641388406,0,15.3,OFF,115200,499200,OFF,537600,OFF,115200,OFF,OFF,OFF,OFF,OFF,34.509803921568626,55.0,-256,-256,-256,54.75,54.75,55.875,54.281,55.875,2732,1834,8211,OFF,MAXN_SUPER
2026-08-16 00:24:13.073440,0:21:18.920000,25,63,21,16,43,15,0.5254822319386071,0.0019718153641388406,0,74.7,OFF,128000,499200,OFF,537600,OFF,115200,OFF,OFF,OFF,OFF,OFF,34.509803921568626,54.968,-256,-256,-256,54.75,54.75,55.781,54.312,55.843,2615,1834,8094,OFF,MAXN_SUPER
2026-08-16 00:24:14.073991,0:21:19.920000,42,31,12,22,55,2,0.5272650715934386,0.0019718153641388406,0,22.1,OFF,115200,499200,OFF,537600,OFF,115200,OFF,OFF,OFF,OFF,OFF,34.509803921568626,55.093,-256,-256,-256,55.0,54.75,55.937,54.375,55.968,2654,1873,8172,OFF,MAXN_SUPER
2026-08-16 00:24:15.075367,0:21:20.920000,33,50,5,29,10,53,0.5288830807387077,0.0019718153641388406,0,16.4,OFF,115200,499200,OFF,537600,OFF,115200,OFF,OFF,OFF,OFF,OFF,34.509803921568626,54.968,-256,-256,-256,54.875,54.687,56.0,54.406,56.0,2572,1834,8055,OFF,MAXN_SUPER
2026-08-16 00:24:16.075879,0:21:21.920000,30,41,8,18,44,26,0.5307347281451946,0.0019718153641388406,0,54.5,OFF,115200,499200,OFF,537600,OFF,115200,OFF,OFF,OFF,OFF,OFF,34.509803921568626,55.187,-256,-256,-256,54.937,54.843,55.937,54.437,55.937,2576,1834,8055,OFF,MAXN_SUPER
2026-08-16 00:24:17.076671,0:21:22.920000,19,43,22,20,12,61,0.5322721192530765,0.0019718153641388406,0,99.5,OFF,115200,499200,OFF,537600,OFF,115200,OFF,OFF,OFF,OFF,OFF,38.03921568627451,55.031,-256,-256,-256,55.093,54.968,55.937,54.5,55.937,2689,1834,8172,OFF,MAXN_SUPER
2026-08-16 00:24:18.077932,0:21:23.920000,11,29,49,30,7,38,0.5333442878012585,0.0019718153641388406,0,33.5,OFF,192000,499200,OFF,537600,OFF,115200,OFF,OFF,OFF,OFF,OFF,38.03921568627451,55.25,-256,-256,-256,55.437,55.062,56.0,54.562,56.0,2767,1873,8368,OFF,MAXN_SUPER
2026-08-16 00:24:19.079327,0:21:24.920000,9,23,44,22,3,64,0.5349705127974715,0.0019718153641388406,0,13.8,OFF,115200,499200,OFF,537600,OFF,115200,OFF,OFF,OFF,OFF,OFF,38.03921568627451,55.375,-256,-256,-256,55.25,55.031,56.218,54.562,56.187,2650,1834,8172,OFF,MAXN_SUPER
2026-08-16 00:24:20.079702,0:21:25.920000,20,24,37,29,5,62,0.5365808195824807,0.0019718153641388406,0,13.2,OFF,115200,499200,OFF,537600,OFF,115200,OFF,OFF,OFF,OFF,OFF,38.03921568627451,55.218,-256,-256,-256,55.156,55.031,56.187,54.562,56.187,2689,1834,8133,OFF,MAXN_SUPER
2026-08-16 00:24:21.079948,0:21:26.930000,18,22,31,25,15,58,0.5382460698706774,0.0019718153641388406,0,13.2,OFF,128000,499200,OFF,537600,OFF,115200,OFF,OFF,OFF,OFF,OFF,38.03921568627451,55.375,-256,-256,-256,55.5,55.125,56.156,54.718,56.156,2767,1873,8368,OFF,MAXN_SUPER
2026-08-16 00:24:22.082776,0:21:27.930000,18,18,56,20,5,62,0.5397079778480119,0.0019718153641388406,0,20.3,OFF,128000,499200,OFF,537600,OFF,115200,OFF,OFF,OFF,OFF,OFF,38.03921568627451,55.281,-256,-256,-256,55.156,55.093,56.218,54.781,56.218,2689,1834,8172,OFF,MAXN_SUPER
2026-08-16 00:24:23.082675,0:21:28.930000,23,17,45,22,28,47,0.5413989026704084,0.0019718153641388406,0,11.9,OFF,115200,499200,OFF,537600,OFF,115200,OFF,OFF,OFF,OFF,OFF,38.03921568627451,55.343,-256,-256,-256,55.312,55.218,56.25,54.781,56.25,2689,1834,8133,OFF,MAXN_SUPER
2026-08-16 00:24:24.084557,0:21:29.930000,25,8,10,51,10,66,0.5431139615549525,0.0019718153641388406,0,20.0,OFF,115200,499200,OFF,537600,OFF,115200,OFF,OFF,OFF,OFF,OFF,38.03921568627451,55.343,-256,-256,-256,55.031,55.125,56.312,54.75,56.312,2576,1837,7977,OFF,MAXN_SUPER
2026-08-16 00:24:25.084871,0:21:30.930000,25,17,6,48,14,63,0.5447889681661451,0.0019718153641388406,0,94.1,OFF,115200,499200,OFF,537600,OFF,115200,OFF,OFF,OFF,OFF,OFF,38.03921568627451,55.562,-256,-256,-256,55.468,55.218,56.343,54.781,56.343,2576,1837,8016,OFF,MAXN_SUPER
2026-08-16 00:24:26.085567,0:21:31.930000,9,8,21,53,13,64,0.5463977344791022,0.0019718153641388406,0,76.9,OFF,115200,499200,OFF,537600,OFF,115200,OFF,OFF,OFF,OFF,OFF,38.03921568627451,55.531,-256,-256,-256,55.687,55.187,56.375,54.75,56.375,2650,1873,8172,OFF,MAXN_SUPER
2026-08-16 00:24:27.087036,0:21:32.930000,23,30,17,29,12,63,0.548056822879091,0.0019718153641388406,0,8.9,OFF,115200,499200,OFF,537600,OFF,115200,OFF,OFF,OFF,OFF,OFF,38.03921568627451,55.375,-256,-256,-256,55.406,55.156,56.375,54.781,56.468,2576,1834,8016,OFF,MAXN_SUPER
2026-08-16 00:24:28.088004,0:21:33.930000,20,41,21,6,15,63,0.5495171903843734,0.0019718153641388406,0,60.0,OFF,115200,499200,OFF,537600,OFF,115200,OFF,OFF,OFF,OFF,OFF,38.03921568627451,55.312,-256,-256,-256,55.312,55.312,56.375,54.843,56.312,2537,1837,7938,OFF,MAXN_SUPER
2026-08-16 00:24:29.089145,0:21:34.930000,19,10,20,12,64,47,0.5511439288712705,0.0019718153641388406,0,99.6,OFF,115200,499200,OFF,537600,OFF,115200,OFF,OFF,OFF,OFF,OFF,38.03921568627451,55.718,-256,-256,-256,55.593,55.343,56.343,55.0,56.343,2767,1873,8290,OFF,MAXN_SUPER
2026-08-16 00:24:30.090006,0:21:35.930000,25,14,59,17,16,52,0.5525955670349251,0.0019718153641388406,0,11.0,OFF,115200,499200,OFF,537600,OFF,115200,OFF,OFF,OFF,OFF,OFF,38.03921568627451,55.718,-256,-256,-256,55.25,55.281,56.5,54.937,56.5,2650,1834,8133,OFF,MAXN_SUPER
2026-08-16 00:24:31.091219,0:21:36.930000,35,35,10,24,21,58,0.5542834109132175,0.0019718153641388406,0,8.3,OFF,115200,499200,OFF,537600,OFF,115200,OFF,OFF,OFF,OFF,OFF,38.03921568627451,55.593,-256,-256,-256,55.593,55.343,56.5,54.968,56.5,2689,1873,8250,OFF,MAXN_SUPER
2026-08-16 00:24:32.091512,0:21:37.930000,13,18,28,22,35,61,0.5557802362570637,0.0019718153641388406,0,11.9,OFF,115200,499200,OFF,537600,OFF,115200,OFF,OFF,OFF,OFF,OFF,38.03921568627451,55.718,-256,-256,-256,55.718,55.375,56.531,55.031,56.531,2806,1873,8368,OFF,MAXN_SUPER
2026-08-16 00:24:33.093481,0:21:38.930000,18,10,48,25,16,48,0.557051125699952,0.0019718153641388406,0,14.5,OFF,115200,499200,OFF,537600,OFF,115200,OFF,OFF,OFF,OFF,OFF,38.03921568627451,55.531,-256,-256,-256,55.625,55.312,56.562,54.843,56.562,2537,1834,7938,OFF,MAXN_SUPER
2026-08-16 00:24:34.094467,0:21:39.930000,32,53,7,12,50,15,0.5587256188204606,0.0019718153641388406,0,99.4,OFF,192000,499200,OFF,537600,OFF,115200,OFF,OFF,OFF,OFF,OFF,38.03921568627451,55.718,-256,-256,-256,55.781,55.343,56.593,55.093,56.593,2615,1834,8094,OFF,MAXN_SUPER
2026-08-16 00:24:35.095131,0:21:40.930000,23,18,21,22,42,60,0.5601325832946076,0.0019718153641388406,0,62.8,OFF,115200,499200,OFF,537600,OFF,115200,OFF,OFF,OFF,OFF,OFF,38.03921568627451,55.625,-256,-256,-256,55.468,55.468,56.687,55.062,56.687,2420,1798,7820,OFF,MAXN_SUPER
2026-08-16 00:24:36.096349,0:21:41.930000,16,7,15,9,55,60,0.5614897391724071,0.0019718153641388406,0,16.9,OFF,115200,499200,OFF,537600,OFF,115200,OFF,OFF,OFF,OFF,OFF,38.03921568627451,55.656,-256,-256,-256,55.593,55.468,56.75,55.031,56.75,2225,1798,7625,OFF,MAXN_SUPER
2026-08-16 00:24:37.097769,0:21:42.930000,9,5,35,12,53,59,0.5631806639948035,0.0019718153641388406,0,18.3,OFF,115200,499200,OFF,537600,OFF,115200,OFF,OFF,OFF,OFF,OFF,38.03921568627451,55.687,-256,-256,-256,55.468,55.437,56.687,55.031,56.656,2303,1798,7664,OFF,MAXN_SUPER
2026-08-16 00:24:38.097914,0:21:43.930000,7,8,16,19,56,61,0.5647930247425486,0.0019718153641388406,0,99.1,OFF,115200,499200,OFF,537600,OFF,115200,OFF,OFF,OFF,OFF,OFF,38.03921568627451,55.687,-256,-256,-256,55.562,55.593,56.625,55.156,56.625,2537,1834,7977,OFF,MAXN_SUPER
2026-08-16 00:24:39.099495,0:21:44.930000,14,8,6,29,48,60,0.566374576049254,0.0019718153641388406,0,51.5,OFF,115200,499200,OFF,537600,OFF,115200,OFF,OFF,OFF,OFF,OFF,38.03921568627451,55.968,-256,-256,-256,55.718,55.5,56.687,55.125,56.687,2611,1873,8133,OFF,MAXN_SUPER
2026-08-16 00:24:40.100899,0:21:45.930000,29,49,16,8,56,23,0.56811428248663,0.0019718153641388406,0,63.7,OFF,115200,499200,OFF,537600,OFF,115200,OFF,OFF,OFF,OFF,OFF,38.03921568627451,55.656,-256,-256,-256,55.562,55.593,56.718,55.218,56.625,2615,1834,8094,OFF,MAXN_SUPER
2026-08-16 00:24:41.101208,0:21:46.930000,20,55,13,8,58,19,0.5696105943397922,0.0019718153641388406,0,27.4,OFF,115200,499200,OFF,537600,OFF,115200,OFF,OFF,OFF,OFF,OFF,38.03921568627451,55.812,-256,-256,-256,55.406,55.562,56.625,55.25,56.625,2537,1834,8055,OFF,MAXN_SUPER
2026-08-16 00:24:42.102662,0:21:47.930000,32,35,30,7,55,20,0.5711592822427219,0.0019718153641388406,0,67.6,OFF,115200,499200,OFF,537600,OFF,115200,OFF,OFF,OFF,OFF,OFF,38.03921568627451,55.875,-256,-256,-256,55.968,55.656,56.781,55.218,56.781,2767,1912,8407,OFF,MAXN_SUPER
2026-08-16 00:24:43.102820,0:21:48.930000,16,47,23,6,57,19,0.5728342888539145,0.0019718153641388406,0,82.9,OFF,140800,499200,OFF,537600,OFF,115200,OFF,OFF,OFF,OFF,OFF,38.03921568627451,55.781,-256,-256,-256,55.906,55.687,56.812,55.343,56.812,2572,1834,8094,OFF,MAXN_SUPER
2026-08-16 00:24:44.104594,0:21:49.930000,22,46,26,10,57,17,0.5744605138501274,0.0019718153641388406,0,28.5,OFF,115200,499200,OFF,537600,OFF,115200,OFF,OFF,OFF,OFF,OFF,38.03921568627451,56.031,-256,-256,-256,55.812,55.812,56.875,55.375,56.875,2728,1873,8290,OFF,MAXN_SUPER
2026-08-16 00:24:45.107660,0:21:50.930000,23,14,32,32,39,41,0.5762839192689947,0.0019718153641388406,0,15.2,OFF,166400,499200,OFF,537600,OFF,115200,OFF,OFF,OFF,OFF,OFF,38.03921568627451,56.093,-256,-256,-256,56.312,55.656,56.781,55.468,56.781,3040,1912,8705,OFF,MAXN_SUPER
2026-08-16 00:24:46.106875,0:21:51.930000,17,17,24,41,58,18,0.577549673805043,0.0019718153641388406,0,99.1,OFF,115200,499200,OFF,537600,OFF,115200,OFF,OFF,OFF,OFF,OFF,38.03921568627451,56.093,-256,-256,-256,55.906,55.781,56.937,55.343,56.937,2689,1873,8250,OFF,MAXN_SUPER
2026-08-16 00:24:47.107282,0:21:52.930000,13,53,26,13,49,18,0.5772343905250699,0.0019718153641388406,0,99.3,OFF,115200,499200,OFF,537600,OFF,115200,OFF,OFF,OFF,OFF,OFF,38.03921568627451,55.875,-256,-256,-256,55.937,55.843,56.812,55.406,56.812,2650,1834,8133,OFF,MAXN_SUPER
2026-08-16 00:24:48.107951,0:21:53.930000,14,37,56,33,10,9,0.578410797682103,0.0019718153641388406,0,93.0,OFF,115200,499200,OFF,537600,OFF,115200,OFF,OFF,OFF,OFF,OFF,38.03921568627451,56.062,-256,-256,-256,56.062,55.781,57.031,55.312,57.031,2650,1873,8211,OFF,MAXN_SUPER
2026-08-16 00:24:49.109461,0:21:54.930000,11,53,52,40,0,13,0.5796596070255795,0.0019718153641388406,0,23.2,OFF,115200,499200,OFF,537600,OFF,115200,OFF,OFF,OFF,OFF,OFF,38.03921568627451,56.125,-256,-256,-256,56.093,55.968,56.968,55.5,56.968,2845,1873,8368,OFF,MAXN_SUPER
2026-08-16 00:24:50.111855,0:21:55.930000,14,61,16,52,3,7,0.5800190505043762,0.0019718153641388406,0,14.1,OFF,128000,499200,OFF,537600,OFF,115200,OFF,OFF,OFF,OFF,OFF,38.03921568627451,56.218,-256,-256,-256,56.25,55.875,57.0,55.437,57.0,2689,1834,8133,OFF,MAXN_SUPER
2026-08-16 00:24:51.111688,0:21:56.930000,19,9,27,43,20,36,0.5790608768880411,0.0019718153641388406,0,99.7,OFF,115200,499200,OFF,537600,OFF,115200,OFF,OFF,OFF,OFF,OFF,38.03921568627451,55.906,-256,-256,-256,56.031,55.968,57.156,55.562,56.968,2420,1837,7859,OFF,MAXN_SUPER
2026-08-16 00:24:52.112989,0:21:57.930000,15,6,26,10,48,58,0.5792508684411193,0.0019718153641388406,0,21.2,OFF,115200,499200,OFF,537600,OFF,115200,OFF,OFF,OFF,OFF,OFF,38.03921568627451,56.187,-256,-256,-256,55.906,55.937,57.0,55.437,57.0,2225,1759,7507,OFF,MAXN_SUPER
2026-08-16 00:24:53.114051,0:21:58.930000,7,9,12,6,56,62,0.5788390489125551,0.0019718153641388406,0,99.6,OFF,115200,499200,OFF,537600,OFF,115200,OFF,OFF,OFF,OFF,OFF,38.03921568627451,56.0,-256,-256,-256,55.937,55.875,57.093,55.343,57.093,2303,1798,7664,OFF,MAXN_SUPER
2026-08-16 00:24:54.113919,0:21:59.930000,16,29,15,9,28,67,0.5789237748754144,0.0019718153641388406,0,15.8,OFF,115200,499200,OFF,537600,OFF,115200,OFF,OFF,OFF,OFF,OFF,38.03921568627451,56.218,-256,-256,-256,56.062,55.875,57.156,55.531,57.156,2381,1798,7703,OFF,MAXN_SUPER
2026-08-16 00:24:55.116356,0:22:00.930000,17,9,7,35,17,64,0.5794737233979732,0.0019718153641388406,0,30.7,OFF,115200,499200,OFF,537600,OFF,115200,OFF,OFF,OFF,OFF,OFF,38.03921568627451,56.062,-256,-256,-256,55.843,55.875,57.031,55.406,57.031,2303,1759,7547,OFF,MAXN_SUPER
2026-08-16 00:24:56.118326,0:22:01.930000,11,6,18,13,51,66,0.5797011997709831,0.0019718153641388406,0,71.4,OFF,115200,499200,OFF,537600,OFF,115200,OFF,OFF,OFF,OFF,OFF,38.03921568627451,56.656,-256,-256,-256,56.187,55.906,57.062,55.5,57.25,2689,1834,8133,OFF,MAXN_SUPER
2026-08-16 00:24:57.118084,0:22:02.930000,9,5,6,15,54,63,0.5791866821056199,0.0019718153641388406,0,15.5,OFF,115200,499200,OFF,537600,OFF,115200,OFF,OFF,OFF,OFF,OFF,38.03921568627451,56.062,-256,-256,-256,55.812,56.062,57.031,55.5,57.031,2264,1759,7547,OFF,MAXN_SUPER
2026-08-16 00:24:58.119153,0:22:03.930000,25,50,13,15,13,59,0.5796442023050596,0.0019718153641388406,0,12.8,OFF,140800,499200,OFF,537600,OFF,115200,OFF,OFF,OFF,OFF,OFF,38.03921568627451,56.156,-256,-256,-256,55.968,55.968,57.25,55.531,57.031,2381,1798,7703,OFF,MAXN_SUPER
2026-08-16 00:24:59.120791,0:22:04.930000,14,54,17,17,18,43,0.579498370950805,0.0019718153641388406,0,99.5,OFF,115200,499200,OFF,537600,OFF,115200,OFF,OFF,OFF,OFF,OFF,38.03921568627451,56.281,-256,-256,-256,55.937,56.031,57.187,55.531,57.062,2459,1798,7820,OFF,MAXN_SUPER
2026-08-16 00:25:00.121190,0:22:05.930000,13,6,46,18,19,53,0.5799887545540205,0.0019718153641388406,0,69.7,OFF,115200,499200,OFF,537600,OFF,115200,OFF,OFF,OFF,OFF,OFF,38.03921568627451,56.156,-256,-256,-256,56.312,56.0,57.093,55.531,57.093,2459,1798,7820,OFF,MAXN_SUPER
2026-08-16 00:25:01.121420,0:22:06.930000,23,12,18,29,39,62,0.5806049433748148,0.0019718153641388406,0,99.2,OFF,153600,499200,OFF,537600,OFF,115200,OFF,OFF,OFF,OFF,OFF,38.03921568627451,56.5,-256,-256,-256,56.281,56.031,57.156,55.625,57.156,2845,1834,8407,OFF,MAXN_SUPER
2026-08-16 00:25:02.123868,0:22:07.930000,19,54,20,14,29,36,0.5802896600948417,0.0019718153641388406,0,80.1,OFF,115200,499200,OFF,537600,OFF,115200,OFF,OFF,OFF,OFF,OFF,38.03921568627451,56.125,-256,-256,-256,56.437,56.031,57.218,55.656,57.218,2576,1834,8055,OFF,MAXN_SUPER
2026-08-16 00:25:03.124780,0:22:08.930000,7,23,13,10,31,65,0.5803497385048692,0.0019718153641388406,0,13.8,OFF,115200,499200,OFF,537600,OFF,115200,OFF,OFF,OFF,OFF,OFF,38.03921568627451,56.0,-256,-256,-256,56.562,56.218,57.062,55.625,57.156,2498,1798,7899,OFF,MAXN_SUPER
2026-08-16 00:25:04.125267,0:22:09.930000,16,7,21,8,54,63,0.5800339417342121,0.0019718153641388406,0,39.7,OFF,140800,499200,OFF,537600,OFF,115200,OFF,OFF,OFF,OFF,OFF,38.03921568627451,56.187,-256,-256,-256,56.0,56.031,57.281,55.562,57.281,2381,1759,7664,OFF,MAXN_SUPER
2026-08-16 00:25:05.127645,0:22:10.940000,9,5,14,9,54,67,0.5800852908026116,0.0019718153641388406,0,99.6,OFF,115200,499200,OFF,537600,OFF,115200,OFF,OFF,OFF,OFF,OFF,38.03921568627451,56.156,-256,-256,-256,56.031,56.125,57.312,55.656,57.25,2420,1798,7781,OFF,MAXN_SUPER
2026-08-16 00:25:06.127974,0:22:11.940000,13,5,20,8,51,68,0.5799594855850327,0.0019718153641388406,0,12.8,OFF,115200,499200,OFF,537600,OFF,115200,OFF,OFF,OFF,OFF,OFF,38.03921568627451,56.781,-256,-256,-256,56.281,56.218,57.312,55.593,57.312,2654,1795,8055,OFF,MAXN_SUPER
2026-08-16 00:25:07.129143,0:22:12.940000,17,11,8,4,55,64,0.5799764307776046,0.0019718153641388406,0,14.3,OFF,115200,499200,OFF,537600,OFF,115200,OFF,OFF,OFF,OFF,OFF,38.03921568627451,56.125,-256,-256,-256,55.906,56.093,57.218,55.656,57.25,2225,1759,7507,OFF,MAXN_SUPER
2026-08-16 00:25:08.130063,0:22:13.940000,11,7,8,8,55,65,0.5794069696090539,0.0019718153641388406,0,99.5,OFF,115200,499200,OFF,537600,OFF,115200,OFF,OFF,OFF,OFF,OFF,38.03921568627451,56.187,-256,-256,-256,56.031,56.0,57.187,55.75,57.187,2342,1798,7703,OFF,MAXN_SUPER
2026-08-16 00:25:09.130931,0:22:14.940000,26,21,19,8,22,65,0.5792164645652916,0.0019718153641388406,0,28.6,OFF,115200,499200,OFF,537600,OFF,115200,OFF,OFF,OFF,OFF,OFF,38.03921568627451,56.093,-256,-256,-256,56.156,56.156,57.218,55.75,57.218,2264,1759,7507,OFF,MAXN_SUPER
2026-08-16 00:25:10.130936,0:22:15.940000,29,22,22,8,21,65,0.5799728363428166,0.0019718153641388406,0,87.3,OFF,115200,499200,OFF,537600,OFF,115200,OFF,OFF,OFF,OFF,OFF,38.03921568627451,56.312,-256,-256,-256,56.281,56.062,57.281,55.812,57.281,2537,1798,7977,OFF,MAXN_SUPER
2026-08-16 00:25:11.133648,0:22:16.940000,10,18,16,6,49,67,0.5794223743295738,0.0019718153641388406,0,12.7,OFF,115200,499200,OFF,537600,OFF,115200,OFF,OFF,OFF,OFF,OFF,38.03921568627451,56.406,-256,-256,-256,56.187,56.25,57.187,55.718,57.187,2420,1798,7859,OFF,MAXN_SUPER
2026-08-16 00:25:12.134342,0:22:17.940000,12,37,14,13,17,67,0.5798716786780695,0.0019718153641388406,0,19.4,OFF,115200,499200,OFF,537600,OFF,115200,OFF,OFF,OFF,OFF,OFF,38.03921568627451,56.25,-256,-256,-256,56.375,56.187,57.187,55.718,57.312,2264,1759,7586,OFF,MAXN_SUPER
2026-08-16 00:25:13.135104,0:22:18.940000,9,3,16,9,53,64,0.578743026154648,0.0019718153641388406,0,99.1,OFF,166400,499200,OFF,537600,OFF,115200,OFF,OFF,OFF,OFF,OFF,38.03921568627451,56.187,-256,-256,-256,56.156,56.281,57.25,55.75,57.25,2381,1798,7664,OFF,MAXN_SUPER
2026-08-16 00:25:14.136481,0:22:19.940000,12,17,15,8,53,68,0.5794911820812291,0.0019718153641388406,0,61.3,OFF,115200,499200,OFF,537600,OFF,115200,OFF,OFF,OFF,OFF,OFF,38.03921568627451,56.562,-256,-256,-256,56.437,56.25,57.125,55.843,57.187,2420,1798,7820,OFF,MAXN_SUPER
2026-08-16 00:25:15.138185,0:22:20.940000,10,4,11,10,54,64,0.5796914434479873,0.0019718153641388406,0,10.9,OFF,153600,499200,OFF,537600,OFF,115200,OFF,OFF,OFF,OFF,OFF,38.03921568627451,56.25,-256,-256,-256,56.093,56.218,57.437,55.781,57.156,2225,1759,7468,OFF,MAXN_SUPER
2026-08-16 00:25:16.138710,0:22:21.940000,11,19,8,14,50,64,0.5795579358701485,0.0019718153641388406,0,92.9,OFF,115200,499200,OFF,537600,OFF,115200,OFF,OFF,OFF,OFF,OFF,38.03921568627451,56.281,-256,-256,-256,56.343,56.218,57.406,55.75,57.312,2381,1798,7820,OFF,MAXN_SUPER
2026-08-16 00:25:17.139741,0:22:22.940000,9,25,12,9,49,48,0.5808380681453487,0.0019718153641388406,0,18.1,OFF,115200,499200,OFF,537600,OFF,115200,OFF,OFF,OFF,OFF,OFF,38.03921568627451,56.281,-256,-256,-256,56.0,56.218,57.468,55.781,57.468,2186,1759,7468,OFF,MAXN_SUPER
2026-08-16 00:25:18.141063,0:22:23.940000,21,40,19,9,7,61,0.578965367620818,0.0019718153641388406,0,76.9,OFF,115200,499200,OFF,537600,OFF,115200,OFF,OFF,OFF,OFF,OFF,38.03921568627451,56.406,-256,-256,-256,56.5,56.281,57.375,55.781,57.375,2459,1798,7820,OFF,MAXN_SUPER
2026-08-16 00:25:19.141804,0:22:24.940000,17,23,40,8,15,61,0.5794182664041018,0.0019718153641388406,0,15.8,OFF,115200,499200,OFF,537600,OFF,115200,OFF,OFF,OFF,OFF,OFF,38.03921568627451,56.281,-256,-256,-256,56.406,56.281,57.375,55.906,57.375,2381,1798,7703,OFF,MAXN_SUPER
2026-08-16 00:25:20.141461,0:22:25.940000,9,31,9,14,40,51,0.5791486837950043,0.0019718153641388406,0,10.1,OFF,115200,499200,OFF,537600,OFF,115200,OFF,OFF,OFF,OFF,OFF,38.03921568627451,56.25,-256,-256,-256,56.375,56.312,57.406,55.781,57.406,2264,1759,7547,OFF,MAXN_SUPER
2026-08-16 00:25:21.144084,0:22:26.940000,8,17,8,20,50,65,0.5792560033479592,0.0019718153641388406,0,98.3,OFF,115200,499200,OFF,537600,OFF,115200,OFF,OFF,OFF,OFF,OFF,38.03921568627451,56.312,-256,-256,-256,56.562,56.25,57.437,55.812,57.437,2342,1798,7781,OFF,MAXN_SUPER
2026-08-16 00:25:22.144757,0:22:27.940000,10,9,4,11,54,66,0.5784559848622947,0.0019718153641388406,0,21.6,OFF,115200,499200,OFF,537600,OFF,115200,OFF,OFF,OFF,OFF,OFF,38.03921568627451,56.468,-256,-256,-256,56.343,56.312,57.437,55.75,57.437,2342,1798,7664,OFF,MAXN_SUPER
2026-08-16 00:25:23.145939,0:22:28.940000,23,21,27,8,37,62,0.5790249325401614,0.0019718153641388406,0,99.4,OFF,115200,499200,OFF,537600,OFF,115200,OFF,OFF,OFF,OFF,OFF,38.03921568627451,56.781,-256,-256,-256,56.375,56.312,57.406,55.906,57.406,2654,1795,8016,OFF,MAXN_SUPER
2026-08-16 00:25:24.147034,0:22:29.940000,13,14,7,67,51,15,0.5809684947790835,0.0019718153641388406,0,12.3,OFF,115200,499200,OFF,537600,OFF,115200,OFF,OFF,OFF,OFF,OFF,38.03921568627451,56.406,-256,-256,-256,56.375,56.5,57.468,56.031,57.468,2459,1798,7781,OFF,MAXN_SUPER
2026-08-16 00:25:25.148688,0:22:30.940000,9,6,14,69,54,6,0.5791486837950043,0.0019718153641388406,0,9.7,OFF,115200,499200,OFF,537600,OFF,115200,OFF,OFF,OFF,OFF,OFF,38.03921568627451,56.468,-256,-256,-256,56.437,56.437,57.375,55.937,57.437,2459,1798,7781,OFF,MAXN_SUPER
2026-08-16 00:25:26.148898,0:22:31.940000,19,7,30,56,45,7,0.579609798429232,0.0019718153641388406,0,38.2,OFF,115200,499200,OFF,537600,OFF,115200,OFF,OFF,OFF,OFF,OFF,38.03921568627451,56.375,-256,-256,-256,56.5,56.312,57.5,55.937,57.5,2303,1759,7703,OFF,MAXN_SUPER
2026-08-16 00:25:27.150025,0:22:32.940000,28,13,5,60,46,8,0.581019330356799,0.0019718153641388406,0,15.9,OFF,115200,499200,OFF,537600,OFF,115200,OFF,OFF,OFF,OFF,OFF,38.03921568627451,56.718,-256,-256,-256,56.781,56.281,57.468,56.0,57.468,2576,1834,7977,OFF,MAXN_SUPER
2026-08-16 00:25:28.151375,0:22:33.940000,18,29,7,49,25,42,0.5801366398710112,0.0019718153641388406,0,7.0,OFF,115200,499200,OFF,537600,OFF,115200,OFF,OFF,OFF,OFF,OFF,38.03921568627451,56.687,-256,-256,-256,56.312,56.437,57.468,55.937,57.656,2537,1759,7820,OFF,MAXN_SUPER
2026-08-16 00:25:29.152281,0:22:34.940000,33,6,13,27,19,58,0.5795825834229803,0.0019718153641388406,0,99.0,OFF,115200,499200,OFF,537600,OFF,115200,OFF,OFF,OFF,OFF,OFF,38.03921568627451,56.375,-256,-256,-256,56.718,56.468,57.468,56.0,57.468,2459,1798,7781,OFF,MAXN_SUPER
2026-08-16 00:25:30.153553,0:22:35.940000,15,4,23,35,11,68,0.5794198068761538,0.0019718153641388406,0,90.2,OFF,115200,499200,OFF,537600,OFF,115200,OFF,OFF,OFF,OFF,OFF,38.03921568627451,56.625,-256,-256,-256,56.593,56.531,57.468,55.968,57.468,2576,1798,7899,OFF,MAXN_SUPER
2026-08-16 00:25:31.154294,0:22:36.940000,15,21,50,16,4,65,0.5816961110783048,0.0019718153641388406,0,10.3,OFF,115200,499200,OFF,537600,OFF,115200,OFF,OFF,OFF,OFF,OFF,38.03921568627451,56.312,-256,-256,-256,56.218,56.375,57.437,55.968,57.437,2303,1759,7625,OFF,MAXN_SUPER
2026-08-16 00:25:32.155674,0:22:37.940000,32,13,26,37,22,32,0.5806414012133785,0.0019718153641388406,0,17.9,OFF,128000,499200,OFF,537600,OFF,115200,OFF,OFF,OFF,OFF,OFF,38.03921568627451,56.468,-256,-256,-256,56.375,56.5,57.437,55.937,57.437,2498,1798,7859,OFF,MAXN_SUPER
2026-08-16 00:25:33.156075,0:22:38.940000,25,39,12,63,14,14,0.5792898937331029,0.0019718153641388406,0,11.3,OFF,115200,499200,OFF,537600,OFF,115200,OFF,OFF,OFF,OFF,OFF,38.03921568627451,56.812,-256,-256,-256,56.437,56.406,57.468,55.937,57.468,2381,1798,7781,OFF,MAXN_SUPER
2026-08-16 00:25:34.157513,0:22:39.940000,15,55,55,27,5,14,0.5799630800198208,0.0019718153641388406,0,11.8,OFF,115200,499200,OFF,537600,OFF,115200,OFF,OFF,OFF,OFF,OFF,38.03921568627451,56.562,-256,-256,-256,56.656,56.562,57.468,56.187,57.5,2728,1873,8250,OFF,MAXN_SUPER
2026-08-16 00:25:35.158256,0:22:40.940000,15,35,59,8,10,37,0.5791271171862764,0.0019718153641388406,0,65.2,OFF,115200,499200,OFF,537600,OFF,115200,OFF,OFF,OFF,OFF,OFF,38.03921568627451,56.437,-256,-256,-256,56.562,56.468,57.5,56.031,57.5,2459,1798,7820,OFF,MAXN_SUPER
2026-08-16 00:25:36.159863,0:22:41.940000,22,38,30,18,6,55,0.5790470126395731,0.0019718153641388406,0,46.5,OFF,115200,499200,OFF,537600,OFF,115200,OFF,OFF,OFF,OFF,OFF,38.03921568627451,56.625,-256,-256,-256,56.593,56.562,57.5,56.093,57.5,2420,1798,7859,OFF,MAXN_SUPER
2026-08-16 00:25:37.159521,0:22:42.940000,15,22,14,10,47,53,0.5794608861308733,0.0019718153641388406,0,12.5,OFF,115200,499200,OFF,537600,OFF,115200,OFF,OFF,OFF,OFF,OFF,38.03921568627451,56.562,-256,-256,-256,56.656,56.562,57.468,56.062,57.468,2615,1912,8133,OFF,MAXN_SUPER
2026-08-16 00:25:38.161946,0:22:43.940000,16,6,20,16,63,51,0.5792554898572753,0.0019718153641388406,0,99.6,OFF,115200,499200,OFF,537600,OFF,115200,OFF,OFF,OFF,OFF,OFF,38.03921568627451,56.718,-256,-256,-256,57.093,56.531,57.625,56.0,57.625,2611,1834,8094,OFF,MAXN_SUPER
2026-08-16 00:25:39.163360,0:22:44.940000,26,9,3,7,64,54,0.5793371348760306,0.0019718153641388406,0,21.4,OFF,115200,499200,OFF,537600,OFF,115200,OFF,OFF,OFF,OFF,OFF,38.03921568627451,56.687,-256,-256,-256,56.375,56.5,57.687,56.062,57.687,2537,1798,7899,OFF,MAXN_SUPER
2026-08-16 00:25:40.164012,0:22:45.940000,47,15,6,33,7,56,0.5772436333573818,0.0019718153641388406,0,49.1,OFF,115200,499200,OFF,537600,OFF,115200,OFF,OFF,OFF,OFF,OFF,38.03921568627451,56.656,-256,-256,-256,56.656,56.468,57.656,56.062,57.656,2576,1837,7977,OFF,MAXN_SUPER
2026-08-16 00:25:41.164972,0:22:46.940000,8,21,8,20,55,57,0.5788698583535948,0.0019718153641388406,0,82.8,OFF,115200,499200,OFF,537600,OFF,115200,OFF,OFF,OFF,OFF,OFF,38.03921568627451,56.593,-256,-256,-256,56.5,56.437,57.593,56.062,57.593,2303,1798,7742,OFF,MAXN_SUPER
2026-08-16 00:25:42.167024,0:22:47.940000,24,14,50,17,9,47,0.5752322903481724,0.0019718153641388406,0,8.0,OFF,115200,499200,OFF,537600,OFF,115200,OFF,OFF,OFF,OFF,OFF,38.03921568627451,56.656,-256,-256,-256,56.562,56.531,57.656,56.062,57.656,2459,1834,7938,OFF,MAXN_SUPER
2026-08-16 00:25:43.167432,0:22:48.940000,37,48,8,23,9,57,0.5783229907751398,0.0019718153641388406,0,14.8,OFF,115200,499200,OFF,537600,OFF,115200,OFF,OFF,OFF,OFF,OFF,38.03921568627451,56.593,-256,-256,-256,56.937,56.656,57.593,56.156,57.593,2728,1873,8368,OFF,MAXN_SUPER
2026-08-16 00:25:44.168893,0:22:49.940000,4,14,7,18,54,64,0.5740065880854757,0.0019718153641388406,0,64.8,OFF,115200,499200,OFF,537600,OFF,115200,OFF,OFF,OFF,OFF,OFF,38.03921568627451,56.906,-256,-256,-256,56.625,56.531,57.625,56.125,57.625,2576,1834,8016,OFF,MAXN_SUPER
2026-08-16 00:25:45.169660,0:22:50.940000,6,16,5,13,53,65,0.5749950576521665,0.0019718153641388406,0,26.4,OFF,115200,499200,OFF,537600,OFF,115200,OFF,OFF,OFF,OFF,OFF,38.03921568627451,56.781,-256,-256,-256,56.531,56.625,57.687,56.093,57.687,2303,1759,7586,OFF,MAXN_SUPER
2026-08-16 00:25:46.170894,0:22:51.940000,16,31,19,14,25,60,0.576032822324521,0.0019718153641388406,0,54.1,OFF,115200,499200,OFF,537600,OFF,115200,OFF,OFF,OFF,OFF,OFF,38.03921568627451,56.593,-256,-256,-256,56.781,56.656,57.75,56.187,57.75,2303,1798,7664,OFF,MAXN_SUPER
2026-08-16 00:25:47.172044,0:22:52.940000,18,9,8,4,52,66,0.5765504209339882,0.0019718153641388406,0,99.7,OFF,115200,499200,OFF,537600,OFF,115200,OFF,OFF,OFF,OFF,OFF,38.03921568627451,56.812,-256,-256,-256,57.031,56.625,57.687,56.125,57.687,2381,1798,7781,OFF,MAXN_SUPER
2026-08-16 00:25:48.173010,0:22:53.940000,24,39,7,13,54,44,0.5773730330097486,0.0019718153641388406,0,99.4,OFF,115200,499200,OFF,537600,OFF,115200,OFF,OFF,OFF,OFF,OFF,38.03921568627451,56.687,-256,-256,-256,56.593,56.625,57.625,56.187,57.593,2615,1834,8055,OFF,MAXN_SUPER
2026-08-16 00:25:49.173157,0:22:54.940000,28,44,8,20,43,28,0.57743362491046,0.0019718153641388406,0,43.6,OFF,140800,499200,OFF,537600,OFF,115200,OFF,OFF,OFF,OFF,OFF,38.03921568627451,56.687,-256,-256,-256,56.687,56.625,57.968,56.187,57.656,2650,1834,8133,OFF,MAXN_SUPER
2026-08-16 00:25:50.175429,0:22:55.940000,31,38,19,18,13,54,0.5769812396178602,0.0019718153641388406,0,99.4,OFF,115200,499200,OFF,537600,OFF,115200,OFF,OFF,OFF,OFF,OFF,38.03921568627451,56.75,-256,-256,-256,56.812,56.531,57.75,56.25,57.75,2650,1834,8133,OFF,MAXN_SUPER
2026-08-16 00:25:51.176290,0:22:56.940000,14,6,9,21,65,52,0.5742279025702777,0.0019718153641388406,0,21.1,OFF,115200,499200,OFF,537600,OFF,115200,OFF,OFF,OFF,OFF,OFF,38.03921568627451,56.656,-256,-256,-256,56.781,56.687,57.656,56.156,57.656,2459,1837,7977,OFF,MAXN_SUPER
2026-08-16 00:25:52.177431,0:22:57.940000,21,8,6,13,62,53,0.5750787566336578,0.0019718153641388406,0,99.4,OFF,115200,499200,OFF,537600,OFF,115200,OFF,OFF,OFF,OFF,OFF,38.03921568627451,56.625,-256,-256,-256,56.75,56.687,57.656,56.25,57.656,2498,1837,7977,OFF,MAXN_SUPER
2026-08-16 00:25:53.178954,0:22:58.940000,15,9,17,10,63,51,0.576678793604987,0.0019718153641388406,0,15.8,OFF,115200,499200,OFF,537600,OFF,115200,OFF,OFF,OFF,OFF,OFF,38.03921568627451,56.812,-256,-256,-256,56.562,56.593,57.687,56.187,57.687,2342,1759,7664,OFF,MAXN_SUPER
2026-08-16 00:25:54.181723,0:22:59.940000,9,13,5,16,58,57,0.5764066435424695,0.0019718153641388406,0,23.8,OFF,115200,499200,OFF,537600,OFF,115200,OFF,OFF,OFF,OFF,OFF,38.03921568627451,56.625,-256,-256,-256,56.718,56.718,57.718,56.187,57.656,2303,1798,7625,OFF,MAXN_SUPER
2026-08-16 00:25:55.181298,0:23:00.940000,17,15,7,20,54,59,0.5756004631685969,0.0019718153641388406,0,24.0,OFF,217600,499200,OFF,537600,OFF,115200,OFF,OFF,OFF,OFF,OFF,38.03921568627451,56.718,-256,-256,-256,56.656,56.625,57.687,56.187,57.687,2498,1798,7781,OFF,MAXN_SUPER
2026-08-16 00:25:56.181792,0:23:01.940000,21,23,44,8,12,57,0.5739008090045726,0.0019718153641388406,0,99.3,OFF,115200,499200,OFF,537600,OFF,115200,OFF,OFF,OFF,OFF,OFF,38.03921568627451,56.75,-256,-256,-256,57.031,56.625,57.593,56.281,57.593,2728,1873,8329,OFF,MAXN_SUPER
2026-08-16 00:25:57.182830,0:23:02.950000,14,59,24,7,24,32,0.5736759000849827,0.0019718153641388406,0,69.4,OFF,115200,499200,OFF,537600,OFF,115200,OFF,OFF,OFF,OFF,OFF,38.03921568627451,56.75,-256,-256,-256,56.593,56.625,57.781,56.281,57.781,2537,1834,8016,OFF,MAXN_SUPER
2026-08-16 00:25:58.184236,0:23:03.950000,27,56,28,8,4,55,0.5742263620982256,0.0019718153641388406,0,99.3,OFF,115200,499200,OFF,537600,OFF,115200,OFF,OFF,OFF,OFF,OFF,38.03921568627451,56.812,-256,-256,-256,56.968,56.625,57.812,56.281,57.812,2611,1834,8094,OFF,MAXN_SUPER
2026-08-16 00:25:59.185664,0:23:04.950000,10,61,28,10,4,54,0.5735778233643396,0.0019718153641388406,0,92.5,OFF,115200,499200,OFF,537600,OFF,115200,OFF,OFF,OFF,OFF,OFF,38.03921568627451,56.906,-256,-256,-256,56.781,56.562,57.75,56.25,57.75,2650,1834,8133,OFF,MAXN_SUPER
2026-08-16 00:26:00.186005,0:23:05.950000,40,18,43,52,19,20,0.5740368840358314,0.0019718153641388406,0,99.4,OFF,115200,499200,OFF,537600,OFF,115200,OFF,OFF,OFF,OFF,OFF,38.03921568627451,57.218,-256,-256,-256,57.093,56.718,57.812,56.437,57.875,3001,1912,8627,OFF,MAXN_SUPER
2026-08-16 00:26:01.186805,0:23:06.950000,17,59,29,36,26,10,0.5760374437406769,0.0019718153641388406,0,99.6,OFF,153600,499200,OFF,537600,OFF,115200,OFF,OFF,OFF,OFF,OFF,41.1764705882353,57.062,-256,-256,-256,56.968,56.687,57.937,56.406,57.937,2767,1873,8368,OFF,MAXN_SUPER
2026-08-16 00:26:02.188701,0:23:07.950000,35,19,20,31,32,39,0.5739906698742718,0.0019718153641388406,0,99.6,OFF,115200,499200,OFF,537600,OFF,115200,OFF,OFF,OFF,OFF,OFF,41.1764705882353,57.156,-256,-256,-256,57.343,56.625,57.875,56.406,57.875,2767,1873,8407,OFF,MAXN_SUPER
2026-08-16 00:26:03.189789,0:23:08.950000,29,40,20,26,9,53,0.574399408458732,0.0019718153641388406,0,21.0,OFF,115200,499200,OFF,537600,OFF,115200,OFF,OFF,OFF,OFF,OFF,41.1764705882353,56.906,-256,-256,-256,57.156,56.781,57.968,56.343,57.968,2767,1873,8329,OFF,MAXN_SUPER
2026-08-16 00:26:04.191003,0:23:09.950000,22,41,12,23,30,40,0.574182715390086,0.0019718153641388406,0,17.1,OFF,115200,499200,OFF,537600,OFF,115200,OFF,OFF,OFF,OFF,OFF,41.1764705882353,57.0,-256,-256,-256,56.843,56.781,57.843,56.312,57.843,2576,1834,8055,OFF,MAXN_SUPER
2026-08-16 00:26:05.191218,0:23:10.950000,18,50,28,23,21,49,0.5737046555632864,0.0019718153641388406,0,48.9,OFF,115200,499200,OFF,537600,OFF,115200,OFF,OFF,OFF,OFF,OFF,41.1764705882353,56.875,-256,-256,-256,56.812,56.781,57.843,56.406,57.843,2767,1834,8250,OFF,MAXN_SUPER
2026-08-16 00:26:06.191768,0:23:11.950000,25,9,35,32,10,61,0.5738920796629448,0.0019718153641388406,0,99.5,OFF,179200,499200,OFF,537600,OFF,115200,OFF,OFF,OFF,OFF,OFF,41.1764705882353,56.906,-256,-256,-256,56.937,56.718,57.843,56.281,57.843,2689,1873,8250,OFF,MAXN_SUPER
2026-08-16 00:26:07.193963,0:23:12.950000,8,20,39,21,8,65,0.5740189118618916,0.0019718153641388406,0,22.1,OFF,115200,499200,OFF,537600,OFF,115200,OFF,OFF,OFF,OFF,OFF,41.1764705882353,57.031,-256,-256,-256,57.0,56.781,58.0,56.406,57.843,2689,1873,8290,OFF,MAXN_SUPER
2026-08-16 00:26:08.197702,0:23:13.950000,32,26,23,17,10,62,0.5738474059734371,0.0019718153641388406,0,14.9,OFF,115200,499200,OFF,537600,OFF,115200,OFF,OFF,OFF,OFF,OFF,41.1764705882353,56.906,-256,-256,-256,56.781,56.781,58.031,56.312,58.031,2537,1834,8016,OFF,MAXN_SUPER
2026-08-16 00:26:09.194991,0:23:14.950000,19,39,19,21,20,49,0.5735963090289634,0.0019718153641388406,0,24.9,OFF,115200,499200,OFF,537600,OFF,115200,OFF,OFF,OFF,OFF,OFF,41.1764705882353,57.0,-256,-256,-256,56.687,56.75,57.906,56.312,57.906,2576,1834,7977,OFF,MAXN_SUPER
2026-08-16 00:26:10.197110,0:23:15.950000,22,19,50,22,43,33,0.5740415054519873,0.0019718153641388406,0,48.6,OFF,115200,499200,OFF,537600,OFF,115200,OFF,OFF,OFF,OFF,OFF,41.1764705882353,56.906,-256,-256,-256,57.125,56.781,57.906,56.343,57.906,2806,1873,8368,OFF,MAXN_SUPER
2026-08-16 00:26:11.199130,0:23:16.950000,34,35,19,17,31,44,0.5748523072420159,0.0019718153641388406,0,44.2,OFF,115200,499200,OFF,537600,OFF,115200,OFF,OFF,OFF,OFF,OFF,41.1764705882353,56.937,-256,-256,-256,56.968,56.781,57.906,56.375,57.906,2728,1873,8368,OFF,MAXN_SUPER
2026-08-16 00:26:12.199967,0:23:17.950000,37,11,21,41,4,61,0.5750433257764621,0.0019718153641388406,0,21.7,OFF,115200,499200,OFF,537600,OFF,115200,OFF,OFF,OFF,OFF,OFF,41.1764705882353,57.375,-256,-256,-256,57.187,56.812,57.843,56.437,57.843,2689,1834,8211,OFF,MAXN_SUPER
2026-08-16 00:26:13.201049,0:23:18.950000,8,20,37,38,54,13,0.5750155972795263,0.0019718153641388406,0,62.3,OFF,115200,499200,OFF,537600,OFF,115200,OFF,OFF,OFF,OFF,OFF,41.1764705882353,56.906,-256,-256,-256,57.156,56.718,57.937,56.343,57.937,2615,1834,8055,OFF,MAXN_SUPER
2026-08-16 00:26:14.201982,0:23:19.950000,9,19,19,39,18,64,0.5740122364829996,0.0019718153641388406,0,99.5,OFF,115200,499200,OFF,537600,OFF,115200,OFF,OFF,OFF,OFF,OFF,41.1764705882353,56.906,-256,-256,-256,56.75,56.75,57.968,56.406,57.968,2650,1873,8172,OFF,MAXN_SUPER
2026-08-16 00:26:15.202407,0:23:20.950000,24,9,25,47,27,50,0.5755578434418254,0.0019718153641388406,0,52.8,OFF,115200,499200,OFF,537600,OFF,115200,OFF,OFF,OFF,OFF,OFF,41.1764705882353,57.031,-256,-256,-256,57.312,56.875,57.906,56.5,57.906,2728,1873,8290,OFF,MAXN_SUPER
2026-08-16 00:26:16.204551,0:23:21.950000,30,33,8,31,1,64,0.5759660685356016,0.0019718153641388406,0,19.1,OFF,115200,499200,OFF,537600,OFF,115200,OFF,OFF,OFF,OFF,OFF,41.1764705882353,56.906,-256,-256,-256,57.125,56.875,57.906,56.5,57.906,2689,1873,8172,OFF,MAXN_SUPER
2026-08-16 00:26:17.205425,0:23:22.950000,42,32,9,18,17,62,0.5761124133805402,0.0019718153641388406,0,52.3,OFF,115200,499200,OFF,537600,OFF,115200,OFF,OFF,OFF,OFF,OFF,41.1764705882353,56.968,-256,-256,-256,57.062,56.781,57.937,56.5,57.937,2728,1834,8211,OFF,MAXN_SUPER
2026-08-16 00:26:18.206046,0:23:23.950000,19,58,6,19,3,57,0.575815615765191,0.0019718153641388406,0,12.8,OFF,115200,499200,OFF,537600,OFF,115200,OFF,OFF,OFF,OFF,OFF,41.1764705882353,56.906,-256,-256,-256,56.812,56.781,57.843,56.375,57.843,2650,1834,8094,OFF,MAXN_SUPER
2026-08-16 00:26:19.207517,0:23:24.950000,27,63,8,10,2,60,0.5755301149448896,0.0019718153641388406,0,48.9,OFF,115200,499200,OFF,537600,OFF,115200,OFF,OFF,OFF,OFF,OFF,41.1764705882353,56.937,-256,-256,-256,56.937,56.937,57.937,56.406,57.937,2884,1912,8446,OFF,MAXN_SUPER
2026-08-16 00:26:20.209368,0:23:25.950000,30,34,20,19,10,55,0.5729051505683058,0.0019718153641388406,0,99.4,OFF,204800,499200,OFF,537600,OFF,115200,OFF,OFF,OFF,OFF,OFF,41.1764705882353,57.531,-256,-256,-256,57.281,56.843,57.906,56.531,57.906,2728,1912,8368,OFF,MAXN_SUPER
2026-08-16 00:26:21.209569,0:23:26.950000,13,13,29,43,35,40,0.5757421865973796,0.0019718153641388406,0,41.5,OFF,115200,499200,OFF,537600,OFF,115200,OFF,OFF,OFF,OFF,OFF,41.1764705882353,56.875,-256,-256,-256,57.218,56.906,57.906,56.5,57.906,2845,1912,8549,OFF,MAXN_SUPER
2026-08-16 00:26:22.210894,0:23:27.950000,33,44,20,14,57,19,0.5739470231661322,0.0019718153641388406,0,99.6,OFF,115200,499200,OFF,537600,OFF,115200,OFF,OFF,OFF,OFF,OFF,41.1764705882353,56.906,-256,-256,-256,57.062,56.906,58.062,56.531,58.062,2806,1873,8407,OFF,MAXN_SUPER
2026-08-16 00:26:23.211229,0:23:28.950000,9,56,10,18,62,34,0.5777545565879572,0.0019718153641388406,0,61.7,OFF,128000,499200,OFF,537600,OFF,115200,OFF,OFF,OFF,OFF,OFF,41.1764705882353,57.062,-256,-256,-256,57.062,56.906,58.062,56.593,58.062,2806,1912,8471,OFF,MAXN_SUPER
2026-08-16 00:26:24.213176,0:23:29.950000,6,51,7,18,30,50,0.5787178651111322,0.0019718153641388406,0,14.2,OFF,115200,499200,OFF,537600,OFF,115200,OFF,OFF,OFF,OFF,OFF,41.1764705882353,57.0,-256,-256,-256,56.812,56.781,58.0,56.468,58.0,2498,1798,7859,OFF,MAXN_SUPER
2026-08-16 00:26:25.214280,0:23:30.950000,9,12,51,17,11,63,0.5795481795471525,0.0019718153641388406,0,99.1,OFF,115200,499200,OFF,537600,OFF,115200,OFF,OFF,OFF,OFF,OFF,41.1764705882353,56.937,-256,-256,-256,57.0,56.812,58.0,56.406,58.093,2420,1798,7781,OFF,MAXN_SUPER
2026-08-16 00:26:26.215599,0:23:31.950000,15,49,6,8,4,66,0.5794305901805177,0.0019718153641388406,0,9.9,OFF,115200,499200,OFF,537600,OFF,115200,OFF,OFF,OFF,OFF,OFF,41.1764705882353,57.031,-256,-256,-256,56.906,56.812,58.125,56.406,58.125,2342,1798,7664,OFF,MAXN_SUPER
2026-08-16 00:26:27.216555,0:23:32.950000,30,24,24,23,4,62,0.5792257073976035,0.0019718153641388406,0,99.6,OFF,115200,499200,OFF,537600,OFF,115200,OFF,OFF,OFF,OFF,OFF,41.1764705882353,56.843,-256,-256,-256,57.031,56.906,57.875,56.5,57.875,2498,1798,7859,OFF,MAXN_SUPER
2026-08-16 00:26:28.218296,0:23:33.950000,21,17,38,6,25,45,0.5799733498335007,0.0019718153641388406,0,90.7,OFF,115200,499200,OFF,537600,OFF,115200,OFF,OFF,OFF,OFF,OFF,41.1764705882353,57.062,-256,-256,-256,56.937,56.781,57.937,56.406,57.937,2420,1798,7820,OFF,MAXN_SUPER
2026-08-16 00:26:29.218826,0:23:34.950000,17,15,10,10,51,61,0.5791635750248401,0.0019718153641388406,0,88.6,OFF,115200,499200,OFF,537600,OFF,115200,OFF,OFF,OFF,OFF,OFF,41.1764705882353,56.906,-256,-256,-256,56.906,56.781,58.031,56.468,58.031,2381,1759,7664,OFF,MAXN_SUPER
2026-08-16 00:26:30.220118,0:23:35.950000,5,7,16,8,51,68,0.5799538371875088,0.0019718153641388406,0,27.4,OFF,115200,499200,OFF,537600,OFF,115200,OFF,OFF,OFF,OFF,OFF,41.1764705882353,56.812,-256,-256,-256,57.031,56.812,58.125,56.468,58.125,2498,1837,7899,OFF,MAXN_SUPER
2026-08-16 00:26:31.221137,0:23:36.950000,7,6,20,3,55,64,0.579286299298315,0.0019718153641388406,0,12.7,OFF,115200,499200,OFF,537600,OFF,115200,OFF,OFF,OFF,OFF,OFF,39.6078431372549,56.75,-256,-256,-256,56.718,56.812,58.0,56.343,58.0,2225,1759,7468,OFF,MAXN_SUPER
2026-08-16 00:26:32.220905,0:23:37.950000,8,21,20,9,54,66,0.5792118431491357,0.0019718153641388406,0,99.5,OFF,115200,499200,OFF,537600,OFF,115200,OFF,OFF,OFF,OFF,OFF,39.6078431372549,56.812,-256,-256,-256,56.937,56.843,58.093,56.375,57.843,2420,1798,7820,OFF,MAXN_SUPER
2026-08-16 00:26:33.223817,0:23:38.950000,9,5,14,19,51,67,0.5796724442926794,0.0019718153641388406,0,7.6,OFF,115200,499200,OFF,537600,OFF,115200,OFF,OFF,OFF,OFF,OFF,39.6078431372549,56.781,-256,-256,-256,57.0,56.843,57.968,56.375,57.968,2576,1837,7977,OFF,MAXN_SUPER
2026-08-16 00:26:34.224515,0:23:39.950000,12,20,13,9,56,62,0.5791471433229523,0.0019718153641388406,0,87.4,OFF,115200,499200,OFF,537600,OFF,115200,OFF,OFF,OFF,OFF,OFF,39.6078431372549,57.125,-256,-256,-256,57.062,56.906,58.031,56.437,58.031,2459,1798,7781,OFF,MAXN_SUPER
2026-08-16 00:26:35.225779,0:23:40.950000,12,16,13,10,51,69,0.5796714173113114,0.0019718153641388406,0,42.1,OFF,115200,499200,OFF,537600,OFF,115200,OFF,OFF,OFF,OFF,OFF,39.6078431372549,56.875,-256,-256,-256,57.0,56.937,58.031,56.343,58.031,2459,1795,7859,OFF,MAXN_SUPER
2026-08-16 00:26:36.226921,0:23:41.950000,13,4,13,7,58,64,0.5791414949254283,0.0019718153641388406,0,18.1,OFF,115200,499200,OFF,537600,OFF,115200,OFF,OFF,OFF,OFF,OFF,39.6078431372549,56.781,-256,-256,-256,56.875,56.812,57.968,56.312,57.968,2342,1759,7625,OFF,MAXN_SUPER
2026-08-16 00:26:37.227450,0:23:42.950000,11,27,18,10,51,64,0.5796924704293552,0.0019718153641388406,0,12.8,OFF,140800,499200,OFF,537600,OFF,115200,OFF,OFF,OFF,OFF,OFF,39.6078431372549,57.0,-256,-256,-256,57.187,56.875,57.968,56.312,57.968,2498,1798,7859,OFF,MAXN_SUPER
2026-08-16 00:26:38.227638,0:23:43.950000,7,3,12,13,54,63,0.5793248110996146,0.0019718153641388406,0,19.9,OFF,115200,499200,OFF,537600,OFF,115200,OFF,OFF,OFF,OFF,OFF,39.6078431372549,56.812,-256,-256,-256,56.968,57.0,57.968,56.343,57.843,2420,1759,7742,OFF,MAXN_SUPER
2026-08-16 00:26:39.231044,0:23:44.950000,9,15,11,16,50,64,0.5787805109745796,0.0019718153641388406,0,12.8,OFF,115200,499200,OFF,537600,OFF,115200,OFF,OFF,OFF,OFF,OFF,39.6078431372549,57.25,-256,-256,-256,56.875,56.937,57.937,56.312,57.937,2303,1759,7586,OFF,MAXN_SUPER
2026-08-16 00:26:40.231867,0:23:45.950000,6,4,20,10,55,65,0.5791651154968921,0.0019718153641388406,0,68.5,OFF,115200,499200,OFF,537600,OFF,115200,OFF,OFF,OFF,OFF,OFF,39.6078431372549,57.031,-256,-256,-256,56.937,56.906,58.0,56.343,57.968,2420,1798,7703,OFF,MAXN_SUPER
2026-08-16 00:26:41.232846,0:23:46.950000,7,4,16,9,52,67,0.5794013212115299,0.0019718153641388406,0,99.6,OFF,115200,499200,OFF,537600,OFF,115200,OFF,OFF,OFF,OFF,OFF,39.6078431372549,57.0,-256,-256,-256,56.937,57.0,58.031,56.343,58.031,2420,1798,7781,OFF,MAXN_SUPER
2026-08-16 00:26:42.234253,0:23:47.950000,12,20,10,9,52,65,0.5732322441340107,0.0019718153641388406,0,12.0,OFF,115200,499200,OFF,537600,OFF,115200,OFF,OFF,OFF,OFF,OFF,39.6078431372549,57.187,-256,-256,-256,57.125,56.906,57.937,56.468,57.968,2537,1834,7977,OFF,MAXN_SUPER
2026-08-16 00:26:43.234990,0:23:48.950000,17,8,14,6,63,53,0.5761118998898562,0.0019718153641388406,0,99.6,OFF,115200,499200,OFF,537600,OFF,115200,OFF,OFF,OFF,OFF,OFF,39.6078431372549,56.875,-256,-256,-256,56.968,56.968,58.156,56.468,58.156,2498,1834,7977,OFF,MAXN_SUPER
2026-08-16 00:26:44.236248,0:23:49.950000,6,7,23,16,64,51,0.5763691587225379,0.0019718153641388406,0,14.3,OFF,115200,499200,OFF,537600,OFF,115200,OFF,OFF,OFF,OFF,OFF,39.6078431372549,56.968,-256,-256,-256,57.125,56.937,58.0,56.625,58.0,2537,1834,7977,OFF,MAXN_SUPER
2026-08-16 00:26:45.237188,0:23:50.950000,7,5,21,6,55,61,0.575275423565628,0.0019718153641388406,0,15.9,OFF,115200,499200,OFF,537600,OFF,115200,OFF,OFF,OFF,OFF,OFF,39.6078431372549,57.062,-256,-256,-256,57.031,56.906,58.093,56.437,58.156,2342,1759,7664,OFF,MAXN_SUPER
2026-08-16 00:26:46.237467,0:23:51.950000,9,19,34,24,16,49,0.5779152791720477,0.0019718153641388406,0,21.9,OFF,153600,499200,OFF,537600,OFF,115200,OFF,OFF,OFF,OFF,OFF,39.6078431372549,57.125,-256,-256,-256,56.937,56.843,57.968,56.593,57.968,2459,1798,7859,OFF,MAXN_SUPER
2026-08-16 00:26:47.239777,0:23:52.950000,20,30,63,17,8,43,0.5784647142039225,0.0019718153641388406,0,53.7,OFF,179200,499200,OFF,537600,OFF,115200,OFF,OFF,OFF,OFF,OFF,39.6078431372549,57.156,-256,-256,-256,57.156,56.968,58.125,56.562,58.125,2728,1834,8211,OFF,MAXN_SUPER
2026-08-16 00:26:48.241219,0:23:53.950000,11,25,30,35,30,38,0.5796981188268792,0.0019718153641388406,0,29.8,OFF,115200,499200,OFF,537600,OFF,115200,OFF,OFF,OFF,OFF,OFF,39.6078431372549,57.25,-256,-256,-256,57.031,56.875,58.0,56.656,58.0,2650,1834,8133,OFF,MAXN_SUPER
2026-08-16 00:26:49.242004,0:23:54.950000,29,20,6,47,13,56,0.5766972792696109,0.0019718153641388406,0,19.9,OFF,115200,499200,OFF,537600,OFF,115200,OFF,OFF,OFF,OFF,OFF,39.6078431372549,57.125,-256,-256,-256,57.468,56.968,58.187,56.625,58.187,2689,1834,8172,OFF,MAXN_SUPER
2026-08-16 00:26:50.243893,0:23:55.950000,6,23,8,53,13,56,0.5773976805625803,0.0019718153641388406,0,13.6,OFF,115200,499200,OFF,537600,OFF,115200,OFF,OFF,OFF,OFF,OFF,39.6078431372549,57.062,-256,-256,-256,56.906,57.0,58.125,56.437,58.125,2264,1759,7507,OFF,MAXN_SUPER
2026-08-16 00:26:51.244852,0:23:56.950000,13,33,23,11,7,64,0.5781494309239494,0.0019718153641388406,0,99.4,OFF,115200,499200,OFF,537600,OFF,115200,OFF,OFF,OFF,OFF,OFF,39.6078431372549,56.968,-256,-256,-256,56.968,57.031,58.031,56.562,58.031,2303,1798,7664,OFF,MAXN_SUPER
2026-08-16 00:26:52.245158,0:23:57.950000,21,17,30,17,11,64,0.5781227294083817,0.0019718153641388406,0,20.0,OFF,115200,499200,OFF,537600,OFF,115200,OFF,OFF,OFF,OFF,OFF,39.6078431372549,57.0,-256,-256,-256,56.937,56.937,58.156,56.531,58.156,2342,1798,7703,OFF,MAXN_SUPER
2026-08-16 00:26:53.247225,0:23:58.950000,23,16,34,11,8,61,0.5775363230472591,0.0019718153641388406,0,46.9,OFF,115200,499200,OFF,537600,OFF,115200,OFF,OFF,OFF,OFF,OFF,39.6078431372549,56.968,-256,-256,-256,56.875,57.093,57.968,56.562,58.0,2264,1798,7547,OFF,MAXN_SUPER
2026-08-16 00:26:54.248312,0:23:59.950000,26,22,52,39,16,33,0.5626486876461844,0.0019718153641388406,0,9.2,OFF,115200,499200,OFF,537600,OFF,115200,OFF,OFF,OFF,OFF,OFF,39.6078431372549,57.156,-256,-256,-256,57.375,56.968,58.125,56.562,58.125,2650,1873,8172,OFF,MAXN_SUPER
2026-08-16 00:26:55.251600,0:24:00.950000,18,50,21,14,52,8,0.5648936689166116,0.0019718153641388406,0,13.1,OFF,153600,499200,OFF,537600,OFF,115200,OFF,OFF,OFF,OFF,OFF,39.6078431372549,57.125,-256,-256,-256,57.125,56.968,58.0,56.468,58.0,2611,1873,8133,OFF,MAXN_SUPER
2026-08-16 00:26:56.250732,0:24:01.950000,33,58,53,60,40,29,0.5650199876248745,0.0019718153641388406,0,35.1,OFF,115200,499200,OFF,537600,OFF,115200,OFF,OFF,OFF,OFF,OFF,39.6078431372549,57.5,-256,-256,-256,57.562,57.125,58.062,56.781,58.062,3813,2026,9977,OFF,MAXN_SUPER
2026-08-16 00:26:57.252202,0:24:02.950000,37,45,57,42,50,52,0.5617988605641722,0.0019718153641388406,0,14.6,OFF,115200,499200,OFF,537600,OFF,115200,OFF,OFF,OFF,OFF,OFF,39.6078431372549,57.5,-256,-256,-256,57.656,57.218,58.156,56.937,58.156,4079,2026,10094,OFF,MAXN_SUPER
2026-08-16 00:26:58.252887,0:24:03.950000,9,25,48,21,26,52,0.5621500881920249,0.0019718153641388406,0,46.0,OFF,115200,499200,OFF,537600,OFF,115200,OFF,OFF,OFF,OFF,OFF,39.6078431372549,57.281,-256,-256,-256,57.531,57.062,58.187,56.718,58.187,2845,1912,8510,OFF,MAXN_SUPER
2026-08-16 00:26:59.254141,0:24:04.950000,15,15,48,48,15,34,0.5640700298594833,0.0019718153641388406,0,19.9,OFF,115200,499200,OFF,537600,OFF,115200,OFF,OFF,OFF,OFF,OFF,39.6078431372549,57.187,-256,-256,-256,57.187,57.093,58.25,56.781,58.25,2689,1873,8250,OFF,MAXN_SUPER
2026-08-16 00:27:00.255742,0:24:05.950000,26,34,5,22,15,62,0.5656366899363529,0.0019718153641388406,0,31.4,OFF,115200,499200,OFF,537600,OFF,115200,OFF,OFF,OFF,OFF,OFF,39.6078431372549,57.062,-256,-256,-256,57.031,57.187,58.218,56.781,58.218,2498,1834,7938,OFF,MAXN_SUPER
2026-08-16 00:27:01.256359,0:24:06.950000,18,45,20,17,36,37,0.5674272319514443,0.0019718153641388406,0,99.4,OFF,115200,499200,OFF,537600,OFF,115200,OFF,OFF,OFF,OFF,OFF,39.6078431372549,57.156,-256,-256,-256,57.437,57.031,58.25,56.75,58.25,2650,1834,8133,OFF,MAXN_SUPER
2026-08-16 00:27:02.257529,0:24:07.950000,33,7,22,40,21,45,0.5691191837552088,0.0019718153641388406,0,84.8,OFF,115200,499200,OFF,537600,OFF,115200,OFF,OFF,OFF,OFF,OFF,39.6078431372549,57.25,-256,-256,-256,57.5,57.218,58.187,56.718,58.187,2689,1873,8250,OFF,MAXN_SUPER
2026-08-16 00:27:03.257300,0:24:08.950000,25,11,9,62,7,56,0.5707207611985899,0.0019718153641388406,0,26.1,OFF,115200,499200,OFF,537600,OFF,115200,OFF,OFF,OFF,OFF,OFF,39.6078431372549,57.406,-256,-256,-256,57.281,57.156,58.25,56.75,58.25,2728,1873,8250,OFF,MAXN_SUPER
2026-08-16 00:27:04.261335,0:24:09.950000,27,42,33,34,45,13,0.5723870384681546,0.0019718153641388406,0,85.5,OFF,115200,499200,OFF,537600,OFF,115200,OFF,OFF,OFF,OFF,OFF,39.6078431372549,57.25,-256,-256,-256,57.218,57.187,58.093,56.75,58.218,2767,1873,8290,OFF,MAXN_SUPER
2026-08-16 00:27:05.261238,0:24:10.960000,24,8,31,27,14,59,0.5741344472657904,0.0019718153641388406,0,99.1,OFF,115200,499200,OFF,537600,OFF,115200,OFF,OFF,OFF,OFF,OFF,39.6078431372549,57.25,-256,-256,-256,57.531,57.156,58.187,56.75,58.156,2689,1873,8211,OFF,MAXN_SUPER
2026-08-16 00:27:06.262148,0:24:11.960000,11,39,34,17,28,46,0.5756887835662442,0.0019718153641388406,0,80.6,OFF,115200,499200,OFF,537600,OFF,115200,OFF,OFF,OFF,OFF,OFF,39.6078431372549,57.281,-256,-256,-256,57.531,57.156,58.343,56.75,58.343,2728,1873,8329,OFF,MAXN_SUPER
2026-08-16 00:27:07.263238,0:24:12.960000,44,21,21,11,23,53,0.5773191164879291,0.0019718153641388406,0,21.6,OFF,115200,499200,OFF,537600,OFF,115200,OFF,OFF,OFF,OFF,OFF,39.6078431372549,57.25,-256,-256,-256,57.656,57.218,58.187,56.75,58.312,2650,1873,8250,OFF,MAXN_SUPER
2026-08-16 00:27:08.264969,0:24:13.960000,12,44,7,33,2,63,0.5787317293596,0.0019718153641388406,0,11.5,OFF,115200,499200,OFF,537600,OFF,115200,OFF,OFF,OFF,OFF,OFF,39.6078431372549,57.25,-256,-256,-256,57.156,57.187,58.187,56.75,58.187,2537,1837,7938,OFF,MAXN_SUPER
2026-08-16 00:27:09.265846,0:24:14.960000,14,28,16,19,60,55,0.5778664975570681,0.0019718153641388406,0,99.5,OFF,115200,499200,OFF,537600,OFF,115200,OFF,OFF,OFF,OFF,OFF,39.6078431372549,57.375,-256,-256,-256,57.5,57.125,58.218,56.781,58.218,2650,1873,8211,OFF,MAXN_SUPER
2026-08-16 00:27:10.266832,0:24:15.960000,25,6,6,26,52,65,0.5785371163903659,0.0019718153641388406,0,18.6,OFF,115200,499200,OFF,537600,OFF,115200,OFF,OFF,OFF,OFF,OFF,39.6078431372549,57.25,-256,-256,-256,56.968,57.125,58.312,56.656,58.312,2420,1798,7781,OFF,MAXN_SUPER
2026-08-16 00:27:11.269472,0:24:16.960000,19,30,7,9,52,62,0.5794321306525696,0.0019718153641388406,0,99.1,OFF,115200,499200,OFF,537600,OFF,115200,OFF,OFF,OFF,OFF,OFF,39.6078431372549,57.312,-256,-256,-256,57.375,57.156,58.281,56.687,58.281,2537,1798,7859,OFF,MAXN_SUPER
2026-08-16 00:27:12.269118,0:24:17.960000,12,11,7,13,50,67,0.5802306086661823,0.0019718153641388406,0,12.3,OFF,115200,499200,OFF,537600,OFF,115200,OFF,OFF,OFF,OFF,OFF,39.6078431372549,57.25,-256,-256,-256,57.312,57.125,58.312,56.687,58.187,2420,1837,7820,OFF,MAXN_SUPER
2026-08-16 00:27:13.270364,0:24:18.960000,10,25,7,10,43,61,0.5807836381328452,0.0019718153641388406,0,15.0,OFF,115200,499200,OFF,537600,OFF,115200,OFF,OFF,OFF,OFF,OFF,39.6078431372549,57.156,-256,-256,-256,57.093,57.062,58.125,56.687,58.281,2381,1759,7664,OFF,MAXN_SUPER
2026-08-16 00:27:14.271664,0:24:19.970000,31,21,27,24,2,61,0.5800822098585077,0.0019718153641388406,0,45.2,OFF,115200,499200,OFF,537600,OFF,115200,OFF,OFF,OFF,OFF,OFF,39.6078431372549,57.187,-256,-256,-256,57.093,57.281,58.156,56.781,58.125,2459,1798,7820,OFF,MAXN_SUPER
2026-08-16 00:27:15.273481,0:24:20.970000,15,36,28,4,3,63,0.5803528194489731,0.0019718153641388406,0,23.0,OFF,230400,499200,OFF,537600,OFF,115200,OFF,OFF,OFF,OFF,OFF,39.6078431372549,57.25,-256,-256,-256,57.125,57.125,58.218,56.531,58.218,2225,1798,7547,OFF,MAXN_SUPER
2026-08-16 00:27:16.274431,0:24:21.970000,13,40,8,30,16,58,0.5807641254868533,0.0019718153641388406,0,99.3,OFF,179200,499200,OFF,537600,OFF,115200,OFF,OFF,OFF,OFF,OFF,39.6078431372549,57.218,-256,-256,-256,57.375,57.218,58.125,56.718,58.125,2420,1798,7781,OFF,MAXN_SUPER
2026-08-16 00:27:17.274851,0:24:22.970000,14,7,11,40,50,32,0.5812118893632973,0.0019718153641388406,0,30.8,OFF,115200,499200,OFF,537600,OFF,115200,OFF,OFF,OFF,OFF,OFF,39.6078431372549,57.125,-256,-256,-256,56.968,57.218,58.312,56.687,58.312,2342,1798,7703,OFF,MAXN_SUPER
2026-08-16 00:27:18.276558,0:24:23.970000,35,41,6,43,31,5,0.5825279659863771,0.0019718153641388406,0,29.4,OFF,115200,499200,OFF,537600,OFF,115200,OFF,OFF,OFF,OFF,OFF,39.6078431372549,57.281,-256,-256,-256,57.218,57.187,58.281,56.656,58.187,2498,1834,7977,OFF,MAXN_SUPER
2026-08-16 00:27:19.277486,0:24:24.970000,20,26,40,12,61,16,0.5766233366111155,0.0019718153641388406,0,52.4,OFF,115200,499200,OFF,537600,OFF,115200,OFF,OFF,OFF,OFF,OFF,39.6078431372549,57.375,-256,-256,-256,57.531,57.218,58.156,56.718,58.156,2806,1873,8446,OFF,MAXN_SUPER
2026-08-16 00:27:20.278960,0:24:25.970000,34,14,43,17,7,48,0.5799153253862092,0.0019718153641388406,0,18.8,OFF,115200,499200,OFF,537600,OFF,115200,OFF,OFF,OFF,OFF,OFF,39.6078431372549,57.531,-256,-256,-256,57.187,57.156,58.312,56.718,58.312,2498,1837,7938,OFF,MAXN_SUPER
2026-08-16 00:27:21.280230,0:24:26.970000,23,34,28,19,35,36,0.5770505608601996,0.0019718153641388406,0,99.6,OFF,115200,499200,OFF,537600,OFF,115200,OFF,OFF,OFF,OFF,OFF,39.6078431372549,57.343,-256,-256,-256,57.531,57.218,58.281,56.812,58.281,2650,1834,8133,OFF,MAXN_SUPER
2026-08-16 00:27:22.280715,0:24:27.970000,16,46,16,11,20,54,0.5769483762140846,0.0019718153641388406,0,53.4,OFF,115200,499200,OFF,537600,OFF,115200,OFF,OFF,OFF,OFF,OFF,39.6078431372549,57.25,-256,-256,-256,57.468,57.25,58.343,56.781,58.343,2611,1873,8172,OFF,MAXN_SUPER
2026-08-16 00:27:23.282069,0:24:28.980000,31,20,15,26,45,36,0.5815302535873743,0.0019718153641388406,0,19.0,OFF,115200,499200,OFF,537600,OFF,115200,OFF,OFF,OFF,OFF,OFF,39.6078431372549,57.375,-256,-256,-256,57.375,57.156,58.343,56.75,58.312,2537,1798,7938,OFF,MAXN_SUPER
2026-08-16 00:27:24.283371,0:24:29.980000,27,26,16,10,29,60,0.5784960371356462,0.0019718153641388406,0,84.2,OFF,115200,499200,OFF,537600,OFF,115200,OFF,OFF,OFF,OFF,OFF,39.6078431372549,57.218,-256,-256,-256,57.531,57.218,58.218,56.812,58.218,2420,1798,7742,OFF,MAXN_SUPER
2026-08-16 00:27:25.284417,0:24:30.980000,11,52,13,18,10,54,0.5769961308476961,0.0019718153641388406,0,18.3,OFF,115200,499200,OFF,537600,OFF,115200,OFF,OFF,OFF,OFF,OFF,39.6078431372549,57.312,-256,-256,-256,57.5,57.25,58.281,56.75,58.281,2498,1837,7938,OFF,MAXN_SUPER
2026-08-16 00:27:26.285475,0:24:31.980000,21,30,16,39,34,35,0.5766428492571074,0.0019718153641388406,0,99.6,OFF,115200,499200,OFF,537600,OFF,115200,OFF,OFF,OFF,OFF,OFF,39.6078431372549,57.468,-256,-256,-256,57.812,57.281,58.312,56.843,58.312,2650,1991,8329,OFF,MAXN_SUPER
2026-08-16 00:27:27.286469,0:24:32.980000,13,6,11,17,57,57,0.5782819115204202,0.0019718153641388406,0,26.2,OFF,OFF,499200,OFF,537600,OFF,115200,OFF,OFF,OFF,OFF,OFF,39.6078431372549,57.125,-256,-256,-256,57.125,57.281,58.406,56.781,58.218,2303,1798,7703,OFF,MAXN_SUPER
2026-08-16 00:27:28.289764,0:24:33.980000,41,26,8,23,23,46,0.5794367520687256,0.0019718153641388406,0,79.5,OFF,OFF,499200,OFF,537600,OFF,115200,OFF,OFF,OFF,OFF,OFF,39.6078431372549,57.468,-256,-256,-256,57.343,57.156,58.312,56.781,58.312,2420,1798,7820,OFF,MAXN_SUPER
2026-08-16 00:27:29.289347,0:24:34.980000,21,47,11,44,22,8,0.5767178188969707,0.0019718153641388406,0,14.6,OFF,OFF,499200,OFF,537600,OFF,115200,OFF,OFF,OFF,OFF,OFF,39.6078431372549,57.25,-256,-256,-256,57.343,57.218,58.437,56.781,58.437,2498,1798,7938,OFF,MAXN_SUPER
2026-08-16 00:27:30.290348,0:24:35.980000,18,5,29,33,4,63,0.5768723795928532,0.0019718153641388406,0,89.7,OFF,OFF,499200,OFF,537600,OFF,115200,OFF,OFF,OFF,OFF,OFF,39.6078431372549,57.468,-256,-256,-256,57.281,57.25,58.343,56.812,58.343,2420,1759,7742,OFF,MAXN_SUPER
2026-08-16 00:27:31.292170,0:24:36.990000,6,15,18,42,63,12,0.5765072877165326,0.0019718153641388406,0,26.2,OFF,OFF,499200,OFF,537600,OFF,115200,OFF,OFF,OFF,OFF,OFF,39.6078431372549,57.406,-256,-256,-256,57.093,57.218,58.375,56.718,58.375,2225,1720,7468,OFF,MAXN_SUPER
2026-08-16 00:27:32.291417,0:24:37.990000,4,6,6,52,63,13,0.5686508802514051,0.0019718153641388406,0,99.4,OFF,OFF,499200,OFF,537600,OFF,115200,OFF,OFF,OFF,OFF,OFF,39.6078431372549,57.312,-256,-256,-256,57.531,57.218,58.281,56.75,58.281,2342,1759,7664,OFF,MAXN_SUPER
2026-08-16 00:27:33.294263,0:24:38.990000,24,34,17,7,4,19,0.5512687071074813,0.0019718153641388406,0,0.0,OFF,OFF,499200,OFF,537600,OFF,115200,OFF,OFF,OFF,OFF,OFF,39.6078431372549,57.25,-256,-256,-256,56.781,57.187,58.281,56.781,58.281,1255,1414,5658,OFF,MAXN_SUPER
2026-08-16 00:27:34.295130,0:24:39.990000,6,30,5,8,0,0,0.5514920755550192,0.0019718153641388406,0,0.0,OFF,OFF,499200,OFF,537600,OFF,115200,OFF,OFF,OFF,OFF,OFF,39.6078431372549,56.843,-256,-256,-256,56.5,57.156,58.25,56.468,58.25,709,1340,4817,OFF,MAXN_SUPER
2026-08-16 00:27:35.296531,0:24:40.990000,15,7,3,9,5,0,0.5518890038537476,0.0019718153641388406,0,0.0,OFF,OFF,499200,OFF,537600,OFF,115200,OFF,OFF,OFF,OFF,OFF,39.6078431372549,56.906,-256,-256,-256,56.75,56.968,58.281,56.375,58.281,747,1340,4809,OFF,MAXN_SUPER
2026-08-16 00:27:36.298373,0:24:41.990000,4,3,4,25,2,0,0.5520055662390145,0.0019718153641388406,0,0.0,OFF,OFF,499200,OFF,537600,OFF,115200,OFF,OFF,OFF,OFF,OFF,39.6078431372549,56.875,-256,-256,-256,56.5,56.937,58.156,56.281,58.156,631,1342,4667,OFF,MAXN_SUPER
2026-08-16 00:27:37.298793,0:24:42.990000,3,3,4,7,0,0,0.5522289346865524,0.0019718153641388406,0,0.0,OFF,OFF,499200,OFF,537600,OFF,115200,OFF,OFF,OFF,OFF,OFF,39.6078431372549,56.625,-256,-256,-256,56.218,56.781,58.093,56.125,58.093,592,1342,4627,OFF,MAXN_SUPER
2026-08-16 00:27:38.300187,0:24:43.990000,3,16,3,6,0,0,0.5523583343389192,0.0019718153641388406,0,0.0,OFF,OFF,499200,OFF,537600,OFF,115200,OFF,OFF,OFF,OFF,OFF,39.6078431372549,56.562,-256,-256,-256,56.406,56.781,58.031,56.062,58.031,631,1342,4667,OFF,MAXN_SUPER
2026-08-16 00:27:39.301210,0:24:44.990000,4,2,4,7,1,1,0.5526818334698362,0.0019718153641388406,0,0.0,OFF,OFF,499200,OFF,537600,OFF,115200,OFF,OFF,OFF,OFF,OFF,39.6078431372549,56.375,-256,-256,-256,56.125,56.656,58.0,56.031,58.0,592,1344,4627,OFF,MAXN_SUPER
2026-08-16 00:27:40.302047,0:24:46,4,18,3,6,0,0,0.552714183382928,0.0019718153641388406,0,0.0,OFF,OFF,499200,OFF,537600,OFF,115200,OFF,OFF,OFF,OFF,OFF,39.6078431372549,56.406,-256,-256,-256,56.187,56.781,57.968,56.125,57.968,670,1342,4699,OFF,MAXN_SUPER
2026-08-16 00:27:41.303427,0:24:47,3,16,4,6,0,0,0.5526818334698362,0.0019718153641388406,0,0.0,OFF,OFF,499200,OFF,537600,OFF,115200,OFF,OFF,OFF,OFF,OFF,39.6078431372549,56.343,-256,-256,-256,56.062,56.75,57.843,56.0,57.843,592,1344,4627,OFF,MAXN_SUPER
2026-08-16 00:27:42.302524,0:24:48,2,4,17,4,0,0,0.552501598239754,0.0019718153641388406,0,0.0,OFF,OFF,499200,OFF,537600,OFF,115200,OFF,OFF,OFF,OFF,OFF,39.6078431372549,56.218,-256,-256,-256,56.25,56.687,57.812,55.968,57.812,631,1342,4659,OFF,MAXN_SUPER
2026-08-16 00:27:43.305142,0:24:49,4,5,41,3,6,0,0.5439103856058292,0.0019718153641388406,0,0.0,OFF,OFF,499200,OFF,537600,OFF,115200,OFF,OFF,OFF,OFF,OFF,39.6078431372549,56.781,-256,-256,-256,56.25,56.593,57.75,55.875,57.75,787,1338,4928,OFF,MAXN_SUPER
2026-08-16 00:27:44.306001,0:24:50,7,4,31,3,1,0,0.5424900703738983,0.0019718153641388406,0,0.0,OFF,OFF,499200,OFF,537600,OFF,115200,OFF,OFF,OFF,OFF,OFF,39.6078431372549,56.375,-256,-256,-256,56.187,56.562,57.687,55.906,57.687,709,1340,4770,OFF,MAXN_SUPER
2026-08-16 00:27:45.306862,0:24:51,2,4,30,4,0,0,0.5426810889083444,0.0019718153641388406,0,0.0,OFF,OFF,499200,OFF,537600,OFF,115200,OFF,OFF,OFF,OFF,OFF,39.6078431372549,56.562,-256,-256,-256,55.875,56.312,57.781,55.812,57.781,709,1340,4817,OFF,MAXN_SUPER
2026-08-16 00:27:46.307843,0:24:52,7,7,12,39,22,0,0.5456259579810573,0.0019718153641388406,0,0.0,OFF,OFF,499200,OFF,537600,OFF,115200,OFF,OFF,OFF,OFF,OFF,39.6078431372549,56.718,-256,-256,-256,55.937,56.406,57.718,55.875,57.718,1023,1377,5195,OFF,MAXN_SUPER
2026-08-16 00:27:47.310451,0:24:53,33,3,8,17,1,1,0.5469913297098007,0.0019718153641388406,0,0.0,OFF,524800,499200,OFF,537600,OFF,115200,OFF,OFF,OFF,OFF,OFF,39.6078431372549,56.593,-256,-256,-256,55.781,56.343,57.781,55.843,57.781,826,1338,5006,OFF,MAXN_SUPER
2026-08-16 00:27:48.310265,0:24:54.010000,27,10,22,31,11,29,0.5646815972641216,0.0019718153641388406,0,20.6,OFF,115200,499200,OFF,537600,OFF,115200,OFF,OFF,OFF,OFF,OFF,39.6078431372549,57.218,-256,-256,-256,56.781,56.625,57.5,56.281,57.5,4085,2065,10228,OFF,MAXN_SUPER
2026-08-16 00:27:49.313008,0:24:55.010000,30,34,61,45,24,29,0.5569499680352049,0.0019718153641388406,0,99.7,OFF,115200,499200,OFF,537600,OFF,115200,OFF,OFF,OFF,OFF,OFF,39.6078431372549,57.812,-256,-256,-256,58.75,56.75,57.906,56.843,58.75,6703,3401,14945,OFF,MAXN_SUPER
2026-08-16 00:27:50.312788,0:24:56.010000,12,35,39,40,22,21,0.5579553827944677,0.0019718153641388406,0,11.3,OFF,115200,499200,OFF,537600,OFF,115200,OFF,OFF,OFF,OFF,OFF,39.6078431372549,57.812,-256,-256,-256,58.5,57.218,57.968,57.125,58.781,6395,3826,14959,OFF,MAXN_SUPER
2026-08-16 00:27:51.314296,0:24:57.010000,9,69,45,5,11,16,0.5588057233671638,0.0019718153641388406,0,99.6,OFF,115200,499200,OFF,537600,OFF,115200,OFF,OFF,OFF,OFF,OFF,39.6078431372549,58.375,-256,-256,-256,59.25,57.312,58.312,57.437,58.968,6731,4013,15694,OFF,MAXN_SUPER
2026-08-16 00:27:52.316375,0:24:58.010000,13,67,43,5,3,15,0.5598460554929382,0.0019718153641388406,0,99.8,OFF,115200,499200,OFF,537600,OFF,115200,OFF,OFF,OFF,OFF,OFF,39.6078431372549,58.437,-256,-256,-256,59.656,57.5,58.375,57.687,59.656,6885,4090,15861,OFF,MAXN_SUPER
2026-08-16 00:27:53.317751,0:24:59.010000,18,40,23,23,37,17,0.560846848836045,0.0019718153641388406,0,8.6,OFF,115200,499200,OFF,537600,OFF,115200,OFF,OFF,OFF,OFF,OFF,42.745098039215684,58.625,-256,-256,-256,58.593,57.656,58.5,57.656,58.625,5981,3788,14403,OFF,MAXN_SUPER
2026-08-16 00:27:54.319030,0:25:00.010000,9,7,49,7,47,31,0.5614691995450473,0.0019718153641388406,0,12.6,OFF,115200,499200,OFF,537600,OFF,115200,OFF,OFF,OFF,OFF,OFF,42.745098039215684,58.218,-256,-256,-256,58.968,57.781,58.781,57.75,58.968,5557,3755,13823,OFF,MAXN_SUPER
2026-08-16 00:27:55.318433,0:25:01.010000,42,8,21,18,57,15,0.5623231345525314,0.0019718153641388406,0,99.5,OFF,115200,499200,OFF,537600,OFF,115200,OFF,OFF,OFF,OFF,OFF,42.745098039215684,58.781,-256,-256,-256,59.093,57.875,58.875,58.031,59.093,5750,3788,14171,OFF,MAXN_SUPER
2026-08-16 00:27:56.321242,0:25:02.010000,14,15,10,42,54,18,0.5634892718958846,0.0019718153641388406,0,99.6,OFF,115200,499200,OFF,537600,OFF,115200,OFF,OFF,OFF,OFF,OFF,42.745098039215684,58.75,-256,-256,-256,59.5,58.062,58.937,58.093,59.281,5856,3865,14442,OFF,MAXN_SUPER
2026-08-16 00:27:57.322004,0:25:03.020000,11,15,22,9,42,55,0.5628566513732025,0.0019718153641388406,0,11.2,OFF,115200,499200,OFF,537600,OFF,115200,OFF,OFF,OFF,OFF,OFF,42.745098039215684,58.687,-256,-256,-256,59.375,58.187,59.062,58.0,59.781,5865,3749,14248,OFF,MAXN_SUPER
2026-08-16 00:27:58.323285,0:25:04.020000,9,48,15,11,64,9,0.5629665383795774,0.0019718153641388406,0,12.6,OFF,115200,499200,OFF,537600,OFF,115200,OFF,OFF,OFF,OFF,OFF,42.745098039215684,59.0,-256,-256,-256,59.093,58.25,59.125,58.156,59.125,5480,3755,13784,OFF,MAXN_SUPER
2026-08-16 00:27:59.323965,0:25:05.020000,8,4,6,21,45,65,0.5643704219096205,0.0019718153641388406,0,8.1,OFF,115200,499200,OFF,537600,OFF,115200,OFF,OFF,OFF,OFF,OFF,44.31372549019608,59.062,-256,-256,-256,59.281,58.531,59.156,58.281,59.281,5441,3755,13745,OFF,MAXN_SUPER
2026-08-16 00:28:00.325554,0:25:06.020000,24,14,38,21,28,34,0.5650507970659142,0.0019718153641388406,0,99.6,OFF,115200,499200,OFF,537600,OFF,115200,OFF,OFF,OFF,OFF,OFF,44.31372549019608,59.0,-256,-256,-256,59.937,58.5,59.218,58.468,59.781,5711,3826,14248,OFF,MAXN_SUPER
2026-08-16 00:28:01.326862,0:25:07.020000,49,11,11,10,2,63,0.5654831562218382,0.0019718153641388406,0,99.8,OFF,115200,499200,OFF,537600,OFF,115200,OFF,OFF,OFF,OFF,OFF,44.31372549019608,59.093,-256,-256,-256,60.218,58.625,59.375,58.625,60.218,5779,3865,14481,OFF,MAXN_SUPER
2026-08-16 00:28:02.326915,0:25:08.020000,7,11,16,22,42,64,0.5666801030062312,0.0019718153641388406,0,99.7,OFF,115200,499200,OFF,537600,OFF,115200,OFF,OFF,OFF,OFF,OFF,44.31372549019608,59.218,-256,-256,-256,60.5,58.718,59.437,58.718,60.5,6010,3904,14650,OFF,MAXN_SUPER
2026-08-16 00:28:03.329307,0:25:09.020000,6,12,13,30,50,36,0.5663494150057382,0.0019718153641388406,0,99.7,OFF,115200,499200,OFF,537600,OFF,115200,OFF,OFF,OFF,OFF,OFF,44.31372549019608,59.437,-256,-256,-256,60.531,58.906,59.562,58.875,60.843,5856,3865,14520,OFF,MAXN_SUPER
2026-08-16 00:28:04.331265,0:25:10.020000,31,26,11,24,26,25,0.5673045076779695,0.0019718153641388406,0,99.7,OFF,115200,499200,OFF,537600,OFF,115200,OFF,OFF,OFF,OFF,OFF,44.31372549019608,59.406,-256,-256,-256,60.75,58.781,59.718,58.781,60.75,5595,3788,14094,OFF,MAXN_SUPER
2026-08-16 00:28:05.330987,0:25:11.030000,7,23,18,6,63,50,0.5684963195555225,0.0019718153641388406,0,65.4,OFF,115200,499200,OFF,537600,OFF,115200,OFF,OFF,OFF,OFF,OFF,44.31372549019608,59.343,-256,-256,-256,60.5,58.875,59.718,58.875,60.5,5673,3788,14171,OFF,MAXN_SUPER
2026-08-16 00:28:06.331455,0:25:12.030000,13,26,14,24,42,46,0.5696439712342519,0.0019718153641388406,0,91.5,OFF,115200,499200,OFF,537600,OFF,115200,OFF,OFF,OFF,OFF,OFF,44.31372549019608,59.687,-256,-256,-256,60.718,59.156,59.781,59.093,60.718,6125,3904,14843,OFF,MAXN_SUPER
2026-08-16 00:28:07.333620,0:25:13.030000,14,9,21,18,57,45,0.5706920057202862,0.0019718153641388406,0,99.7,OFF,115200,499200,OFF,537600,OFF,115200,OFF,OFF,OFF,OFF,OFF,44.31372549019608,60.0,-256,-256,-256,61.062,59.218,59.937,59.218,61.062,6280,3936,15037,OFF,MAXN_SUPER
2026-08-16 00:28:08.334939,0:25:14.030000,10,3,16,10,64,45,0.571791902765404,0.0019718153641388406,0,12.5,OFF,115200,499200,OFF,537600,OFF,115200,OFF,OFF,OFF,OFF,OFF,44.31372549019608,59.718,-256,-256,-256,60.437,59.343,60.0,59.281,60.437,5971,3788,14365,OFF,MAXN_SUPER
2026-08-16 00:28:09.336421,0:25:15.030000,13,7,13,5,58,54,0.5716065326284818,0.0019718153641388406,0,8.6,OFF,115200,499200,OFF,537600,OFF,115200,OFF,OFF,OFF,OFF,OFF,44.31372549019608,60.093,-256,-256,-256,60.187,59.562,60.093,59.343,60.187,5788,3710,14016,OFF,MAXN_SUPER
2026-08-16 00:28:10.337255,0:25:16.030000,10,34,20,15,34,42,0.5725647062448169,0.0019718153641388406,0,90.9,OFF,115200,499200,OFF,537600,OFF,115200,OFF,OFF,OFF,OFF,OFF,44.31372549019608,60.062,-256,-256,-256,60.656,59.531,60.187,59.406,60.656,5711,3788,14171,OFF,MAXN_SUPER
2026-08-16 00:28:11.339974,0:25:17.030000,22,21,31,7,2,65,0.5737765442590458,0.0019718153641388406,0,99.5,OFF,115200,499200,OFF,537600,OFF,115200,OFF,OFF,OFF,OFF,OFF,45.88235294117647,60.156,-256,-256,-256,60.75,59.562,60.312,59.468,60.75,5702,3826,14210,OFF,MAXN_SUPER
2026-08-16 00:28:12.339772,0:25:18.030000,23,17,35,18,3,62,0.5749919767080626,0.0019718153641388406,0,99.6,OFF,115200,499200,OFF,537600,OFF,115200,OFF,OFF,OFF,OFF,OFF,45.88235294117647,60.218,-256,-256,-256,61.218,59.625,60.406,59.656,61.218,5894,3865,14558,OFF,MAXN_SUPER
2026-08-16 00:28:13.340888,0:25:19.030000,32,5,24,6,16,64,0.5762849462503626,0.0019718153641388406,0,99.7,OFF,115200,499200,OFF,537600,OFF,115200,OFF,OFF,OFF,OFF,OFF,45.88235294117647,60.125,-256,-256,-256,61.562,59.687,60.437,59.718,61.562,5856,3904,14520,OFF,MAXN_SUPER
2026-08-16 00:28:14.341778,0:25:20.040000,11,37,20,25,37,26,0.5760369302499929,0.0019718153641388406,0,99.8,OFF,115200,499200,OFF,537600,OFF,115200,OFF,OFF,OFF,OFF,OFF,45.88235294117647,60.5,-256,-256,-256,61.937,59.843,60.625,59.843,61.718,6087,3974,14882,OFF,MAXN_SUPER
2026-08-16 00:28:15.342761,0:25:21.040000,20,33,16,15,52,9,0.5772585245872177,0.0019718153641388406,0,93.1,OFF,115200,499200,OFF,537600,OFF,115200,OFF,OFF,OFF,OFF,OFF,45.88235294117647,60.562,-256,-256,-256,61.093,59.906,60.718,59.843,61.093,6048,3865,14689,OFF,MAXN_SUPER
2026-08-16 00:28:16.343896,0:25:22.040000,6,6,22,6,46,62,0.5783661239925955,0.0019718153641388406,0,51.7,OFF,115200,499200,OFF,537600,OFF,115200,OFF,OFF,OFF,OFF,OFF,45.88235294117647,60.437,-256,-256,-256,61.343,60.156,60.781,59.875,61.343,5933,3788,14442,OFF,MAXN_SUPER
2026-08-16 00:28:17.345318,0:25:23.040000,7,10,17,28,60,51,0.5794798852861812,0.0019718153641388406,0,16.2,OFF,115200,499200,OFF,537600,OFF,115200,OFF,OFF,OFF,OFF,OFF,45.88235294117647,60.562,-256,-256,-256,61.125,60.25,60.781,60.093,61.125,5971,3788,14365,OFF,MAXN_SUPER
2026-08-16 00:28:18.346475,0:25:24.040000,4,8,11,14,66,45,0.580255769709698,0.0019718153641388406,0,52.8,OFF,115200,499200,OFF,537600,OFF,115200,OFF,OFF,OFF,OFF,OFF,45.88235294117647,60.562,-256,-256,-256,61.093,60.187,60.875,60.093,61.093,5634,3788,14094,OFF,MAXN_SUPER
2026-08-16 00:28:19.347386,0:25:25.040000,6,19,18,14,67,47,0.5801895294114626,0.0019718153641388406,0,99.5,OFF,115200,499200,OFF,537600,OFF,115200,OFF,OFF,OFF,OFF,OFF,45.88235294117647,60.687,-256,-256,-256,61.375,60.218,60.906,60.187,61.437,5779,3865,14326,OFF,MAXN_SUPER
2026-08-16 00:28:20.348474,0:25:26.040000,4,16,14,15,66,46,0.5814660672518749,0.0019718153641388406,0,99.5,OFF,115200,499200,OFF,537600,OFF,115200,OFF,OFF,OFF,OFF,OFF,45.88235294117647,60.843,-256,-256,-256,61.656,60.312,60.968,60.281,61.656,5817,3865,14481,OFF,MAXN_SUPER
2026-08-16 00:28:21.348668,0:25:27.040000,6,3,19,7,64,47,0.5826008816635044,0.0019718153641388406,0,99.8,OFF,115200,499200,OFF,537600,OFF,115200,OFF,OFF,OFF,OFF,OFF,45.88235294117647,61.031,-256,-256,-256,62.125,60.437,61.031,60.437,61.812,5856,3904,14558,OFF,MAXN_SUPER
2026-08-16 00:28:22.350240,0:25:28.040000,17,10,47,36,17,45,0.5836833200253665,0.0019718153641388406,0,99.7,OFF,128000,499200,OFF,537600,OFF,115200,OFF,OFF,OFF,OFF,OFF,45.88235294117647,61.125,-256,-256,-256,62.5,60.562,61.156,60.468,62.375,6164,3936,14998,OFF,MAXN_SUPER
2026-08-16 00:28:23.351839,0:25:29.050000,10,4,32,51,3,49,0.5846517634553815,0.0019718153641388406,0,99.7,OFF,115200,499200,OFF,537600,OFF,115200,OFF,OFF,OFF,OFF,OFF,47.84313725490196,61.093,-256,-256,-256,62.5,60.593,61.218,60.593,62.5,5933,3865,14611,OFF,MAXN_SUPER
2026-08-16 00:28:24.353173,0:25:30.050000,24,18,22,7,43,44,0.5856402330220724,0.0019718153641388406,0,93.1,OFF,115200,499200,OFF,537600,OFF,115200,OFF,OFF,OFF,OFF,OFF,47.84313725490196,61.375,-256,-256,-256,61.906,60.656,61.343,60.656,61.906,6280,3897,14882,OFF,MAXN_SUPER
2026-08-16 00:28:25.353325,0:25:31.050000,9,4,21,4,65,46,0.5869244732227445,0.0019718153641388406,0,99.5,OFF,115200,499200,OFF,537600,OFF,115200,OFF,OFF,OFF,OFF,OFF,47.84313725490196,61.125,-256,-256,-256,62.25,60.687,61.343,60.656,62.25,5817,3865,14442,OFF,MAXN_SUPER
2026-08-16 00:28:26.355484,0:25:32.050000,7,53,12,12,9,48,0.5879483736466311,0.0019718153641388406,0,99.8,OFF,115200,499200,OFF,537600,OFF,115200,OFF,OFF,OFF,OFF,OFF,47.84313725490196,61.437,-256,-256,-256,62.562,60.75,61.5,60.812,62.718,5971,3897,14689,OFF,MAXN_SUPER
2026-08-16 00:28:27.356906,0:25:33.050000,27,18,27,26,21,42,0.5864690069860408,0.0019718153641388406,0,99.5,OFF,115200,499200,OFF,537600,OFF,115200,OFF,OFF,OFF,OFF,OFF,47.84313725490196,61.406,-256,-256,-256,62.093,60.937,61.593,60.875,62.093,6241,3936,14998,OFF,MAXN_SUPER
2026-08-16 00:28:28.356220,0:25:34.050000,16,36,20,4,10,60,0.5874939343912953,0.0019718153641388406,0,79.3,OFF,115200,499200,OFF,537600,OFF,115200,OFF,OFF,OFF,OFF,OFF,47.84313725490196,61.375,-256,-256,-256,62.031,60.968,61.562,60.937,62.031,5817,3826,14403,OFF,MAXN_SUPER
2026-08-16 00:28:29.358779,0:25:35.050000,31,13,20,5,35,56,0.5887360683558799,0.0019718153641388406,0,69.8,OFF,115200,499200,OFF,537600,OFF,115200,OFF,OFF,OFF,OFF,OFF,47.84313725490196,61.843,-256,-256,-256,62.156,61.156,61.687,61.031,62.156,5971,3904,14650,OFF,MAXN_SUPER
2026-08-16 00:28:30.359929,0:25:36.050000,7,16,49,22,23,36,0.589802588506538,0.0019718153641388406,0,99.7,OFF,115200,499200,OFF,537600,OFF,115200,OFF,OFF,OFF,OFF,OFF,47.84313725490196,61.812,-256,-256,-256,62.843,61.156,61.843,61.125,62.843,6087,3897,14805,OFF,MAXN_SUPER
2026-08-16 00:28:31.361346,0:25:37.050000,16,11,39,4,13,63,0.59089529668208,0.0019718153641388406,0,10.0,OFF,115200,499200,OFF,537600,OFF,115200,OFF,OFF,OFF,OFF,OFF,47.84313725490196,61.562,-256,-256,-256,62.5,61.156,61.937,61.093,62.5,5518,3749,13977,OFF,MAXN_SUPER
2026-08-16 00:28:32.362366,0:25:38.060000,47,23,7,5,48,29,0.5920588665720132,0.0019718153641388406,0,10.8,OFF,115200,499200,OFF,537600,OFF,115200,OFF,OFF,OFF,OFF,OFF,47.84313725490196,61.656,-256,-256,-256,62.187,61.218,62.031,61.093,62.187,5325,3710,13706,OFF,MAXN_SUPER
2026-08-16 00:28:33.362674,0:25:39.060000,47,21,5,3,57,10,0.5930776320890598,0.0019718153641388406,0,15.2,OFF,115200,499200,OFF,537600,OFF,115200,OFF,OFF,OFF,OFF,OFF,47.84313725490196,62.093,-256,-256,-256,62.187,61.281,61.937,61.125,62.187,5595,3788,14094,OFF,MAXN_SUPER
2026-08-16 00:28:34.363890,0:25:40.060000,21,51,18,5,40,23,0.5940286168358191,0.0019718153641388406,0,9.4,OFF,115200,499200,OFF,537600,OFF,115200,OFF,OFF,OFF,OFF,OFF,47.84313725490196,61.843,-256,-256,-256,62.25,61.406,62.0,61.281,62.25,5625,3788,14094,OFF,MAXN_SUPER
2026-08-16 00:28:35.364770,0:25:41.060000,9,4,63,7,47,13,0.5950386530112377,0.0019718153641388406,0,81.9,OFF,115200,499200,OFF,537600,OFF,115200,OFF,OFF,OFF,OFF,OFF,47.84313725490196,61.906,-256,-256,-256,62.843,61.406,62.062,61.281,62.843,5625,3826,14132,OFF,MAXN_SUPER
2026-08-16 00:28:36.365940,0:25:42.060000,49,8,14,5,63,14,0.5959506124660133,0.0019718153641388406,0,99.6,OFF,115200,499200,OFF,537600,OFF,115200,OFF,OFF,OFF,OFF,OFF,47.84313725490196,62.593,-256,-256,-256,62.875,61.406,62.125,61.437,62.875,5933,3904,14573,OFF,MAXN_SUPER
2026-08-16 00:28:37.368033,0:25:43.060000,19,42,18,7,52,19,0.5971624504802422,0.0019718153641388406,0,99.5,OFF,115200,499200,OFF,537600,OFF,115200,OFF,OFF,OFF,OFF,OFF,47.84313725490196,62.25,-256,-256,-256,62.812,61.406,62.312,61.5,62.593,5856,3865,14496,OFF,MAXN_SUPER
2026-08-16 00:28:38.368180,0:25:44.060000,15,4,47,4,34,39,0.5979860895373705,0.0019718153641388406,0,10.8,OFF,115200,499200,OFF,537600,OFF,115200,OFF,OFF,OFF,OFF,OFF,47.84313725490196,62.406,-256,-256,-256,62.656,61.656,62.218,61.562,62.656,5894,3826,14341,OFF,MAXN_SUPER
2026-08-16 00:28:39.370146,0:25:45.060000,11,41,46,31,28,21,0.5981396232518852,0.0019718153641388406,0,97.5,OFF,115200,499200,OFF,537600,OFF,115200,OFF,OFF,OFF,OFF,OFF,47.84313725490196,62.468,-256,-256,-256,63.656,61.656,62.468,61.718,63.656,6577,4013,15552,OFF,MAXN_SUPER
2026-08-16 00:28:40.371431,0:25:46.070000,8,56,30,18,20,15,0.5993987024090416,0.0019718153641388406,0,8.3,OFF,115200,499200,OFF,537600,OFF,115200,OFF,OFF,OFF,OFF,OFF,47.84313725490196,62.375,-256,-256,-256,62.781,61.75,62.5,61.781,62.781,6280,3897,14843,OFF,MAXN_SUPER
2026-08-16 00:28:41.372836,0:25:47.070000,43,10,3,28,54,23,0.6007060496904935,0.0019718153641388406,0,15.2,OFF,115200,499200,OFF,537600,OFF,115200,OFF,OFF,OFF,OFF,OFF,47.84313725490196,62.468,-256,-256,-256,63.406,61.843,62.437,61.843,63.625,6346,3897,15037,OFF,MAXN_SUPER
2026-08-16 00:28:42.373077,0:25:48.070000,33,45,9,16,34,33,0.6022162257921235,0.0019718153641388406,0,17.7,OFF,166400,499200,OFF,537600,OFF,115200,OFF,OFF,OFF,OFF,OFF,47.84313725490196,62.375,-256,-256,-256,63.343,61.875,62.75,61.781,63.343,5971,3826,14457,OFF,MAXN_SUPER
2026-08-16 00:28:43.374814,0:25:49.070000,11,27,42,17,39,12,0.6033643909615369,0.0019718153641388406,0,99.7,OFF,115200,499200,OFF,537600,OFF,115200,OFF,OFF,OFF,OFF,OFF,47.84313725490196,62.468,-256,-256,-256,63.5,61.875,62.593,61.968,63.5,6125,3897,14805,OFF,MAXN_SUPER
2026-08-16 00:28:44.375622,0:25:50.070000,43,39,20,15,34,14,0.604447342814083,0.0019718153641388406,0,72.0,OFF,115200,499200,OFF,537600,OFF,115200,OFF,OFF,OFF,OFF,OFF,47.84313725490196,62.687,-256,-256,-256,63.187,62.125,62.625,62.093,63.187,6385,3936,15153,OFF,MAXN_SUPER
2026-08-16 00:28:45.376638,0:25:51.070000,6,12,57,47,11,14,0.6053962735981062,0.0019718153641388406,0,9.4,OFF,140800,499200,OFF,537600,OFF,115200,OFF,OFF,OFF,OFF,OFF,47.84313725490196,62.75,-256,-256,-256,63.875,62.031,62.718,62.187,63.875,6385,3936,15153,OFF,MAXN_SUPER
2026-08-16 00:28:46.378303,0:25:52.070000,14,7,42,52,14,30,0.606396553450529,0.0019718153641388406,0,99.8,OFF,115200,499200,OFF,537600,OFF,115200,OFF,OFF,OFF,OFF,OFF,47.84313725490196,63.031,-256,-256,-256,64.093,62.125,62.718,62.25,64.093,6692,4006,15629,OFF,MAXN_SUPER
2026-08-16 00:28:47.377967,0:25:53.070000,33,17,29,19,17,41,0.6075185305950587,0.0019718153641388406,0,99.5,OFF,115200,499200,OFF,537600,OFF,115200,OFF,OFF,OFF,OFF,OFF,47.84313725490196,62.968,-256,-256,-256,63.718,62.187,62.781,62.187,63.718,6308,3936,15114,OFF,MAXN_SUPER
2026-08-16 00:28:48.379323,0:25:54.070000,17,14,47,14,16,55,0.6085331881866334,0.0019718153641388406,0,95.7,OFF,115200,499200,OFF,537600,OFF,115200,OFF,OFF,OFF,OFF,OFF,47.84313725490196,63.125,-256,-256,-256,63.625,62.187,62.843,62.343,63.468,6154,3897,14805,OFF,MAXN_SUPER
2026-08-16 00:28:49.382117,0:25:55.070000,37,31,27,9,34,30,0.6098169148966215,0.0019718153641388406,0,19.1,OFF,115200,499200,OFF,537600,OFF,115200,OFF,OFF,OFF,OFF,OFF,47.84313725490196,63.218,-256,-256,-256,63.812,62.281,62.906,62.406,63.812,6308,3859,14959,OFF,MAXN_SUPER
2026-08-16 00:28:50.382415,0:25:56.080000,26,6,28,25,42,24,0.6104028077670601,0.0019718153641388406,0,42.0,OFF,115200,499200,OFF,537600,OFF,115200,OFF,OFF,OFF,OFF,OFF,47.84313725490196,63.093,-256,-256,-256,64.281,62.375,63.093,62.437,64.281,6346,3897,15075,OFF,MAXN_SUPER
2026-08-16 00:28:51.383556,0:25:57.080000,21,9,7,64,15,45,0.6116618869242165,0.0019718153641388406,0,99.7,OFF,128000,499200,OFF,537600,OFF,115200,OFF,OFF,OFF,OFF,OFF,50.98039215686274,63.125,-256,-256,-256,64.406,62.562,62.968,62.406,64.406,6615,4013,15436,OFF,MAXN_SUPER
2026-08-16 00:28:52.385446,0:25:58.080000,6,19,12,60,0,48,0.6125656305280481,0.0019718153641388406,0,99.7,OFF,115200,499200,OFF,537600,OFF,115200,OFF,OFF,OFF,OFF,OFF,50.98039215686274,63.312,-256,-256,-256,64.281,62.468,63.093,62.406,64.281,6048,3897,14727,OFF,MAXN_SUPER
2026-08-16 00:28:53.386204,0:25:59.080000,8,24,5,63,12,38,0.6136090435979266,0.0019718153641388406,0,99.8,OFF,115200,499200,OFF,537600,OFF,115200,OFF,OFF,OFF,OFF,OFF,50.98039215686274,63.0,-256,-256,-256,63.875,62.593,63.031,62.5,63.875,5625,3826,14132,OFF,MAXN_SUPER
2026-08-16 00:28:54.388172,0:26:00.080000,14,21,18,51,0,49,0.6146611860094329,0.0019718153641388406,0,10.1,OFF,115200,499200,OFF,537600,OFF,115200,OFF,OFF,OFF,OFF,OFF,50.98039215686274,63.031,-256,-256,-256,64.187,62.437,63.156,62.437,64.187,5625,3788,14132,OFF,MAXN_SUPER
2026-08-16 00:28:55.387415,0:26:01.080000,16,23,12,12,61,44,0.6156794380357954,0.0019718153641388406,0,99.7,OFF,115200,499200,OFF,537600,OFF,115200,OFF,OFF,OFF,OFF,OFF,50.98039215686274,63.218,-256,-256,-256,64.843,62.781,63.218,62.625,64.843,6615,4013,15436,OFF,MAXN_SUPER
2026-08-16 00:28:56.390566,0:26:02.080000,13,12,34,11,43,48,0.6166560973167544,0.0019718153641388406,0,99.8,OFF,115200,499200,OFF,537600,OFF,115200,OFF,OFF,OFF,OFF,OFF,50.98039215686274,63.562,-256,-256,-256,64.468,62.625,63.281,62.687,64.468,6538,4013,15385,OFF,MAXN_SUPER
2026-08-16 00:28:57.391713,0:26:03.080000,15,10,15,27,40,45,0.6180260904616538,0.0019718153641388406,0,12.0,OFF,115200,499200,OFF,537600,OFF,115200,OFF,OFF,OFF,OFF,OFF,50.98039215686274,63.312,-256,-256,-256,64.062,62.843,63.281,62.75,64.062,6269,3897,15037,OFF,MAXN_SUPER
2026-08-16 00:28:58.392213,0:26:04.090000,7,15,11,17,65,50,0.6161764970179029,0.0019718153641388406,0,57.5,OFF,115200,499200,OFF,537600,OFF,115200,OFF,OFF,OFF,OFF,OFF,50.98039215686274,63.5,-256,-256,-256,64.437,62.75,63.437,62.781,64.593,6346,3897,15114,OFF,MAXN_SUPER
2026-08-16 00:28:59.393159,0:26:05.090000,28,15,28,10,18,47,0.6179916865858261,0.0019718153641388406,0,64.5,OFF,115200,499200,OFF,537600,OFF,115200,OFF,OFF,OFF,OFF,OFF,50.98039215686274,63.406,-256,-256,-256,64.312,62.906,63.531,62.812,64.312,5894,3865,14418,OFF,MAXN_SUPER
2026-08-16 00:29:00.393587,0:26:06.090000,6,23,31,6,40,45,0.619296466413858,0.0019718153641388406,0,99.8,OFF,140800,499200,OFF,537600,OFF,115200,OFF,OFF,OFF,OFF,OFF,50.98039215686274,63.843,-256,-256,-256,64.656,62.906,63.625,62.906,64.656,6538,4013,15398,OFF,MAXN_SUPER
2026-08-16 00:29:01.394803,0:26:07.090000,5,23,5,17,62,47,0.6204251189372797,0.0019718153641388406,0,99.7,OFF,115200,499200,OFF,537600,OFF,115200,OFF,OFF,OFF,OFF,OFF,50.98039215686274,63.406,-256,-256,-256,64.625,62.812,63.468,62.906,64.5,5933,3936,14650,OFF,MAXN_SUPER
2026-08-16 00:29:02.396786,0:26:08.090000,5,14,16,9,50,58,0.6215316913612895,0.0019718153641388406,0,99.8,OFF,115200,499200,OFF,537600,OFF,115200,OFF,OFF,OFF,OFF,OFF,50.98039215686274,63.5,-256,-256,-256,64.625,62.968,63.5,62.906,64.625,5817,3859,14496,OFF,MAXN_SUPER
2026-08-16 00:29:03.397737,0:26:09.090000,8,17,14,24,53,43,0.6226392907666672,0.0019718153641388406,0,99.6,OFF,115200,499200,OFF,537600,OFF,115200,OFF,OFF,OFF,OFF,OFF,50.98039215686274,63.562,-256,-256,-256,64.375,63.031,63.593,63.062,64.375,6385,3936,15191,OFF,MAXN_SUPER
2026-08-16 00:29:04.398851,0:26:10.090000,3,22,3,7,64,47,0.6236904061968056,0.0019718153641388406,0,99.6,OFF,115200,499200,OFF,537600,OFF,115200,OFF,OFF,OFF,OFF,OFF,50.98039215686274,63.562,-256,-256,-256,64.468,63.031,63.593,63.0,64.468,5971,3936,14650,OFF,MAXN_SUPER
2026-08-16 00:29:05.400526,0:26:11.090000,5,20,5,6,64,47,0.6246763083100765,0.0019718153641388406,0,99.8,OFF,166400,499200,OFF,537600,OFF,115200,OFF,OFF,OFF,OFF,OFF,50.98039215686274,63.718,-256,-256,-256,64.687,63.156,63.656,63.093,64.593,5971,3936,14689,OFF,MAXN_SUPER
2026-08-16 00:29:06.401418,0:26:12.100000,5,14,7,24,65,47,0.6258234464981219,0.0019718153641388406,0,99.7,OFF,115200,499200,OFF,537600,OFF,115200,OFF,OFF,OFF,OFF,OFF,50.98039215686274,63.625,-256,-256,-256,65.031,63.062,63.593,63.062,65.031,6010,3974,14805,OFF,MAXN_SUPER
2026-08-16 00:29:07.400847,0:26:13.100000,16,33,15,14,24,44,0.6270660939533904,0.0019718153641388406,0,99.6,OFF,115200,499200,OFF,537600,OFF,115200,OFF,OFF,OFF,OFF,OFF,50.98039215686274,63.593,-256,-256,-256,64.593,63.062,63.781,63.093,64.593,6269,3974,15153,OFF,MAXN_SUPER
2026-08-16 00:29:08.401820,0:26:14.100000,7,26,17,11,55,45,0.6263939346480406,0.0019718153641388406,0,99.5,OFF,115200,499200,OFF,537600,OFF,115200,OFF,OFF,OFF,OFF,OFF,50.98039215686274,64.156,-256,-256,-256,64.75,63.125,63.687,63.125,64.75,6038,3936,14805,OFF,MAXN_SUPER
2026-08-16 00:29:09.404709,0:26:15.100000,28,25,11,21,22,35,0.6281613695823524,0.0019718153641388406,0,99.5,OFF,115200,499200,OFF,537600,OFF,115200,OFF,OFF,OFF,OFF,OFF,50.98039215686274,63.781,-256,-256,-256,64.312,63.25,63.75,63.187,64.312,5856,3897,14573,OFF,MAXN_SUPER
2026-08-16 00:29:10.405635,0:26:16.100000,10,17,21,14,41,51,0.6294194217581408,0.0019718153641388406,0,99.4,OFF,115200,499200,OFF,537600,OFF,115200,OFF,OFF,OFF,OFF,OFF,50.98039215686274,63.75,-256,-256,-256,64.468,63.125,63.781,63.125,64.218,5894,3865,14457,OFF,MAXN_SUPER
2026-08-16 00:29:11.407015,0:26:17.100000,16,13,7,11,47,63,0.6288602304032699,0.0019718153641388406,0,99.5,OFF,115200,499200,OFF,537600,OFF,115200,OFF,OFF,OFF,OFF,OFF,50.98039215686274,63.781,-256,-256,-256,64.562,63.218,63.843,63.25,64.562,5933,3897,14650,OFF,MAXN_SUPER
2026-08-16 00:29:12.407364,0:26:18.100000,19,29,7,13,55,43,0.6308207378347638,0.0019718153641388406,0,99.6,OFF,128000,499200,OFF,537600,OFF,115200,OFF,OFF,OFF,OFF,OFF,50.98039215686274,63.843,-256,-256,-256,64.843,63.281,63.812,63.156,64.843,5933,3936,14727,OFF,MAXN_SUPER
2026-08-16 00:29:13.408158,0:26:19.100000,6,18,8,21,63,46,0.6296330338826828,0.0019718153641388406,0,99.7,OFF,153600,499200,OFF,537600,OFF,115200,OFF,OFF,OFF,OFF,OFF,50.98039215686274,63.781,-256,-256,-256,65.0,63.156,63.906,63.312,65.0,5971,3936,14689,OFF,MAXN_SUPER
2026-08-16 00:29:14.411780,0:26:20.100000,21,3,4,14,66,47,0.630039205013723,0.0019718153641388406,0,99.7,OFF,115200,499200,OFF,537600,OFF,115200,OFF,OFF,OFF,OFF,OFF,50.98039215686274,63.843,-256,-256,-256,65.093,63.281,63.875,63.218,64.937,5933,3936,14727,OFF,MAXN_SUPER
2026-08-16 00:29:15.411994,0:26:21.110000,11,16,5,14,63,45,0.6315745421588689,0.0019718153641388406,0,17.4,OFF,115200,499200,OFF,537600,OFF,115200,OFF,OFF,OFF,OFF,OFF,50.98039215686274,63.75,-256,-256,-256,64.718,63.281,64.0,63.187,64.718,5548,3826,14132,OFF,MAXN_SUPER
2026-08-16 00:29:16.413357,0:26:22.110000,9,4,8,20,66,47,0.6283713872721064,0.0019718153641388406,0,81.4,OFF,115200,499200,OFF,537600,OFF,115200,OFF,OFF,OFF,OFF,OFF,50.98039215686274,64.093,-256,-256,-256,64.781,63.375,63.843,63.187,64.968,5625,3865,14210,OFF,MAXN_SUPER
2026-08-16 00:29:17.413988,0:26:23.110000,15,11,7,8,65,47,0.6298831038457885,0.0019718153641388406,0,24.5,OFF,115200,499200,OFF,537600,OFF,115200,OFF,OFF,OFF,OFF,OFF,50.98039215686274,64.156,-256,-256,-256,64.718,63.281,64.062,63.25,64.718,5586,3788,14132,OFF,MAXN_SUPER
2026-08-16 00:29:18.415125,0:26:24.110000,14,22,13,9,52,44,0.6310405118475138,0.0019718153641388406,0,14.7,OFF,115200,499200,OFF,537600,OFF,115200,OFF,OFF,OFF,OFF,OFF,50.98039215686274,63.781,-256,-256,-256,64.625,63.406,64.125,63.343,64.625,5518,3788,13977,OFF,MAXN_SUPER
2026-08-16 00:29:19.416448,0:26:25.110000,20,19,4,14,41,47,0.6309188145554069,0.0019718153641388406,0,17.0,OFF,115200,499200,OFF,537600,OFF,115200,OFF,OFF,OFF,OFF,OFF,50.98039215686274,64.125,-256,-256,-256,64.593,63.468,64.0,63.375,64.593,5586,3826,14055,OFF,MAXN_SUPER
2026-08-16 00:29:20.417250,0:26:26.110000,18,6,28,19,65,45,0.6308710599217954,0.0019718153641388406,0,8.8,OFF,115200,499200,OFF,537600,OFF,115200,OFF,OFF,OFF,OFF,OFF,50.98039215686274,63.968,-256,-256,-256,64.156,63.5,64.093,63.312,64.156,5441,3710,13745,OFF,MAXN_SUPER
2026-08-16 00:29:21.417872,0:26:27.110000,8,14,6,11,66,44,0.6309891627791143,0.0019718153641388406,0,9.6,OFF,115200,499200,OFF,537600,OFF,115200,OFF,OFF,OFF,OFF,OFF,50.98039215686274,63.937,-256,-256,-256,64.406,63.375,64.0,63.562,64.406,5586,3788,14094,OFF,MAXN_SUPER
2026-08-16 00:29:22.420155,0:26:28.110000,9,18,6,18,52,46,0.6312161256614401,0.0019718153641388406,0,38.1,OFF,115200,499200,OFF,537600,OFF,115200,OFF,OFF,OFF,OFF,OFF,50.98039215686274,64.281,-256,-256,-256,64.562,63.468,64.125,63.437,64.562,5740,3826,14248,OFF,MAXN_SUPER
2026-08-16 00:29:23.421462,0:26:29.110000,10,15,18,9,61,46,0.626795997853609,0.0019718153641388406,0,99.6,OFF,115200,499200,OFF,537600,OFF,115200,OFF,OFF,OFF,OFF,OFF,50.98039215686274,64.156,-256,-256,-256,64.812,63.593,64.0,63.562,64.812,5856,3897,14496,OFF,MAXN_SUPER
2026-08-16 00:29:24.422049,0:26:30.120000,6,7,16,11,51,61,0.6280735626753892,0.0019718153641388406,0,99.7,OFF,115200,499200,OFF,537600,OFF,115200,OFF,OFF,OFF,OFF,OFF,50.98039215686274,64.437,-256,-256,-256,65.312,63.593,64.125,63.5,65.312,5971,3936,14689,OFF,MAXN_SUPER
2026-08-16 00:29:25.423115,0:26:31.120000,5,13,22,13,67,45,0.629394260714625,0.0019718153641388406,0,99.8,OFF,115200,499200,OFF,537600,OFF,115200,OFF,OFF,OFF,OFF,OFF,50.98039215686274,64.218,-256,-256,-256,65.468,63.656,64.062,63.5,65.468,6038,3936,14805,OFF,MAXN_SUPER
2026-08-16 00:29:26.425901,0:26:32.120000,6,12,9,12,66,47,0.6267574860523093,0.0019718153641388406,0,99.7,OFF,115200,499200,OFF,537600,OFF,115200,OFF,OFF,OFF,OFF,OFF,50.98039215686274,64.25,-256,-256,-256,65.25,63.562,64.281,63.562,65.25,5961,3974,14766,OFF,MAXN_SUPER
2026-08-16 00:29:27.425644,0:26:33.120000,5,11,8,14,65,46,0.6283667658559504,0.0019718153641388406,0,99.8,OFF,115200,499200,OFF,537600,OFF,115200,OFF,OFF,OFF,OFF,OFF,50.98039215686274,64.531,-256,-256,-256,65.312,63.656,64.281,63.625,65.312,6038,3974,14882,OFF,MAXN_SUPER
2026-08-16 00:29:28.426530,0:26:34.120000,7,29,29,26,40,31,0.6251600165344,0.0019718153641388406,0,96.1,OFF,115200,499200,OFF,537600,OFF,115200,OFF,OFF,OFF,OFF,OFF,50.98039215686274,64.281,-256,-256,-256,64.843,63.593,64.25,63.625,64.843,6231,3936,15037,OFF,MAXN_SUPER
2026-08-16 00:29:29.427601,0:26:35.120000,36,15,19,11,4,67,0.6256483461748795,0.0019718153641388406,0,58.3,OFF,115200,499200,OFF,537600,OFF,115200,OFF,OFF,OFF,OFF,OFF,50.98039215686274,64.562,-256,-256,-256,64.875,63.812,64.25,63.75,64.875,6048,3859,14650,OFF,MAXN_SUPER
2026-08-16 00:29:30.428788,0:26:36.120000,28,7,12,14,44,58,0.6272463291834728,0.0019718153641388406,0,16.2,OFF,115200,499200,OFF,537600,OFF,115200,OFF,OFF,OFF,OFF,OFF,50.98039215686274,64.187,-256,-256,-256,64.593,63.781,64.218,63.781,64.593,5933,3826,14380,OFF,MAXN_SUPER
2026-08-16 00:29:31.430212,0:26:37.120000,8,5,13,14,65,48,0.6237248100726333,0.0019718153641388406,0,8.9,OFF,115200,499200,OFF,537600,OFF,115200,OFF,OFF,OFF,OFF,OFF,50.98039215686274,64.375,-256,-256,-256,64.906,63.75,64.281,63.75,64.906,5586,3788,14094,OFF,MAXN_SUPER
2026-08-16 00:29:32.431927,0:26:38.120000,12,12,18,9,59,46,0.6251143158635244,0.0019718153641388406,0,9.1,OFF,115200,499200,OFF,537600,OFF,115200,OFF,OFF,OFF,OFF,OFF,50.98039215686274,64.468,-256,-256,-256,65.125,63.843,64.406,63.75,65.125,5663,3826,14248,OFF,MAXN_SUPER
2026-08-16 00:29:33.432354,0:26:39.130000,3,16,16,6,53,58,0.6261644043122948,0.0019718153641388406,0,15.6,OFF,115200,499200,OFF,537600,OFF,115200,OFF,OFF,OFF,OFF,OFF,50.98039215686274,64.281,-256,-256,-256,64.843,63.875,64.375,63.718,64.843,5470,3749,13861,OFF,MAXN_SUPER
2026-08-16 00:29:34.432638,0:26:40.130000,13,9,4,9,46,66,0.6274275913949231,0.0019718153641388406,0,38.3,OFF,115200,499200,OFF,537600,OFF,115200,OFF,OFF,OFF,OFF,OFF,50.98039215686274,64.375,-256,-256,-256,65.156,63.843,64.562,63.75,64.812,5625,3826,14132,OFF,MAXN_SUPER
2026-08-16 00:29:35.433286,0:26:41.130000,24,26,40,22,23,22,0.6263790434182048,0.0019718153641388406,0,99.7,OFF,115200,499200,OFF,537600,OFF,115200,OFF,OFF,OFF,OFF,OFF,50.98039215686274,64.906,-256,-256,-256,65.75,63.906,64.375,63.875,65.75,6758,4083,15899,OFF,MAXN_SUPER
2026-08-16 00:29:36.436302,0:26:42.130000,14,14,66,16,35,1,0.6274676436682748,0.0019718153641388406,0,99.6,OFF,115200,499200,OFF,537600,OFF,115200,OFF,OFF,OFF,OFF,OFF,50.98039215686274,64.875,-256,-256,-256,65.593,64.0,64.437,64.031,65.593,6500,3968,15359,OFF,MAXN_SUPER
2026-08-16 00:29:37.436936,0:26:43.130000,10,13,38,10,46,46,0.6287056697073873,0.0019718153641388406,0,15.4,OFF,115200,499200,OFF,537600,OFF,115200,OFF,OFF,OFF,OFF,OFF,50.98039215686274,64.687,-256,-256,-256,64.812,63.937,64.531,63.937,64.812,6048,3820,14496,OFF,MAXN_SUPER
2026-08-16 00:29:38.438244,0:26:44.130000,17,9,15,18,63,49,0.5821541447684285,0.0019718153641388406,0,9.9,OFF,115200,499200,OFF,537600,OFF,115200,OFF,OFF,OFF,OFF,OFF,50.98039215686274,64.687,-256,-256,-256,65.187,64.0,64.562,63.937,65.187,6010,3859,14534,OFF,MAXN_SUPER
2026-08-16 00:29:39.439213,0:26:45.130000,4,11,22,4,64,46,0.5836607264352707,0.0019718153641388406,0,9.1,OFF,115200,499200,OFF,537600,OFF,115200,OFF,OFF,OFF,OFF,OFF,50.98039215686274,65.0,-256,-256,-256,65.375,64.0,64.593,63.937,65.375,5894,3788,14264,OFF,MAXN_SUPER
2026-08-16 00:29:40.440494,0:26:46.130000,13,8,20,8,66,47,0.5847862980145883,0.0019718153641388406,0,15.9,OFF,115200,499200,OFF,537600,OFF,115200,OFF,OFF,OFF,OFF,OFF,50.98039215686274,64.656,-256,-256,-256,65.218,64.093,64.531,64.031,65.218,5548,3788,13977,OFF,MAXN_SUPER
2026-08-16 00:29:41.441808,0:26:47.140000,5,12,46,10,10,67,0.5857973611713749,0.0019718153641388406,0,17.1,OFF,115200,499200,OFF,537600,OFF,115200,OFF,OFF,OFF,OFF,OFF,50.98039215686274,64.781,-256,-256,-256,64.875,64.125,64.593,63.968,64.875,5509,3788,13861,OFF,MAXN_SUPER
2026-08-16 00:29:42.443113,0:26:48.140000,15,28,28,14,9,65,0.5870738990117872,0.0019718153641388406,0,16.0,OFF,115200,499200,OFF,537600,OFF,115200,OFF,OFF,OFF,OFF,OFF,50.98039215686274,64.656,-256,-256,-256,64.875,64.062,64.562,64.062,64.875,5548,3788,13977,OFF,MAXN_SUPER
2026-08-16 00:29:43.442700,0:26:49.140000,9,6,8,15,47,66,0.5881696881314331,0.0019718153641388406,0,8.0,OFF,115200,499200,OFF,537600,OFF,115200,OFF,OFF,OFF,OFF,OFF,50.98039215686274,64.781,-256,-256,-256,64.906,64.093,64.656,64.0,64.906,5548,3788,13977,OFF,MAXN_SUPER
2026-08-16 00:29:44.445041,0:26:50.140000,19,14,16,17,38,64,0.5891679140211199,0.0019718153641388406,0,67.6,OFF,115200,499200,OFF,537600,OFF,115200,OFF,OFF,OFF,OFF,OFF,50.98039215686274,64.968,-256,-256,-256,65.187,64.031,64.687,64.156,65.187,5817,3826,14264,OFF,MAXN_SUPER
2026-08-16 00:29:45.446569,0:26:51.140000,17,27,13,11,21,66,0.5903253220228452,0.0019718153641388406,0,59.2,OFF,115200,499200,OFF,537600,OFF,115200,OFF,OFF,OFF,OFF,OFF,50.98039215686274,64.718,-256,-256,-256,65.093,64.156,64.718,64.031,65.093,5663,3826,14132,OFF,MAXN_SUPER
2026-08-16 00:29:46.447666,0:26:52.140000,9,4,15,7,49,61,0.5911381777756097,0.0019718153641388406,0,38.4,OFF,115200,499200,OFF,537600,OFF,115200,OFF,OFF,OFF,OFF,OFF,50.98039215686274,64.812,-256,-256,-256,65.093,64.031,64.718,64.062,65.093,5702,3826,14186,OFF,MAXN_SUPER
2026-08-16 00:29:47.448631,0:26:53.140000,21,4,24,5,62,47,0.5923094500258029,0.0019718153641388406,0,95.8,OFF,115200,499200,OFF,537600,OFF,115200,OFF,OFF,OFF,OFF,OFF,50.98039215686274,64.968,-256,-256,-256,65.468,64.062,64.75,64.062,65.281,5933,3897,14650,OFF,MAXN_SUPER
2026-08-16 00:29:48.450052,0:26:54.140000,8,4,9,16,55,55,0.5931798167351748,0.0019718153641388406,0,99.5,OFF,115200,499200,OFF,537600,OFF,115200,OFF,OFF,OFF,OFF,OFF,50.98039215686274,64.781,-256,-256,-256,65.281,64.125,64.75,64.156,65.375,5779,3865,14380,OFF,MAXN_SUPER
2026-08-16 00:29:49.451306,0:26:55.140000,6,6,24,15,57,55,0.5941949878174335,0.0019718153641388406,0,99.5,OFF,115200,499200,OFF,537600,OFF,115200,OFF,OFF,OFF,OFF,OFF,50.98039215686274,64.875,-256,-256,-256,65.687,64.25,64.75,64.218,65.687,5933,3936,14689,OFF,MAXN_SUPER
2026-08-16 00:29:50.454279,0:26:56.150000,4,6,13,17,65,48,0.5953051546762312,0.0019718153641388406,0,99.8,OFF,115200,499200,OFF,537600,OFF,115200,OFF,OFF,OFF,OFF,OFF,50.98039215686274,64.875,-256,-256,-256,65.75,64.218,64.718,64.218,65.75,5971,3936,14650,OFF,MAXN_SUPER
2026-08-16 00:29:51.452453,0:26:57.150000,6,18,12,15,65,47,0.5963326495349058,0.0019718153641388406,0,99.7,OFF,115200,499200,OFF,537600,OFF,115200,OFF,OFF,OFF,OFF,OFF,50.98039215686274,65.062,-256,-256,-256,66.0,64.281,64.75,64.218,66.0,6000,3936,14805,OFF,MAXN_SUPER
2026-08-16 00:29:52.454416,0:26:58.150000,7,26,14,18,63,46,0.5973611713749484,0.0019718153641388406,0,99.7,OFF,115200,499200,OFF,537600,OFF,115200,OFF,OFF,OFF,OFF,OFF,50.98039215686274,64.968,-256,-256,-256,65.937,64.281,64.843,64.156,65.937,5856,3897,14534,OFF,MAXN_SUPER
2026-08-16 00:29:53.455328,0:26:59.150000,7,4,11,15,65,47,0.598580711749437,0.0019718153641388406,0,99.7,OFF,115200,499200,OFF,537600,OFF,115200,OFF,OFF,OFF,OFF,OFF,50.98039215686274,64.812,-256,-256,-256,65.75,64.375,64.812,64.343,65.75,5663,3865,14264,OFF,MAXN_SUPER
2026-08-16 00:29:54.456816,0:27:00.150000,7,18,10,14,63,45,0.5996097470801636,0.0019718153641388406,0,11.9,OFF,115200,499200,OFF,537600,OFF,115200,OFF,OFF,OFF,OFF,OFF,50.98039215686274,65.093,-256,-256,-256,65.875,64.312,64.812,64.218,65.875,5548,3749,13977,OFF,MAXN_SUPER
2026-08-16 00:29:55.457749,0:27:01.150000,14,6,9,9,66,47,0.600648538733886,0.0019718153641388406,0,13.9,OFF,115200,499200,OFF,537600,OFF,115200,OFF,OFF,OFF,OFF,OFF,50.98039215686274,65.0,-256,-256,-256,65.75,64.25,64.812,64.187,65.75,5548,3788,14016,OFF,MAXN_SUPER
2026-08-16 00:29:56.459096,0:27:02.150000,14,29,7,17,55,24,0.6015651196048176,0.0019718153641388406,0,15.9,OFF,115200,499200,OFF,537600,OFF,115200,OFF,OFF,OFF,OFF,OFF,50.98039215686274,64.937,-256,-256,-256,65.406,64.187,64.875,64.187,65.343,5509,3788,13939,OFF,MAXN_SUPER
2026-08-16 00:29:57.459794,0:27:03.150000,19,19,13,12,55,44,0.6028067400787182,0.0019718153641388406,0,12.7,OFF,115200,499200,OFF,537600,OFF,115200,OFF,OFF,OFF,OFF,OFF,50.98039215686274,65.0,-256,-256,-256,65.531,64.312,64.937,64.375,65.531,5509,3788,14055,OFF,MAXN_SUPER
2026-08-16 00:29:58.460419,0:27:04.150000,9,13,4,14,65,48,0.6037325637819616,0.0019718153641388406,0,11.4,OFF,115200,499200,OFF,537600,OFF,115200,OFF,OFF,OFF,OFF,OFF,50.98039215686274,64.875,-256,-256,-256,65.343,64.343,64.875,64.281,65.343,5548,3788,13977,OFF,MAXN_SUPER
2026-08-16 00:29:59.462552,0:27:05.160000,11,32,6,15,50,45,0.6045336092489942,0.0019718153641388406,0,12.7,OFF,115200,499200,OFF,537600,OFF,115200,OFF,OFF,OFF,OFF,OFF,50.98039215686274,64.968,-256,-256,-256,65.281,64.343,64.906,64.281,65.281,5663,3788,14016,OFF,MAXN_SUPER
2026-08-16 00:30:00.463156,0:27:06.160000,7,11,5,22,56,50,0.605859955685754,0.0019718153641388406,0,44.6,OFF,115200,499200,OFF,537600,OFF,115200,OFF,OFF,OFF,OFF,OFF,50.98039215686274,65.218,-256,-256,-256,66.031,64.343,64.937,64.343,66.031,6192,3897,14921,OFF,MAXN_SUPER
2026-08-16 00:30:01.464636,0:27:07.160000,6,13,4,18,65,46,0.606834047513293,0.0019718153641388406,0,99.7,OFF,115200,499200,OFF,537600,OFF,115200,OFF,OFF,OFF,OFF,OFF,50.98039215686274,65.25,-256,-256,-256,66.531,64.531,64.875,64.562,66.531,6604,4006,15513,OFF,MAXN_SUPER
2026-08-16 00:30:02.465133,0:27:08.160000,8,15,13,16,64,47,0.6078214900986159,0.0019718153641388406,0,99.7,OFF,140800,499200,OFF,537600,OFF,115200,OFF,OFF,OFF,OFF,OFF,50.98039215686274,65.343,-256,-256,-256,66.375,64.468,65.093,64.531,66.375,6038,3936,14882,OFF,MAXN_SUPER
2026-08-16 00:30:03.467996,0:27:09.160000,8,19,16,6,65,46,0.6087118829446637,0.0019718153641388406,0,99.7,OFF,115200,499200,OFF,537600,OFF,115200,OFF,OFF,OFF,OFF,OFF,50.98039215686274,65.281,-256,-256,-256,66.218,64.531,65.031,64.437,66.218,5961,3974,14727,OFF,MAXN_SUPER
2026-08-16 00:30:04.467911,0:27:10.160000,19,16,8,20,56,43,0.6095827631447196,0.0019718153641388406,0,99.5,OFF,115200,499200,OFF,537600,OFF,115200,OFF,OFF,OFF,OFF,OFF,50.98039215686274,65.156,-256,-256,-256,65.718,64.468,65.031,64.531,65.718,6231,3936,14998,OFF,MAXN_SUPER
2026-08-16 00:30:05.469522,0:27:11.160000,9,11,20,4,64,49,0.610735549730289,0.0019718153641388406,0,45.0,OFF,115200,499200,OFF,537600,OFF,115200,OFF,OFF,OFF,OFF,OFF,53.333333333333336,65.156,-256,-256,-256,65.656,64.625,65.031,64.531,65.656,6077,3859,14573,OFF,MAXN_SUPER
2026-08-16 00:30:06.470344,0:27:12.160000,8,9,13,27,53,47,0.6120172224775412,0.0019718153641388406,0,81.1,OFF,115200,499200,OFF,537600,OFF,115200,OFF,OFF,OFF,OFF,OFF,53.333333333333336,65.437,-256,-256,-256,66.437,64.468,65.156,64.593,66.687,6604,4006,15552,OFF,MAXN_SUPER
2026-08-16 00:30:07.469899,0:27:13.170000,9,11,20,7,68,44,0.6130015841187602,0.0019718153641388406,0,99.7,OFF,115200,499200,OFF,537600,OFF,115200,OFF,OFF,OFF,OFF,OFF,53.333333333333336,65.406,-256,-256,-256,66.312,64.718,65.187,64.718,66.312,6566,4045,15552,OFF,MAXN_SUPER
2026-08-16 00:30:08.471448,0:27:14.170000,8,10,16,22,45,46,0.6140629693625783,0.0019718153641388406,0,99.5,OFF,115200,499200,OFF,537600,OFF,115200,OFF,OFF,OFF,OFF,OFF,53.333333333333336,65.687,-256,-256,-256,66.0,64.531,65.187,64.593,66.0,6385,3974,15128,OFF,MAXN_SUPER
2026-08-16 00:30:09.473830,0:27:15.170000,39,28,37,49,0,3,0.6154976623336611,0.0019718153641388406,0,99.8,OFF,115200,499200,OFF,537600,OFF,115200,OFF,OFF,OFF,OFF,OFF,53.333333333333336,65.718,-256,-256,-256,66.906,64.656,65.156,64.906,66.906,7130,4154,16335,OFF,MAXN_SUPER
2026-08-16 00:30:10.475350,0:27:16.170000,17,8,48,18,18,40,0.6136906886166817,0.0019718153641388406,0,85.6,OFF,115200,499200,OFF,537600,OFF,115200,OFF,OFF,OFF,OFF,OFF,53.333333333333336,65.812,-256,-256,-256,65.812,64.687,65.218,64.781,65.812,6231,3897,14882,OFF,MAXN_SUPER
2026-08-16 00:30:11.476049,0:27:17.170000,12,22,24,16,26,64,0.61540882844533,0.0019718153641388406,0,60.6,OFF,115200,499200,OFF,537600,OFF,115200,OFF,OFF,OFF,OFF,OFF,53.333333333333336,65.531,-256,-256,-256,66.0,64.75,65.281,64.75,66.0,5856,3859,14341,OFF,MAXN_SUPER
2026-08-16 00:30:12.476740,0:27:18.170000,17,37,12,10,8,64,0.6170181082489711,0.0019718153641388406,0,99.4,OFF,115200,499200,OFF,537600,OFF,115200,OFF,OFF,OFF,OFF,OFF,53.333333333333336,65.531,-256,-256,-256,66.093,64.687,65.25,64.718,66.093,5894,3897,14573,OFF,MAXN_SUPER
2026-08-16 00:30:13.478445,0:27:19.170000,6,25,6,12,51,55,0.6182402160768798,0.0019718153641388406,0,99.4,OFF,115200,499200,OFF,537600,OFF,115200,OFF,OFF,OFF,OFF,OFF,53.333333333333336,65.718,-256,-256,-256,66.031,64.75,65.25,64.75,66.031,5961,3936,14727,OFF,MAXN_SUPER
2026-08-16 00:30:14.479564,0:27:20.170000,6,15,12,9,66,44,0.6193200869853218,0.0019718153641388406,0,99.5,OFF,115200,499200,OFF,537600,OFF,115200,OFF,OFF,OFF,OFF,OFF,53.333333333333336,65.5,-256,-256,-256,66.031,64.687,65.218,64.781,66.031,5856,3897,14611,OFF,MAXN_SUPER
2026-08-16 00:30:15.481767,0:27:21.170000,7,12,18,5,65,46,0.6205134393349269,0.0019718153641388406,0,99.6,OFF,115200,499200,OFF,537600,OFF,115200,OFF,OFF,OFF,OFF,OFF,53.333333333333336,65.437,-256,-256,-256,66.031,64.75,65.312,64.843,66.031,5894,3897,14573,OFF,MAXN_SUPER
2026-08-16 00:30:16.481643,0:27:22.180000,5,9,18,18,64,46,0.6216646854484442,0.0019718153641388406,0,99.6,OFF,115200,499200,OFF,537600,OFF,115200,OFF,OFF,OFF,OFF,OFF,53.333333333333336,65.5,-256,-256,-256,66.25,64.843,65.312,64.781,66.25,5961,3936,14727,OFF,MAXN_SUPER
2026-08-16 00:30:17.483035,0:27:23.180000,10,18,13,6,64,46,0.6228138775992257,0.0019718153641388406,0,13.7,OFF,115200,499200,OFF,537600,OFF,115200,OFF,OFF,OFF,OFF,OFF,53.333333333333336,65.406,-256,-256,-256,65.812,64.75,65.218,64.718,65.812,6115,3897,14727,OFF,MAXN_SUPER
2026-08-16 00:30:18.484059,0:27:24.180000,10,15,18,25,53,49,0.6243291886076957,0.0019718153641388406,0,9.0,OFF,115200,499200,OFF,537600,OFF,115200,OFF,OFF,OFF,OFF,OFF,53.333333333333336,65.656,-256,-256,-256,66.375,64.75,65.343,64.843,66.531,6461,3936,15166,OFF,MAXN_SUPER
2026-08-16 00:30:19.484559,0:27:25.180000,13,8,14,21,59,46,0.6253541160129502,0.0019718153641388406,0,99.7,OFF,192000,499200,OFF,537600,OFF,115200,OFF,OFF,OFF,OFF,OFF,53.333333333333336,65.5,-256,-256,-256,66.812,64.781,65.343,64.968,66.812,6720,4045,15668,OFF,MAXN_SUPER
2026-08-16 00:30:20.486305,0:27:26.180000,14,7,13,6,64,47,0.6264288520145523,0.0019718153641388406,0,99.8,OFF,115200,499200,OFF,537600,OFF,115200,OFF,OFF,OFF,OFF,OFF,53.333333333333336,65.625,-256,-256,-256,66.593,64.781,65.375,64.937,66.593,6489,4006,15398,OFF,MAXN_SUPER
2026-08-16 00:30:21.487283,0:27:27.180000,25,20,15,8,64,46,0.6275682878423379,0.0019718153641388406,0,88.3,OFF,115200,499200,OFF,537600,OFF,115200,OFF,OFF,OFF,OFF,OFF,53.333333333333336,65.812,-256,-256,-256,66.281,64.812,65.343,64.875,66.281,6423,3936,15128,OFF,MAXN_SUPER
2026-08-16 00:30:22.488013,0:27:28.180000,8,7,16,9,64,49,0.6284011697317782,0.0019718153641388406,0,37.2,OFF,115200,499200,OFF,537600,OFF,115200,OFF,OFF,OFF,OFF,OFF,53.333333333333336,65.625,-256,-256,-256,66.187,64.906,65.343,64.875,66.187,6154,3859,14805,OFF,MAXN_SUPER
2026-08-16 00:30:23.490032,0:27:29.180000,13,12,25,10,64,45,0.6294394478948165,0.0019718153641388406,0,99.6,OFF,192000,499200,OFF,537600,OFF,115200,OFF,OFF,OFF,OFF,OFF,53.333333333333336,66.0,-256,-256,-256,66.406,64.875,65.5,64.812,66.406,6038,3936,14766,OFF,MAXN_SUPER
2026-08-16 00:30:24.493524,0:27:30.180000,17,16,6,6,64,48,0.6304243230267195,0.0019718153641388406,0,99.8,OFF,115200,499200,OFF,537600,OFF,115200,OFF,OFF,OFF,OFF,OFF,53.333333333333336,65.781,-256,-256,-256,66.718,64.812,65.468,64.906,66.718,6038,3974,14805,OFF,MAXN_SUPER
2026-08-16 00:30:25.492013,0:27:31.190000,15,15,4,2,67,47,0.6315170312022614,0.0019718153641388406,0,99.7,OFF,140800,499200,OFF,537600,OFF,115200,OFF,OFF,OFF,OFF,OFF,53.333333333333336,65.562,-256,-256,-256,66.906,65.031,65.312,65.0,66.906,6000,3974,14843,OFF,MAXN_SUPER
2026-08-16 00:30:26.494356,0:27:32.190000,12,31,6,3,65,46,0.6324418279241368,0.0019718153641388406,0,99.7,OFF,115200,499200,OFF,537600,OFF,115200,OFF,OFF,OFF,OFF,OFF,53.333333333333336,65.5,-256,-256,-256,66.656,64.906,65.281,64.906,66.656,5961,3974,14766,OFF,MAXN_SUPER
2026-08-16 00:30:27.494599,0:27:33.190000,8,21,20,7,48,44,0.6334647013666554,0.0019718153641388406,0,99.6,OFF,115200,499200,OFF,537600,OFF,115200,OFF,OFF,OFF,OFF,OFF,53.333333333333336,65.656,-256,-256,-256,66.468,65.031,65.375,64.937,66.562,6412,4045,15321,OFF,MAXN_SUPER
2026-08-16 00:30:28.497157,0:27:34.190000,8,23,17,6,64,47,0.6345029795296939,0.0019718153641388406,0,99.8,OFF,115200,499200,OFF,537600,OFF,115200,OFF,OFF,OFF,OFF,OFF,53.333333333333336,65.687,-256,-256,-256,66.562,64.906,65.343,64.937,66.718,6231,3974,15037,OFF,MAXN_SUPER
2026-08-16 00:30:29.496857,0:27:35.190000,6,18,16,4,60,44,0.6357009532954548,0.0019718153641388406,0,99.6,OFF,115200,499200,OFF,537600,OFF,115200,OFF,OFF,OFF,OFF,OFF,53.333333333333336,65.781,-256,-256,-256,66.218,64.843,65.468,64.937,66.218,6000,3974,14805,OFF,MAXN_SUPER
2026-08-16 00:30:30.498324,0:27:36.190000,19,4,11,5,57,56,0.6364824861164956,0.0019718153641388406,0,99.7,OFF,115200,499200,OFF,537600,OFF,115200,OFF,OFF,OFF,OFF,OFF,53.333333333333336,65.531,-256,-256,-256,66.781,64.937,65.468,64.937,66.781,5961,3974,14766,OFF,MAXN_SUPER
2026-08-16 00:30:31.499273,0:27:37.190000,8,18,22,3,48,61,0.6374083098197391,0.0019718153641388406,0,99.7,OFF,115200,499200,OFF,537600,OFF,115200,OFF,OFF,OFF,OFF,OFF,53.333333333333336,65.5,-256,-256,-256,66.562,64.968,65.375,64.843,66.562,5779,3897,14457,OFF,MAXN_SUPER
2026-08-16 00:30:32.500791,0:27:38.190000,14,9,11,3,53,60,0.6382699471874832,0.0019718153641388406,0,99.7,OFF,115200,499200,OFF,537600,OFF,115200,OFF,OFF,OFF,OFF,OFF,53.333333333333336,65.5,-256,-256,-256,66.5,64.906,65.437,64.937,66.718,5817,3897,14457,OFF,MAXN_SUPER
2026-08-16 00:30:33.501765,0:27:39.200000,14,25,8,3,65,47,0.6393118197853096,0.0019718153641388406,0,42.2,OFF,115200,499200,OFF,537600,OFF,115200,OFF,OFF,OFF,OFF,OFF,53.333333333333336,65.468,-256,-256,-256,66.687,64.968,65.562,64.906,66.437,5779,3859,14341,OFF,MAXN_SUPER
2026-08-16 00:30:34.504452,0:27:40.200000,6,6,21,4,66,47,0.6401534310163778,0.0019718153641388406,0,9.3,OFF,115200,499200,OFF,537600,OFF,115200,OFF,OFF,OFF,OFF,OFF,53.333333333333336,65.781,-256,-256,-256,66.593,64.906,65.312,64.843,66.593,5702,3859,14264,OFF,MAXN_SUPER
2026-08-16 00:30:35.504414,0:27:41.200000,8,20,16,15,66,46,0.6416533373043279,0.0019718153641388406,0,16.6,OFF,115200,499200,OFF,537600,OFF,115200,OFF,OFF,OFF,OFF,OFF,53.333333333333336,66.187,-256,-256,-256,66.031,64.968,65.468,64.937,66.187,5740,3826,14148,OFF,MAXN_SUPER
2026-08-16 00:30:36.504900,0:27:42.200000,22,10,6,11,51,61,0.6425534864733716,0.0019718153641388406,0,12.6,OFF,115200,499200,OFF,537600,OFF,115200,OFF,OFF,OFF,OFF,OFF,53.333333333333336,65.5,-256,-256,-256,65.75,64.937,65.406,64.75,66.031,5509,3826,13939,OFF,MAXN_SUPER
2026-08-16 00:30:37.505991,0:27:43.200000,27,27,24,9,42,17,0.6434582570585713,0.0019718153641388406,0,16.7,OFF,115200,499200,OFF,537600,OFF,115200,OFF,OFF,OFF,OFF,OFF,53.333333333333336,65.875,-256,-256,-256,66.0,65.031,65.5,65.0,66.0,5625,3826,14148,OFF,MAXN_SUPER
2026-08-16 00:30:38.508827,0:27:44.200000,21,34,24,10,3,64,0.6445478842900093,0.0019718153641388406,0,93.1,OFF,115200,499200,OFF,537600,OFF,115200,OFF,OFF,OFF,OFF,OFF,53.333333333333336,65.781,-256,-256,-256,66.125,64.968,65.531,64.906,65.937,5779,3859,14264,OFF,MAXN_SUPER
2026-08-16 00:30:39.508475,0:27:45.200000,23,34,15,7,64,3,0.6457263454097784,0.0019718153641388406,0,99.4,OFF,115200,499200,OFF,537600,OFF,115200,OFF,OFF,OFF,OFF,OFF,53.333333333333336,65.843,-256,-256,-256,66.218,64.968,65.531,64.937,66.218,5779,3897,14341,OFF,MAXN_SUPER
2026-08-16 00:30:40.508493,0:27:46.200000,23,45,13,12,23,41,0.646750759324349,0.0019718153641388406,0,70.2,OFF,115200,499200,OFF,537600,OFF,115200,OFF,OFF,OFF,OFF,OFF,53.333333333333336,65.718,-256,-256,-256,66.281,64.968,65.468,65.062,66.281,5923,3897,14496,OFF,MAXN_SUPER
2026-08-16 00:30:41.510783,0:27:47.200000,17,49,10,8,54,16,0.6454757619559887,0.0019718153641388406,0,91.6,OFF,115200,499200,OFF,537600,OFF,115200,OFF,OFF,OFF,OFF,OFF,53.333333333333336,66.062,-256,-256,-256,66.5,65.0,65.625,65.0,66.5,5884,3897,14611,OFF,MAXN_SUPER
2026-08-16 00:30:42.512168,0:27:48.210000,21,40,11,12,46,22,0.6235538176748628,0.0019718153641388406,0,22.5,OFF,115200,499200,OFF,537600,OFF,115200,OFF,OFF,OFF,OFF,OFF,53.333333333333336,65.656,-256,-256,-256,66.25,65.125,65.5,65.093,66.031,5817,3820,14302,OFF,MAXN_SUPER
2026-08-16 00:30:43.513363,0:27:49.210000,19,12,5,15,47,65,0.624503775440254,0.0019718153641388406,0,99.4,OFF,115200,499200,OFF,537600,OFF,115200,OFF,OFF,OFF,OFF,OFF,53.333333333333336,65.687,-256,-256,-256,66.5,65.062,65.593,65.0,66.5,5779,3897,14380,OFF,MAXN_SUPER
2026-08-16 00:30:44.514347,0:27:50.210000,5,10,8,16,66,48,0.6256735072183953,0.0019718153641388406,0,99.6,OFF,115200,499200,OFF,537600,OFF,115200,OFF,OFF,OFF,OFF,OFF,53.333333333333336,65.625,-256,-256,-256,66.406,65.062,65.531,65.0,66.406,5846,3936,14573,OFF,MAXN_SUPER
2026-08-16 00:30:45.515488,0:27:51.210000,17,11,7,20,64,48,0.6265798182756469,0.0019718153641388406,0,99.8,OFF,115200,499200,OFF,537600,OFF,115200,OFF,OFF,OFF,OFF,OFF,53.333333333333336,66.0,-256,-256,-256,67.093,65.093,65.593,65.031,67.093,6038,3974,14882,OFF,MAXN_SUPER
2026-08-16 00:30:46.517045,0:27:52.210000,16,17,8,17,49,46,0.627768035718412,0.0019718153641388406,0,99.6,OFF,115200,499200,OFF,537600,OFF,115200,OFF,OFF,OFF,OFF,OFF,53.333333333333336,65.812,-256,-256,-256,66.656,65.031,65.718,65.062,66.656,6385,4006,15282,OFF,MAXN_SUPER
2026-08-16 00:30:47.516988,0:27:53.210000,10,5,23,8,65,47,0.6284961655083172,0.0019718153641388406,0,90.5,OFF,115200,499200,OFF,537600,OFF,115200,OFF,OFF,OFF,OFF,OFF,53.333333333333336,65.812,-256,-256,-256,66.156,65.062,65.656,65.125,66.156,6269,3897,14935,OFF,MAXN_SUPER
2026-08-16 00:30:48.518599,0:27:54.210000,18,18,37,7,30,49,0.6293295608884416,0.0019718153641388406,0,61.6,OFF,115200,499200,OFF,537600,OFF,115200,OFF,OFF,OFF,OFF,OFF,53.333333333333336,65.937,-256,-256,-256,66.156,65.062,65.593,65.062,66.156,6115,3859,14650,OFF,MAXN_SUPER
2026-08-16 00:30:49.519431,0:27:55.210000,13,61,17,10,0,49,0.6304494840702353,0.0019718153641388406,0,37.3,OFF,115200,499200,OFF,537600,OFF,115200,OFF,OFF,OFF,OFF,OFF,53.333333333333336,65.906,-256,-256,-256,66.062,65.156,65.625,65.093,66.062,6077,3820,14534,OFF,MAXN_SUPER
2026-08-16 00:30:50.521213,0:27:56.210000,24,21,29,11,17,57,0.6317075362460236,0.0019718153641388406,0,99.7,OFF,115200,499200,OFF,537600,OFF,115200,OFF,OFF,OFF,OFF,OFF,53.333333333333336,65.906,-256,-256,-256,66.718,65.093,65.687,65.093,66.718,5961,3936,14611,OFF,MAXN_SUPER
2026-08-16 00:30:51.521225,0:27:57.220000,7,13,14,5,48,64,0.6325912537131795,0.0019718153641388406,0,99.6,OFF,140800,499200,OFF,537600,OFF,115200,OFF,OFF,OFF,OFF,OFF,53.333333333333336,65.843,-256,-256,-256,66.687,65.125,65.593,65.187,66.687,6038,3974,14805,OFF,MAXN_SUPER
2026-08-16 00:30:52.523028,0:27:58.220000,7,23,10,21,59,51,0.6336341532923739,0.0019718153641388406,0,99.7,OFF,115200,499200,OFF,537600,OFF,115200,OFF,OFF,OFF,OFF,OFF,53.333333333333336,66.218,-256,-256,-256,66.75,65.062,65.718,65.093,66.75,5817,3859,14418,OFF,MAXN_SUPER
2026-08-16 00:30:53.525080,0:27:59.220000,6,22,6,5,66,47,0.6346652425858363,0.0019718153641388406,0,99.8,OFF,115200,499200,OFF,537600,OFF,115200,OFF,OFF,OFF,OFF,OFF,53.333333333333336,65.937,-256,-256,-256,66.875,65.156,65.625,65.125,66.875,5740,3897,14380,OFF,MAXN_SUPER
2026-08-16 00:30:54.524607,0:28:00.220000,19,25,3,3,49,48,0.6359125114572609,0.0019718153641388406,0,99.7,OFF,115200,499200,OFF,537600,OFF,115200,OFF,OFF,OFF,OFF,OFF,53.333333333333336,65.906,-256,-256,-256,66.593,65.093,65.718,65.156,66.593,5663,3859,14225,OFF,MAXN_SUPER
2026-08-16 00:30:55.528156,0:28:01.220000,10,23,31,6,63,45,0.6369076564028437,0.0019718153641388406,0,99.7,OFF,115200,499200,OFF,537600,OFF,115200,OFF,OFF,OFF,OFF,OFF,53.333333333333336,66.0,-256,-256,-256,66.593,65.125,65.656,65.187,66.593,5894,3859,14496,OFF,MAXN_SUPER
2026-08-16 00:30:56.529637,0:28:02.220000,9,19,5,4,65,46,0.6377728882053757,0.0019718153641388406,0,54.8,OFF,115200,499200,OFF,537600,OFF,115200,OFF,OFF,OFF,OFF,OFF,53.333333333333336,66.0,-256,-256,-256,66.656,65.187,65.718,65.125,66.656,5779,3859,14302,OFF,MAXN_SUPER
2026-08-16 00:30:57.530305,0:28:03.220000,14,21,40,8,37,46,0.6388722717598097,0.0019718153641388406,0,32.9,OFF,115200,499200,OFF,537600,OFF,115200,OFF,OFF,OFF,OFF,OFF,53.333333333333336,66.281,-256,-256,-256,67.0,65.187,65.718,65.218,67.0,6038,3897,14805,OFF,MAXN_SUPER
2026-08-16 00:30:58.530438,0:28:04.220000,6,18,23,11,56,45,0.6396825600591541,0.0019718153641388406,0,11.3,OFF,115200,499200,OFF,537600,OFF,115200,OFF,OFF,OFF,OFF,OFF,53.333333333333336,65.968,-256,-256,-256,66.25,65.25,65.75,65.125,66.25,5586,3826,13993,OFF,MAXN_SUPER
2026-08-16 00:30:59.531324,0:28:05.230000,5,9,10,12,65,49,0.6408040237129998,0.0019718153641388406,0,11.8,OFF,115200,499200,OFF,537600,OFF,115200,OFF,OFF,OFF,OFF,OFF,53.333333333333336,65.875,-256,-256,-256,66.375,65.125,65.75,65.156,66.375,5625,3820,14109,OFF,MAXN_SUPER
2026-08-16 00:31:00.532816,0:28:06.230000,7,11,27,17,52,51,0.6416764443851077,0.0019718153641388406,0,23.4,OFF,115200,499200,OFF,537600,OFF,115200,OFF,OFF,OFF,OFF,OFF,53.333333333333336,65.906,-256,-256,-256,66.406,65.375,65.656,65.281,66.187,5663,3826,14148,OFF,MAXN_SUPER
2026-08-16 00:31:01.532454,0:28:07.230000,7,9,12,11,47,63,0.642732694722086,0.0019718153641388406,0,85.6,OFF,115200,499200,OFF,537600,OFF,115200,OFF,OFF,OFF,OFF,OFF,53.333333333333336,65.968,-256,-256,-256,66.562,65.281,65.718,65.187,66.562,5817,3859,14341,OFF,MAXN_SUPER
2026-08-16 00:31:02.534937,0:28:08.230000,9,10,18,9,47,65,0.643605115394194,0.0019718153641388406,0,99.5,OFF,115200,499200,OFF,537600,OFF,115200,OFF,OFF,OFF,OFF,OFF,53.333333333333336,66.437,-256,-256,-256,67.031,65.25,65.781,65.406,66.718,6038,3936,14882,OFF,MAXN_SUPER
2026-08-16 00:31:03.537540,0:28:09.230000,16,43,29,13,4,43,0.6448693294581903,0.0019718153641388406,0,11.1,OFF,115200,499200,OFF,537600,OFF,115200,OFF,OFF,OFF,OFF,OFF,53.333333333333336,66.156,-256,-256,-256,66.906,65.343,65.718,65.25,66.906,6115,3859,14727,OFF,MAXN_SUPER
2026-08-16 00:31:04.538376,0:28:10.230000,39,23,10,13,0,62,0.6461540831495465,0.0019718153641388406,0,17.2,OFF,115200,499200,OFF,537600,OFF,115200,OFF,OFF,OFF,OFF,OFF,53.333333333333336,66.218,-256,-256,-256,66.593,65.437,65.906,65.343,66.593,5740,3820,14225,OFF,MAXN_SUPER
2026-08-16 00:31:05.538880,0:28:11.230000,31,10,27,22,8,63,0.646857051895936,0.0019718153641388406,0,10.1,OFF,115200,499200,OFF,537600,OFF,115200,OFF,OFF,OFF,OFF,OFF,53.333333333333336,65.968,-256,-256,-256,66.187,65.343,65.937,65.312,66.187,5586,3788,14070,OFF,MAXN_SUPER
2026-08-16 00:31:06.540375,0:28:12.230000,8,15,9,48,23,43,0.6464400974605318,0.0019718153641388406,0,56.7,OFF,115200,499200,OFF,537600,OFF,115200,OFF,OFF,OFF,OFF,OFF,53.333333333333336,66.125,-256,-256,-256,66.437,65.281,65.906,65.218,66.437,5702,3859,14225,OFF,MAXN_SUPER
2026-08-16 00:31:07.541864,0:28:13.230000,26,24,25,21,8,64,0.6478193334377431,0.0019718153641388406,0,99.6,OFF,115200,499200,OFF,537600,OFF,115200,OFF,OFF,OFF,OFF,OFF,53.333333333333336,66.25,-256,-256,-256,66.781,65.375,65.812,65.343,66.781,5884,3936,14573,OFF,MAXN_SUPER
2026-08-16 00:31:08.541117,0:28:14.240000,20,4,47,11,10,66,0.6471009599708337,0.0019718153641388406,0,99.7,OFF,166400,499200,OFF,537600,OFF,115200,OFF,OFF,OFF,OFF,OFF,53.333333333333336,66.187,-256,-256,-256,66.687,65.312,65.875,65.437,66.687,6038,3936,14805,OFF,MAXN_SUPER
2026-08-16 00:31:09.543703,0:28:15.240000,10,4,64,47,14,19,0.6463687222554565,0.0019718153641388406,0,99.7,OFF,115200,499200,OFF,537600,OFF,115200,OFF,OFF,OFF,OFF,OFF,53.333333333333336,66.187,-256,-256,-256,67.406,65.406,65.812,65.5,67.218,6796,4083,15796,OFF,MAXN_SUPER
2026-08-16 00:31:10.544022,0:28:16.240000,30,29,3,10,45,47,0.645665753509067,0.0019718153641388406,0,99.8,OFF,115200,499200,OFF,537600,OFF,115200,OFF,OFF,OFF,OFF,OFF,53.333333333333336,66.218,-256,-256,-256,66.906,65.437,65.843,65.406,66.906,5846,3897,14573,OFF,MAXN_SUPER
2026-08-16 00:31:11.545031,0:28:17.240000,11,7,14,6,54,60,0.6464056935847041,0.0019718153641388406,0,12.1,OFF,115200,499200,OFF,537600,OFF,115200,OFF,OFF,OFF,OFF,OFF,53.333333333333336,65.968,-256,-256,-256,66.656,65.468,65.875,65.281,66.656,5509,3788,13954,OFF,MAXN_SUPER
2026-08-16 00:31:12.546353,0:28:18.240000,12,26,22,10,34,58,0.6456734558693269,0.0019718153641388406,0,4.7,OFF,115200,499200,OFF,537600,OFF,115200,OFF,OFF,OFF,OFF,OFF,53.333333333333336,66.031,-256,-256,-256,67.281,65.406,65.875,65.5,67.281,6115,3897,14882,OFF,MAXN_SUPER
2026-08-16 00:31:13.547878,0:28:19.240000,7,11,4,47,13,65,0.6480293511274972,0.0019718153641388406,0,11.3,OFF,115200,499200,OFF,537600,OFF,115200,OFF,OFF,OFF,OFF,OFF,53.333333333333336,66.25,-256,-256,-256,66.718,65.406,65.843,65.375,66.718,5509,3788,13877,OFF,MAXN_SUPER
2026-08-16 00:31:14.548574,0:28:20.240000,16,11,39,7,12,64,0.6456020806642515,0.0019718153641388406,0,35.7,OFF,115200,499200,OFF,537600,OFF,115200,OFF,OFF,OFF,OFF,OFF,53.333333333333336,66.25,-256,-256,-256,66.375,65.406,65.843,65.437,66.593,5548,3788,13954,OFF,MAXN_SUPER
2026-08-16 00:31:15.549812,0:28:21.240000,10,39,26,19,31,39,0.647287357089124,0.0019718153641388406,0,99.5,OFF,115200,499200,OFF,537600,OFF,115200,OFF,OFF,OFF,OFF,OFF,53.333333333333336,66.187,-256,-256,-256,66.656,65.375,65.968,65.312,66.656,5856,3897,14457,OFF,MAXN_SUPER
2026-08-16 00:31:16.550840,0:28:22.240000,46,4,22,10,38,24,0.6455774331114198,0.0019718153641388406,0,99.6,OFF,192000,499200,OFF,537600,OFF,115200,OFF,OFF,OFF,OFF,OFF,53.333333333333336,66.125,-256,-256,-256,66.656,65.468,65.812,65.5,66.656,5923,3897,14611,OFF,MAXN_SUPER
2026-08-16 00:31:17.553519,0:28:23.250000,17,7,46,20,12,63,0.6465304718209149,0.0019718153641388406,0,99.7,OFF,140800,499200,OFF,537600,OFF,115200,OFF,OFF,OFF,OFF,OFF,53.333333333333336,66.218,-256,-256,-256,67.312,65.343,65.906,65.375,67.156,6077,3974,14935,OFF,MAXN_SUPER
2026-08-16 00:31:18.552850,0:28:24.250000,16,6,50,2,11,66,0.6462865637460172,0.0020375425429434687,0,99.7,OFF,115200,499200,OFF,537600,OFF,115200,OFF,OFF,OFF,OFF,OFF,53.333333333333336,66.218,-256,-256,-256,67.031,65.312,65.937,65.375,67.031,5923,3936,14689,OFF,MAXN_SUPER
2026-08-16 00:31:19.554333,0:28:25.250000,25,14,32,16,13,63,0.6448652215327183,0.0020375425429434687,0,99.8,OFF,115200,499200,OFF,537600,OFF,115200,OFF,OFF,OFF,OFF,OFF,53.333333333333336,66.125,-256,-256,-256,66.937,65.375,65.812,65.375,66.937,5663,3820,14148,OFF,MAXN_SUPER
2026-08-16 00:31:20.555195,0:28:26.250000,49,5,4,13,12,64,0.6462331607148817,0.0020375425429434687,0,17.3,OFF,140800,499200,OFF,537600,OFF,115200,OFF,OFF,OFF,OFF,OFF,53.333333333333336,66.125,-256,-256,-256,66.5,65.375,65.781,65.312,66.5,5470,3788,13939,OFF,MAXN_SUPER
2026-08-16 00:31:21.556562,0:28:27.250000,9,41,47,10,23,22,0.647399811548919,0.0020375425429434687,0,99.7,OFF,115200,499200,OFF,537600,OFF,115200,OFF,OFF,OFF,OFF,OFF,54.90196078431372,66.468,-256,-256,-256,67.468,65.343,65.812,65.375,67.468,6566,4083,15591,OFF,MAXN_SUPER
2026-08-16 00:31:22.558010,0:28:28.250000,14,67,23,32,13,11,0.6470075046663466,0.0020375425429434687,0,8.2,OFF,115200,499200,OFF,537600,OFF,115200,OFF,OFF,OFF,OFF,OFF,54.90196078431372,66.406,-256,-256,-256,67.093,65.562,65.906,65.593,67.093,6643,4006,15591,OFF,MAXN_SUPER
2026-08-16 00:31:23.561394,0:28:29.250000,18,55,10,15,23,43,0.6479235720465941,0.0020375425429434687,0,19.8,OFF,115200,499200,OFF,537600,OFF,115200,OFF,OFF,OFF,OFF,OFF,54.90196078431372,66.468,-256,-256,-256,67.437,65.468,66.093,65.5,67.218,6269,3897,14896,OFF,MAXN_SUPER
2026-08-16 00:31:24.561313,0:28:30.260000,11,60,7,19,6,52,0.6444436456811582,0.0020375425429434687,0,75.8,OFF,153600,499200,OFF,537600,OFF,115200,OFF,OFF,OFF,OFF,OFF,54.90196078431372,66.406,-256,-256,-256,67.218,65.406,65.937,65.531,67.218,6115,3859,14650,OFF,MAXN_SUPER
2026-08-16 00:31:25.561237,0:28:31.260000,16,8,17,38,61,27,0.6467163554485212,0.0020375425429434687,0,99.6,OFF,128000,499200,OFF,537600,OFF,115200,OFF,OFF,OFF,OFF,OFF,54.90196078431372,66.468,-256,-256,-256,67.156,65.5,65.968,65.531,67.062,6528,4045,15359,OFF,MAXN_SUPER
2026-08-16 00:31:26.562193,0:28:32.260000,15,18,56,43,11,9,0.6468447281195201,0.0020375425429434687,0,99.7,OFF,115200,499200,OFF,537600,OFF,115200,OFF,OFF,OFF,OFF,OFF,54.90196078431372,66.343,-256,-256,-256,67.468,65.437,65.875,65.687,67.468,6873,4077,15950,OFF,MAXN_SUPER
2026-08-16 00:31:27.562768,0:28:33.260000,20,25,46,24,17,35,0.6458470157205173,0.0020375425429434687,0,99.8,OFF,128000,499200,OFF,537600,OFF,115200,OFF,OFF,OFF,OFF,OFF,54.90196078431372,66.406,-256,-256,-256,67.312,65.656,65.937,65.656,67.312,6259,4006,15128,OFF,MAXN_SUPER
2026-08-16 00:31:28.564600,0:28:34.260000,11,5,49,15,4,64,0.6474301074992747,0.0020375425429434687,0,99.7,OFF,115200,499200,OFF,537600,OFF,115200,OFF,OFF,OFF,OFF,OFF,54.90196078431372,66.187,-256,-256,-256,67.437,65.562,66.0,65.5,67.25,5923,3936,14689,OFF,MAXN_SUPER
2026-08-16 00:31:29.565911,0:28:35.260000,8,24,22,36,3,63,0.6459594701803123,0.0020375425429434687,0,79.3,OFF,115200,499200,OFF,537600,OFF,115200,OFF,OFF,OFF,OFF,OFF,54.90196078431372,66.281,-256,-256,-256,67.031,65.406,66.062,65.406,67.031,5779,3859,14418,OFF,MAXN_SUPER
2026-08-16 00:31:30.566762,0:28:36.260000,12,51,6,14,3,63,0.6460508715220634,0.0020375425429434687,0,33.2,OFF,115200,499200,OFF,537600,OFF,115200,OFF,OFF,OFF,OFF,OFF,54.90196078431372,66.125,-256,-256,-256,66.812,65.593,65.937,65.437,66.812,5586,3782,14032,OFF,MAXN_SUPER
2026-08-16 00:31:31.568332,0:28:37.260000,6,10,51,14,5,63,0.6461268681432947,0.0020375425429434687,0,12.5,OFF,115200,499200,OFF,537600,OFF,115200,OFF,OFF,OFF,OFF,OFF,54.90196078431372,66.468,-256,-256,-256,66.656,65.625,65.906,65.5,66.656,5548,3826,13954,OFF,MAXN_SUPER
2026-08-16 00:31:32.569269,0:28:38.260000,9,21,47,16,34,35,0.6450500781789567,0.0020375425429434687,0,99.5,OFF,115200,499200,OFF,537600,OFF,115200,OFF,OFF,OFF,OFF,OFF,54.90196078431372,66.281,-256,-256,-256,66.718,65.593,65.968,65.562,66.718,5663,3859,14225,OFF,MAXN_SUPER
2026-08-16 00:31:33.570799,0:28:39.260000,9,20,6,4,45,64,0.6475328056360737,0.0020375425429434687,0,99.6,OFF,140800,499200,OFF,537600,OFF,115200,OFF,OFF,OFF,OFF,OFF,54.90196078431372,66.25,-256,-256,-256,66.781,65.468,66.093,65.437,66.781,5846,3897,14534,OFF,MAXN_SUPER
2026-08-16 00:31:34.572608,0:28:40.270000,6,18,6,17,53,61,0.6326508186325229,0.0020375425429434687,0,99.7,OFF,115200,499200,OFF,537600,OFF,115200,OFF,OFF,OFF,OFF,OFF,54.90196078431372,66.531,-256,-256,-256,67.468,65.468,66.062,65.406,67.468,5961,3936,14689,OFF,MAXN_SUPER
2026-08-16 00:31:35.573371,0:28:41.270000,17,17,5,2,48,64,0.6329106449186246,0.0020375425429434687,0,99.7,OFF,115200,499200,OFF,537600,OFF,115200,OFF,OFF,OFF,OFF,OFF,54.90196078431372,66.031,-256,-256,-256,67.187,65.5,65.906,65.562,67.187,5923,3936,14650,OFF,MAXN_SUPER
2026-08-16 00:31:36.573962,0:28:42.270000,5,22,4,5,49,62,0.6340788362247138,0.0020375425429434687,0,2.4,OFF,115200,499200,OFF,537600,OFF,115200,OFF,OFF,OFF,OFF,OFF,54.90196078431372,66.656,-256,-256,-256,66.812,65.5,66.031,65.406,66.812,5509,3788,13916,OFF,MAXN_SUPER
2026-08-16 00:31:37.575130,0:28:43.270000,4,25,13,4,48,66,0.6348978538656862,0.0020375425429434687,0,12.8,OFF,115200,499200,OFF,537600,OFF,115200,OFF,OFF,OFF,OFF,OFF,54.90196078431372,66.187,-256,-256,-256,66.656,65.5,66.031,65.343,66.656,5548,3820,14032,OFF,MAXN_SUPER
2026-08-16 00:31:38.576270,0:28:44.270000,21,29,2,5,36,57,0.6360835038550313,0.0020375425429434687,0,12.5,OFF,115200,499200,OFF,537600,OFF,115200,OFF,OFF,OFF,OFF,OFF,54.90196078431372,66.156,-256,-256,-256,66.656,65.593,66.0,65.437,66.656,5509,3820,14032,OFF,MAXN_SUPER
2026-08-16 00:31:39.577104,0:28:45.270000,20,10,12,63,3,46,0.6373954725526392,0.0020375425429434687,0,16.9,OFF,115200,499200,OFF,537600,OFF,115200,OFF,OFF,OFF,OFF,OFF,54.90196078431372,66.343,-256,-256,-256,66.562,65.5,65.906,65.375,66.562,5586,3788,13954,OFF,MAXN_SUPER
2026-08-16 00:31:40.577714,0:28:46.270000,16,61,6,8,5,47,0.6384804783679212,0.0020375425429434687,0,17.1,OFF,115200,499200,OFF,537600,OFF,115200,OFF,OFF,OFF,OFF,OFF,54.90196078431372,66.468,-256,-256,-256,66.375,65.5,66.093,65.437,66.375,5663,3782,14109,OFF,MAXN_SUPER
2026-08-16 00:31:41.579627,0:28:47.270000,30,54,5,25,4,47,0.6396322379721225,0.0020375425429434687,0,54.8,OFF,115200,499200,OFF,537600,OFF,115200,OFF,OFF,OFF,OFF,OFF,54.90196078431372,66.343,-256,-256,-256,66.531,65.531,65.968,65.5,66.531,5961,3859,14534,OFF,MAXN_SUPER
2026-08-16 00:31:42.581063,0:28:48.270000,9,30,4,20,45,47,0.641112118123397,0.0020375425429434687,0,31.6,OFF,115200,499200,OFF,537600,OFF,115200,OFF,OFF,OFF,OFF,OFF,54.90196078431372,66.312,-256,-256,-256,66.656,65.437,66.156,65.437,66.656,5663,3820,14264,OFF,MAXN_SUPER
2026-08-16 00:31:43.581962,0:28:49.280000,24,5,5,4,50,66,0.6421591256280633,0.0020375425429434687,0,97.4,OFF,115200,499200,OFF,537600,OFF,115200,OFF,OFF,OFF,OFF,OFF,53.333333333333336,66.281,-256,-256,-256,66.5,65.5,66.062,65.406,66.5,5702,3820,14186,OFF,MAXN_SUPER
2026-08-16 00:31:44.583099,0:28:50.280000,31,24,15,20,8,63,0.6430202495051234,0.0020375425429434687,0,99.5,OFF,115200,499200,OFF,537600,OFF,115200,OFF,OFF,OFF,OFF,OFF,53.333333333333336,66.218,-256,-256,-256,66.843,65.406,65.968,65.531,66.843,5846,3897,14534,OFF,MAXN_SUPER
2026-08-16 00:31:45.583694,0:28:51.280000,15,8,3,13,48,63,0.6440770133327857,0.0020375425429434687,0,99.8,OFF,153600,499200,OFF,537600,OFF,115200,OFF,OFF,OFF,OFF,OFF,53.333333333333336,66.281,-256,-256,-256,67.187,65.531,66.0,65.375,67.187,5961,3974,14742,OFF,MAXN_SUPER
2026-08-16 00:31:46.585552,0:28:52.280000,8,7,17,20,56,55,0.6452297999183549,0.0020375425429434687,0,99.7,OFF,115200,499200,OFF,537600,OFF,115200,OFF,OFF,OFF,OFF,OFF,53.333333333333336,66.031,-256,-256,-256,67.062,65.468,65.906,65.468,67.062,5884,3897,14534,OFF,MAXN_SUPER
2026-08-16 00:31:47.586277,0:28:53.280000,17,4,6,49,19,50,0.646204405236578,0.0020375425429434687,0,51.8,OFF,166400,499200,OFF,537600,OFF,115200,OFF,OFF,OFF,OFF,OFF,53.333333333333336,66.218,-256,-256,-256,66.875,65.531,65.937,65.468,67.031,5663,3820,14225,OFF,MAXN_SUPER
2026-08-16 00:31:48.589186,0:28:54.280000,22,7,5,50,26,46,0.6473423005923115,0.0020375425429434687,0,99.8,OFF,358400,499200,OFF,537600,OFF,115200,OFF,OFF,OFF,OFF,OFF,53.333333333333336,66.437,-256,-256,-256,67.312,65.5,65.937,65.5,67.312,6566,4045,15513,OFF,MAXN_SUPER
2026-08-16 00:31:49.588908,0:28:55.280000,52,6,12,20,15,50,0.6481844253140637,0.0020375425429434687,0,99.5,OFF,115200,499200,OFF,537600,OFF,115200,OFF,OFF,OFF,OFF,OFF,53.333333333333336,66.281,-256,-256,-256,67.156,65.625,66.0,65.593,66.781,6374,3968,15166,OFF,MAXN_SUPER
2026-08-16 00:31:50.589899,0:28:56.280000,13,35,5,12,14,65,0.649562634309907,0.0020375425429434687,0,95.4,OFF,166400,499200,OFF,537600,OFF,115200,OFF,OFF,OFF,OFF,OFF,53.333333333333336,66.468,-256,-256,-256,66.656,65.593,66.156,65.437,66.656,5884,3897,14496,OFF,MAXN_SUPER
2026-08-16 00:31:51.592038,0:28:57.290000,21,12,20,15,44,51,0.6500956376398941,0.0020375425429434687,0,99.7,OFF,115200,499200,OFF,537600,OFF,115200,OFF,OFF,OFF,OFF,OFF,53.333333333333336,66.187,-256,-256,-256,67.125,65.468,66.031,65.437,67.125,5702,3859,14302,OFF,MAXN_SUPER
2026-08-16 00:31:52.592313,0:28:58.290000,16,13,3,2,51,61,0.6494060196512885,0.0020375425429434687,0,64.4,OFF,115200,499200,OFF,537600,OFF,115200,OFF,OFF,OFF,OFF,OFF,53.333333333333336,66.25,-256,-256,-256,67.093,65.531,66.125,65.437,67.093,5769,3897,14380,OFF,MAXN_SUPER
2026-08-16 00:31:53.593631,0:28:59.290000,17,22,16,6,65,47,0.6465592272992188,0.0020375425429434687,0,12.9,OFF,115200,499200,OFF,537600,OFF,115200,OFF,OFF,OFF,OFF,OFF,53.333333333333336,66.281,-256,-256,-256,67.031,65.5,66.062,65.406,67.031,5663,3820,14109,OFF,MAXN_SUPER
2026-08-16 00:31:54.594537,0:29:00.290000,15,13,4,17,55,45,0.6474337019340627,0.0020375425429434687,0,25.9,OFF,115200,499200,OFF,537600,OFF,115200,OFF,OFF,OFF,OFF,OFF,53.333333333333336,66.218,-256,-256,-256,67.125,65.5,65.937,65.5,66.875,5808,3897,14457,OFF,MAXN_SUPER
2026-08-16 00:31:55.596083,0:29:01.290000,11,15,7,20,53,46,0.646202864764526,0.0020375425429434687,0,12.1,OFF,115200,499200,OFF,537600,OFF,115200,OFF,OFF,OFF,OFF,OFF,53.333333333333336,66.187,-256,-256,-256,66.093,65.625,66.062,65.437,66.187,5393,3749,13684,OFF,MAXN_SUPER
2026-08-16 00:31:56.596303,0:29:02.290000,21,23,19,10,43,45,0.6474301074992747,0.0020375425429434687,0,5.6,OFF,115200,499200,OFF,537600,OFF,115200,OFF,OFF,OFF,OFF,OFF,53.333333333333336,66.375,-256,-256,-256,67.125,65.5,66.093,65.5,67.125,6192,3968,14935,OFF,MAXN_SUPER
2026-08-16 00:31:57.598507,0:29:03.290000,19,11,8,13,65,46,0.6478896816614504,0.0020375425429434687,0,76.9,OFF,115200,499200,OFF,537600,OFF,115200,OFF,OFF,OFF,OFF,OFF,53.333333333333336,66.562,-256,-256,-256,67.218,65.5,66.125,65.593,67.218,6308,3929,15012,OFF,MAXN_SUPER
2026-08-16 00:31:58.599885,0:29:04.290000,15,14,18,8,63,49,0.6500863948075822,0.0020375425429434687,0,5.8,OFF,115200,499200,OFF,537600,OFF,115200,OFF,OFF,OFF,OFF,OFF,53.333333333333336,66.406,-256,-256,-256,66.25,65.562,66.187,65.5,66.406,5393,3672,13590,OFF,MAXN_SUPER
2026-08-16 00:31:59.600402,0:29:05.290000,17,3,7,18,65,48,0.6489325812406448,0.0020375425429434687,0,79.2,OFF,204800,499200,OFF,537600,OFF,115200,OFF,OFF,OFF,OFF,OFF,53.333333333333336,66.437,-256,-256,-256,66.625,65.593,66.218,65.437,66.625,5702,3859,14264,OFF,MAXN_SUPER
2026-08-16 00:32:00.601862,0:29:06.300000,13,6,9,9,47,63,0.6495272034527113,0.0020375425429434687,0,99.8,OFF,115200,499200,OFF,537600,OFF,115200,OFF,OFF,OFF,OFF,OFF,53.333333333333336,66.437,-256,-256,-256,67.156,65.593,66.218,65.593,67.156,5961,3936,14766,OFF,MAXN_SUPER
2026-08-16 00:32:01.603467,0:29:07.300000,18,22,5,7,49,62,0.6478409000464709,0.0021032697217480967,0,99.7,OFF,115200,499200,OFF,537600,OFF,115200,OFF,OFF,OFF,OFF,OFF,53.333333333333336,66.312,-256,-256,-256,67.156,65.656,66.093,65.5,67.125,5808,3897,14496,OFF,MAXN_SUPER
2026-08-16 00:32:02.603898,0:29:08.300000,8,15,8,10,48,65,0.6488252616876898,0.0021032697217480967,0,50.9,OFF,115200,499200,OFF,537600,OFF,115200,OFF,OFF,OFF,OFF,OFF,53.333333333333336,66.125,-256,-256,-256,67.031,65.625,66.125,65.562,67.218,5702,3859,14380,OFF,MAXN_SUPER
2026-08-16 00:32:03.604952,0:29:09.300000,10,10,18,7,47,63,0.6497161680244217,0.0021032697217480967,0,15.8,OFF,115200,499200,OFF,537600,OFF,115200,OFF,OFF,OFF,OFF,OFF,53.333333333333336,66.468,-256,-256,-256,66.875,65.593,66.187,65.468,66.875,5509,3788,13916,OFF,MAXN_SUPER
2026-08-16 00:32:04.606272,0:29:10.300000,9,11,19,4,65,47,0.6465237964420231,0.0021032697217480967,0,12.2,OFF,115200,499200,OFF,537600,OFF,115200,OFF,OFF,OFF,OFF,OFF,53.333333333333336,66.406,-256,-256,-256,66.687,65.562,66.062,65.437,66.687,5586,3782,14070,OFF,MAXN_SUPER
2026-08-16 00:32:05.607466,0:29:11.300000,32,12,11,7,52,32,0.6489823898369924,0.0021032697217480967,0,11.5,OFF,115200,499200,OFF,537600,OFF,115200,OFF,OFF,OFF,OFF,OFF,53.333333333333336,66.281,-256,-256,-256,66.468,65.75,66.062,65.593,66.468,5548,3820,14032,OFF,MAXN_SUPER
2026-08-16 00:32:06.608722,0:29:12.300000,20,43,20,16,11,54,0.6460827079444711,0.0021032697217480967,0,15.1,OFF,115200,499200,OFF,537600,OFF,115200,OFF,OFF,OFF,OFF,OFF,53.333333333333336,66.468,-256,-256,-256,67.25,65.625,66.125,65.562,67.25,6077,3859,14689,OFF,MAXN_SUPER
2026-08-16 00:32:07.609569,0:29:13.300000,15,10,6,12,54,49,0.6479138157235982,0.0021032697217480967,0,30.2,OFF,115200,499200,OFF,537600,OFF,115200,OFF,OFF,OFF,OFF,OFF,53.333333333333336,66.531,-256,-256,-256,67.218,65.625,66.218,65.625,67.218,6154,3897,14857,OFF,MAXN_SUPER
2026-08-16 00:32:08.610946,0:29:14.300000,41,11,19,14,19,54,0.6463024819572211,0.0021032697217480967,0,15.4,OFF,115200,499200,OFF,537600,OFF,115200,OFF,OFF,OFF,OFF,OFF,53.333333333333336,66.406,-256,-256,-256,66.625,65.687,66.281,65.625,66.625,5548,3749,13916,OFF,MAXN_SUPER
2026-08-16 00:32:09.612211,0:29:15.310000,40,17,14,8,9,64,0.6482434767427232,0.0021032697217480967,0,23.3,OFF,115200,499200,OFF,537600,OFF,115200,OFF,OFF,OFF,OFF,OFF,53.333333333333336,66.312,-256,-256,-256,66.718,65.593,66.187,65.593,66.718,5625,3782,14032,OFF,MAXN_SUPER
2026-08-16 00:32:10.612963,0:29:16.310000,4,9,17,6,68,46,0.6479785155497816,0.0021032697217480967,0,96.1,OFF,115200,499200,OFF,537600,OFF,115200,OFF,OFF,OFF,OFF,OFF,53.333333333333336,66.343,-256,-256,-256,66.843,65.625,66.062,65.656,66.843,5740,3859,14341,OFF,MAXN_SUPER
2026-08-16 00:32:11.614579,0:29:17.310000,18,12,48,10,26,48,0.6457325072979864,0.0021032697217480967,0,36.1,OFF,115200,499200,OFF,537600,OFF,115200,OFF,OFF,OFF,OFF,OFF,53.333333333333336,66.562,-256,-256,-256,66.75,65.625,66.156,65.656,66.75,5769,3859,14302,OFF,MAXN_SUPER
2026-08-16 00:32:12.615480,0:29:18.310000,15,6,47,14,10,55,0.6471933882939529,0.0021032697217480967,0,92.7,OFF,115200,499200,OFF,537600,OFF,115200,OFF,OFF,OFF,OFF,OFF,53.333333333333336,66.718,-256,-256,-256,66.718,65.875,66.218,65.593,66.718,5731,3859,14302,OFF,MAXN_SUPER
2026-08-16 00:32:13.616670,0:29:19.310000,14,12,48,5,13,64,0.6444102687866985,0.0021032697217480967,0,99.5,OFF,115200,499200,OFF,537600,OFF,115200,OFF,OFF,OFF,OFF,OFF,53.333333333333336,66.656,-256,-256,-256,67.0,65.687,66.156,65.656,67.0,5846,3897,14534,OFF,MAXN_SUPER
2026-08-16 00:32:14.616092,0:29:20.310000,28,12,37,11,2,65,0.6228955226179809,0.0021032697217480967,0,99.5,OFF,115200,499200,OFF,537600,OFF,115200,OFF,OFF,OFF,OFF,OFF,53.333333333333336,66.5,-256,-256,-256,67.218,65.875,66.156,65.75,67.218,5961,3936,14727,OFF,MAXN_SUPER
2026-08-16 00:32:15.618727,0:29:21.310000,11,17,47,9,21,59,0.6241987619739608,0.0021032697217480967,0,99.5,OFF,115200,499200,OFF,537600,OFF,115200,OFF,OFF,OFF,OFF,OFF,53.333333333333336,66.75,-256,-256,-256,67.218,65.843,66.187,65.812,67.218,6192,4006,15050,OFF,MAXN_SUPER
2026-08-16 00:32:16.620172,0:29:22.310000,22,40,33,17,37,15,0.625593916162376,0.0021032697217480967,0,11.0,OFF,115200,499200,OFF,537600,OFF,115200,OFF,OFF,OFF,OFF,OFF,53.333333333333336,66.593,-256,-256,-256,67.312,65.781,66.156,65.812,67.312,6192,3897,14819,OFF,MAXN_SUPER
2026-08-16 00:32:17.620871,0:29:23.310000,10,41,16,3,54,29,0.6268781563630482,0.0021032697217480967,0,10.4,OFF,115200,499200,OFF,537600,OFF,115200,OFF,OFF,OFF,OFF,OFF,53.333333333333336,66.687,-256,-256,-256,66.875,65.781,66.25,65.718,66.875,5808,3820,14302,OFF,MAXN_SUPER
2026-08-16 00:32:18.621714,0:29:24.320000,8,36,26,37,32,23,0.627775224587988,0.0021032697217480967,0,98.8,OFF,153600,499200,OFF,537600,OFF,115200,OFF,OFF,OFF,OFF,OFF,53.333333333333336,66.75,-256,-256,-256,67.656,65.812,66.343,65.843,67.656,6451,4006,15243,OFF,MAXN_SUPER
2026-08-16 00:32:19.623348,0:29:25.320000,7,11,7,58,9,48,0.6291498391490432,0.0021032697217480967,0,99.7,OFF,115200,499200,OFF,537600,OFF,115200,OFF,OFF,OFF,OFF,OFF,53.333333333333336,66.656,-256,-256,-256,67.656,65.843,66.218,65.812,67.656,6412,3968,15166,OFF,MAXN_SUPER
2026-08-16 00:32:20.624747,0:29:26.320000,29,41,28,3,18,39,0.630154740417622,0.0021032697217480967,0,99.7,OFF,115200,499200,OFF,537600,OFF,115200,OFF,OFF,OFF,OFF,OFF,53.333333333333336,66.781,-256,-256,-256,67.718,65.843,66.312,65.875,67.718,6566,4006,15436,OFF,MAXN_SUPER
2026-08-16 00:32:21.625846,0:29:27.320000,27,28,18,10,2,65,0.6312109907546002,0.0021032697217480967,0,99.6,OFF,115200,499200,OFF,537600,OFF,115200,OFF,OFF,OFF,OFF,OFF,53.333333333333336,66.843,-256,-256,-256,67.437,65.812,66.312,65.906,67.468,6412,3968,15243,OFF,MAXN_SUPER
2026-08-16 00:32:22.626386,0:29:28.320000,13,9,46,23,4,64,0.6323853439488974,0.0021032697217480967,0,99.5,OFF,115200,499200,OFF,537600,OFF,115200,OFF,OFF,OFF,OFF,OFF,53.333333333333336,66.687,-256,-256,-256,67.218,66.0,66.281,65.875,67.062,6192,3897,14780,OFF,MAXN_SUPER
2026-08-16 00:32:23.628781,0:29:29.320000,42,43,16,14,15,30,0.6337620124726887,0.0021032697217480967,0,16.4,OFF,115200,499200,OFF,537600,OFF,115200,OFF,OFF,OFF,OFF,OFF,53.333333333333336,66.843,-256,-256,-256,67.312,65.906,66.25,65.875,67.312,6308,3929,15050,OFF,MAXN_SUPER
2026-08-16 00:32:24.629410,0:29:30.320000,12,42,62,22,11,10,0.6351700039282038,0.0021032697217480967,0,16.2,OFF,115200,499200,OFF,537600,OFF,115200,OFF,OFF,OFF,OFF,OFF,53.333333333333336,67.156,-256,-256,-256,67.5,65.906,66.468,66.031,67.5,6796,4038,15835,OFF,MAXN_SUPER
2026-08-16 00:32:25.630295,0:29:31.320000,13,19,47,19,17,38,0.6360321547866318,0.0021032697217480967,0,82.5,OFF,115200,499200,OFF,537600,OFF,115200,OFF,OFF,OFF,OFF,OFF,53.333333333333336,66.812,-256,-256,-256,67.25,66.062,66.406,66.0,67.125,6643,4006,15475,OFF,MAXN_SUPER
2026-08-16 00:32:26.631109,0:29:32.330000,32,16,38,6,23,33,0.6371151066391778,0.0021032697217480967,0,17.7,OFF,179200,499200,OFF,537600,OFF,115200,OFF,OFF,OFF,OFF,OFF,53.333333333333336,66.968,-256,-256,-256,67.593,66.031,66.593,66.062,67.593,6192,3897,14742,OFF,MAXN_SUPER
2026-08-16 00:32:27.632944,0:29:33.330000,53,9,43,18,16,20,0.6380363089262653,0.0021032697217480967,0,99.8,OFF,128000,499200,OFF,537600,OFF,115200,OFF,OFF,OFF,OFF,OFF,53.333333333333336,67.187,-256,-256,-256,68.125,66.031,66.5,66.375,67.843,6977,4115,16181,OFF,MAXN_SUPER
2026-08-16 00:32:28.632895,0:29:34.330000,20,22,6,8,47,44,0.6393554664934491,0.0021032697217480967,0,99.7,OFF,128000,499200,OFF,537600,OFF,115200,OFF,OFF,OFF,OFF,OFF,53.333333333333336,67.156,-256,-256,-256,68.031,66.062,66.437,66.156,68.031,7092,4154,16297,OFF,MAXN_SUPER
2026-08-16 00:32:29.633727,0:29:35.330000,6,17,62,6,8,49,0.6404276350416312,0.0021032697217480967,0,99.7,OFF,115200,499200,OFF,537600,OFF,115200,OFF,OFF,OFF,OFF,OFF,53.333333333333336,67.062,-256,-256,-256,68.031,66.156,66.531,66.187,68.031,6566,4006,15475,OFF,MAXN_SUPER
2026-08-16 00:32:30.636240,0:29:36.330000,32,18,34,37,10,49,0.6413693769560785,0.0021032697217480967,0,99.7,OFF,115200,499200,OFF,537600,OFF,115200,OFF,OFF,OFF,OFF,OFF,53.333333333333336,67.406,-256,-256,-256,67.687,66.031,66.656,66.093,67.687,6077,3897,14703,OFF,MAXN_SUPER
2026-08-16 00:32:31.636737,0:29:37.330000,13,20,27,6,46,42,0.6424297352185288,0.0021032697217480967,0,99.5,OFF,115200,499200,OFF,537600,OFF,115200,OFF,OFF,OFF,OFF,OFF,53.333333333333336,66.968,-256,-256,-256,67.656,66.25,66.593,66.125,67.312,6451,3968,15321,OFF,MAXN_SUPER
2026-08-16 00:32:32.638273,0:29:38.330000,25,7,9,14,54,49,0.6434223127106916,0.0021032697217480967,0,93.8,OFF,115200,499200,OFF,537600,OFF,115200,OFF,OFF,OFF,OFF,OFF,53.333333333333336,67.281,-256,-256,-256,67.687,66.031,66.656,66.25,67.687,6374,3929,15089,OFF,MAXN_SUPER
2026-08-16 00:32:33.640932,0:29:39.330000,9,3,24,10,63,49,0.6445910175074648,0.0021032697217480967,0,4.8,OFF,115200,499200,OFF,537600,OFF,115200,OFF,OFF,OFF,OFF,OFF,53.333333333333336,67.093,-256,-256,-256,67.781,66.25,66.593,66.218,67.781,6192,3897,14819,OFF,MAXN_SUPER
2026-08-16 00:32:34.640421,0:29:40.340000,7,3,21,5,65,47,0.6456067020804075,0.0021032697217480967,0,9.9,OFF,115200,499200,OFF,537600,OFF,115200,OFF,OFF,OFF,OFF,OFF,53.333333333333336,66.968,-256,-256,-256,67.781,66.218,66.531,66.156,67.781,5702,3859,14225,OFF,MAXN_SUPER
2026-08-16 00:32:35.641748,0:29:41.340000,19,11,8,22,58,44,0.6464981219078233,0.0021032697217480967,0,10.7,OFF,115200,499200,OFF,537600,OFF,115200,OFF,OFF,OFF,OFF,OFF,53.333333333333336,66.968,-256,-256,-256,67.625,66.218,66.593,66.218,67.562,5808,3897,14496,OFF,MAXN_SUPER
2026-08-16 00:32:36.642963,0:29:42.340000,5,4,21,7,66,47,0.6475240762944459,0.0021032697217480967,0,14.7,OFF,115200,499200,OFF,537600,OFF,115200,OFF,OFF,OFF,OFF,OFF,53.333333333333336,67.125,-256,-256,-256,67.5,66.125,66.718,66.0,67.5,5663,3820,14225,OFF,MAXN_SUPER
2026-08-16 00:32:37.644071,0:29:43.340000,6,4,22,20,57,54,0.6485233291655006,0.0021032697217480967,0,7.5,OFF,115200,499200,OFF,537600,OFF,115200,OFF,OFF,OFF,OFF,OFF,53.333333333333336,66.937,-256,-256,-256,67.625,66.187,66.687,66.093,67.625,5692,3859,14264,OFF,MAXN_SUPER
2026-08-16 00:32:38.645053,0:29:44.340000,16,9,2,6,53,58,0.6492797009430257,0.0021032697217480967,0,11.1,OFF,OFF,499200,OFF,537600,OFF,115200,OFF,OFF,OFF,OFF,OFF,53.333333333333336,66.843,-256,-256,-256,67.093,66.031,66.625,66.125,67.093,5509,3743,13877,OFF,MAXN_SUPER
2026-08-16 00:32:39.647224,0:29:45.340000,9,35,22,6,31,48,0.6496535221609742,0.0021032697217480967,0,35.7,OFF,OFF,499200,OFF,537600,OFF,115200,OFF,OFF,OFF,OFF,OFF,53.333333333333336,67.031,-256,-256,-256,67.218,66.125,66.562,66.031,67.218,5654,3859,14186,OFF,MAXN_SUPER
2026-08-16 00:32:40.647372,0:29:46.340000,9,6,9,17,66,48,0.6491918940360625,0.0021032697217480967,0,99.5,OFF,OFF,499200,OFF,537600,OFF,115200,OFF,OFF,OFF,OFF,OFF,53.333333333333336,66.937,-256,-256,-256,67.75,66.218,66.625,66.25,67.437,5808,3859,14418,OFF,MAXN_SUPER
2026-08-16 00:32:41.648653,0:29:47.340000,8,3,2,11,62,50,0.6470516648651702,0.0021032697217480967,0,99.7,OFF,OFF,499200,OFF,537600,OFF,115200,OFF,OFF,OFF,OFF,OFF,53.333333333333336,67.031,-256,-256,-256,68.031,66.031,66.625,66.25,68.031,5846,3859,14457,OFF,MAXN_SUPER
2026-08-16 00:32:42.650056,0:29:48.340000,8,16,8,12,66,49,0.6477269051146239,0.0021032697217480967,0,87.1,OFF,OFF,499200,OFF,537600,OFF,115200,OFF,OFF,OFF,OFF,OFF,53.333333333333336,66.875,-256,-256,-256,67.718,66.218,66.656,66.125,67.718,5731,3820,14380,OFF,MAXN_SUPER
2026-08-16 00:32:43.650760,0:29:49.340000,19,7,14,5,48,47,0.6475708039466894,0.0021032697217480967,0,82.7,OFF,OFF,499200,OFF,537600,OFF,115200,OFF,OFF,OFF,OFF,OFF,53.333333333333336,66.781,-256,-256,-256,67.625,66.218,66.656,66.187,67.843,5625,3782,14070,OFF,MAXN_SUPER
2026-08-16 00:32:44.652281,0:29:50.350000,11,49,12,9,9,46,0.6485561925692763,0.0021032697217480967,0,4.2,OFF,OFF,499200,OFF,537600,OFF,115200,OFF,OFF,OFF,OFF,OFF,53.333333333333336,66.906,-256,-256,-256,67.593,66.218,66.562,66.187,67.593,5470,3710,13722,OFF,MAXN_SUPER
2026-08-16 00:32:45.653217,0:29:51.350000,18,58,12,10,3,47,0.6492858628312336,0.0021032697217480967,0,15.5,OFF,OFF,499200,OFF,537600,OFF,115200,OFF,OFF,OFF,OFF,OFF,53.333333333333336,66.937,-256,-256,-256,67.062,66.093,66.75,66.125,66.937,5393,3672,13552,OFF,MAXN_SUPER
2026-08-16 00:32:46.654544,0:29:52.350000,20,25,8,23,2,25,0.6291113273477436,0.0021032697217480967,0,0.0,OFF,OFF,499200,OFF,537600,OFF,115200,OFF,OFF,OFF,OFF,OFF,53.333333333333336,66.437,-256,-256,-256,65.968,66.0,66.656,65.687,66.687,2451,2767,8691,OFF,MAXN_SUPER
2026-08-16 00:32:47.655613,0:29:53.350000,29,9,6,29,1,0,0.6294317455345566,0.0021032697217480967,0,0.0,OFF,OFF,499200,OFF,537600,OFF,115200,OFF,OFF,OFF,OFF,OFF,53.333333333333336,65.781,-256,-256,-256,65.375,65.687,66.437,65.156,66.437,977,1527,5405,OFF,MAXN_SUPER
2026-08-16 00:32:48.656691,0:29:54.350000,5,3,6,5,0,0,0.629722894752382,0.0021032697217480967,0,0.0,OFF,OFF,499200,OFF,537600,OFF,115200,OFF,OFF,OFF,OFF,OFF,53.333333333333336,65.406,-256,-256,-256,65.125,65.5,66.25,64.937,66.25,665,1410,4786,OFF,MAXN_SUPER
2026-08-16 00:32:49.658063,0:29:55.350000,6,3,18,14,0,0,0.6298846443178404,0.0021032697217480967,0,0.0,OFF,OFF,499200,OFF,537600,OFF,115200,OFF,OFF,OFF,OFF,OFF,53.333333333333336,65.187,-256,-256,-256,64.937,65.406,65.968,64.75,66.062,783,1410,4974,OFF,MAXN_SUPER
2026-08-16 00:32:50.659434,0:29:56.350000,6,2,4,4,0,0,0.6300135304795232,0.0021032697217480967,0,0.0,OFF,OFF,499200,OFF,537600,OFF,115200,OFF,OFF,OFF,OFF,OFF,53.333333333333336,64.937,-256,-256,-256,64.687,65.187,65.75,64.531,65.75,627,1373,4747,OFF,MAXN_SUPER
2026-08-16 00:32:51.659932,0:29:57.350000,6,2,4,2,0,0,0.6300125034981553,0.0021032697217480967,0,0.0,OFF,OFF,499200,OFF,537600,OFF,115200,OFF,OFF,OFF,OFF,OFF,51.372549019607845,64.562,-256,-256,-256,64.562,65.031,65.625,64.437,65.625,627,1373,4715,OFF,MAXN_SUPER
2026-08-16 00:32:52.661238,0:29:58.350000,7,4,8,17,0,0,0.6300448534112469,0.0021032697217480967,0,0.0,OFF,OFF,499200,OFF,537600,OFF,115200,OFF,OFF,OFF,OFF,OFF,51.372549019607845,64.562,-256,-256,-256,64.625,64.781,65.531,64.125,65.531,665,1373,4825,OFF,MAXN_SUPER
2026-08-16 00:32:53.662099,0:29:59.360000,6,4,3,4,0,0,0.6301732260822458,0.0021032697217480967,0,0.0,OFF,OFF,499200,OFF,537600,OFF,115200,OFF,OFF,OFF,OFF,OFF,51.372549019607845,64.312,-256,-256,-256,64.5,64.625,65.5,64.031,65.5,628,1375,4715,OFF,MAXN_SUPER
2026-08-16 00:32:54.663464,0:30:00.360000,6,13,4,16,0,0,0.6301408761691542,0.0021032697217480967,0,0.0,OFF,OFF,499200,OFF,537600,OFF,115200,OFF,OFF,OFF,OFF,OFF,51.372549019607845,64.437,-256,-256,-256,64.187,64.531,65.375,63.968,65.375,784,1373,4951,OFF,MAXN_SUPER
2026-08-16 00:32:55.664478,0:30:01.360000,5,4,6,5,0,0,0.6302055759953376,0.0021032697217480967,0,0.0,OFF,OFF,499200,OFF,537600,OFF,115200,OFF,OFF,OFF,OFF,OFF,51.372549019607845,64.093,-256,-256,-256,64.0,64.312,65.218,63.75,65.218,629,1377,4723,OFF,MAXN_SUPER
2026-08-16 00:32:56.664268,0:30:02.360000,34,1,4,4,0,0,0.6275323434944582,0.0021032697217480967,0,0.0,OFF,OFF,499200,OFF,537600,OFF,115200,OFF,OFF,OFF,OFF,OFF,51.372549019607845,64.031,-256,-256,-256,63.812,64.187,65.125,63.531,65.125,746,1375,4880,OFF,MAXN_SUPER
2026-08-16 00:32:57.665754,0:30:03.360000,67,4,8,3,0,0,0.6176245407467695,0.0021032697217480967,0,0.0,OFF,OFF,499200,OFF,537600,OFF,115200,OFF,OFF,OFF,OFF,OFF,51.372549019607845,64.25,-256,-256,-256,63.906,63.968,64.906,63.562,64.906,1096,1490,5649,OFF,MAXN_SUPER
2026-08-16 00:32:58.669239,0:30:04.360000,100,2,3,2,1,0,0.5910724509680583,0.0021032697217480967,0,0.0,OFF,OFF,499200,OFF,537600,OFF,115200,OFF,OFF,OFF,OFF,OFF,51.372549019607845,64.093,-256,-256,-256,63.687,63.968,64.781,63.562,64.843,1173,1488,5718,OFF,MAXN_SUPER
2026-08-16 00:32:59.668282,0:30:05.360000,3,2,4,3,99,0,0.591323034421848,0.0021032697217480967,0,0.0,OFF,OFF,499200,OFF,537600,OFF,115200,OFF,OFF,OFF,OFF,OFF,49.411764705882355,63.968,-256,-256,-256,63.75,64.0,64.687,63.375,64.687,1212,1488,5757,OFF,MAXN_SUPER
2026-08-16 00:33:00.670695,0:30:06.360000,21,4,3,3,82,0,0.5771676367361506,0.0021032697217480967,0,0.0,OFF,OFF,499200,OFF,537600,OFF,115200,OFF,OFF,OFF,OFF,OFF,49.411764705882355,64.062,-256,-256,-256,63.437,63.75,64.593,63.281,64.593,1329,1488,5875,OFF,MAXN_SUPER
2026-08-16 00:33:01.672040,0:30:07.370000,35,2,4,3,8,1,0.34379279623919423,0.0021032697217480967,0,0.0,OFF,OFF,499200,OFF,537600,OFF,115200,OFF,OFF,OFF,OFF,OFF,49.411764705882355,63.437,-256,-256,-256,63.531,63.75,64.593,63.031,64.593,787,1377,4928,OFF,MAXN_SUPER
2026-08-16 00:33:02.673922,0:30:08.370000,5,5,3,3,0,0,0.34405159554392784,0.0021032697217480967,0,0.0,OFF,OFF,499200,OFF,537600,OFF,115200,OFF,OFF,OFF,OFF,OFF,49.411764705882355,63.093,-256,-256,-256,63.093,63.562,64.468,62.875,64.468,630,1379,4738,OFF,MAXN_SUPER
2026-08-16 00:33:03.674049,0:30:09.370000,3,4,7,4,1,0,0.34414607782978296,0.0021032697217480967,0,0.0,OFF,OFF,499200,OFF,537600,OFF,115200,OFF,OFF,OFF,OFF,OFF,49.411764705882355,62.968,-256,-256,-256,62.906,63.375,64.25,62.781,64.25,591,1379,4699,OFF,MAXN_SUPER
2026-08-16 00:33:04.675168,0:30:10.370000,4,4,1,5,0,1,0.3441132144260073,0.0021032697217480967,0,0.0,OFF,OFF,499200,OFF,537600,OFF,115200,OFF,OFF,OFF,OFF,OFF,49.411764705882355,62.75,-256,-256,-256,62.937,63.343,64.187,62.625,64.187,592,1382,4659,OFF,MAXN_SUPER
2026-08-16 00:33:05.676402,0:30:11.370000,2,4,2,2,0,0,0.3442076967118624,0.0021032697217480967,0,0.0,OFF,OFF,499200,OFF,537600,OFF,115200,OFF,OFF,OFF,OFF,OFF,49.411764705882355,62.625,-256,-256,-256,62.656,63.093,64.0,62.5,64.0,592,1382,4659,OFF,MAXN_SUPER
2026-08-16 00:33:06.677805,0:30:12.370000,3,4,1,3,0,0,0.3441753467987707,0.0021032697217480967,0,0.0,OFF,OFF,499200,OFF,537600,OFF,115200,OFF,OFF,OFF,OFF,OFF,49.411764705882355,62.593,-256,-256,-256,62.718,63.093,63.781,62.343,63.781,592,1382,4667,OFF,MAXN_SUPER
2026-08-16 00:33:07.679542,0:30:13.370000,2,3,2,2,0,0,0.344141969904311,0.0021032697217480967,0,0.0,OFF,OFF,499200,OFF,537600,OFF,115200,OFF,OFF,OFF,OFF,OFF,47.84313725490196,62.375,-256,-256,-256,62.406,62.937,63.875,62.187,63.875,592,1342,4627,OFF,MAXN_SUPER
2026-08-16 00:33:08.681416,0:30:14.370000,3,3,2,4,0,1,0.3441732928360347,0.0021032697217480967,0,0.0,OFF,OFF,499200,OFF,537600,OFF,115200,OFF,OFF,OFF,OFF,OFF,47.84313725490196,62.593,-256,-256,-256,62.5,62.812,63.687,62.093,63.687,592,1342,4667,OFF,MAXN_SUPER
2026-08-16 00:33:09.682174,0:30:15.380000,2,2,3,3,0,0,0.3442020483143385,0.0021032697217480967,0,0.0,OFF,OFF,499200,OFF,537600,OFF,115200,OFF,OFF,OFF,OFF,OFF,47.84313725490196,62.375,-256,-256,-256,62.218,62.718,63.687,62.031,63.687,592,1342,4627,OFF,MAXN_SUPER
2026-08-16 00:33:10.683719,0:30:16.380000,3,2,6,4,0,0,0.3441363215067871,0.0021032697217480967,0,0.0,OFF,OFF,499200,OFF,537600,OFF,115200,OFF,OFF,OFF,OFF,OFF,47.84313725490196,62.218,-256,-256,-256,62.312,62.531,63.562,61.906,63.562,591,1340,4659,OFF,MAXN_SUPER
2026-08-16 00:33:11.686045,0:30:17.380000,4,3,3,3,0,1,0.3439725179785926,0.0021032697217480967,0,0.0,OFF,OFF,499200,OFF,537600,OFF,115200,OFF,OFF,OFF,OFF,OFF,47.84313725490196,62.281,-256,-256,-256,62.218,62.406,63.406,61.812,63.406,592,1342,4667,OFF,MAXN_SUPER
