time,uptime,CPU1,CPU2,CPU3,CPU4,CPU5,CPU6,RAM,SWAP,EMC,GPU,APE,NVDEC,NVJPG,NVJPG1,OFA,SE,VIC,DLA0,DLA1,PVA,NVENC,NVJPG0,Fan pwmfan0,Temp cpu,Temp cv0,Temp cv1,Temp cv2,Temp gpu,Temp soc0,Temp soc1,Temp soc2,Temp tj,Power VDD_CPU_GPU_CV,Power VDD_SOC,Power TOT,jetson_clocks,nvp model
2026-08-16 00:10:25.857099,0:07:31.740000,12,12,11,13,11,9,0.2627115902549738,0.0,0,0.0,OFF,OFF,499200,OFF,537600,OFF,115200,OFF,OFF,OFF,OFF,OFF,31.764705882352942,52.812,-256,-256,-256,51.75,52.281,53.437,51.781,53.437,906,1382,5054,OFF,MAXN_SUPER
2026-08-16 00:10:26.863852,0:07:32.740000,13,9,21,18,1,1,0.2670947467335574,0.0,0,0.0,OFF,OFF,499200,OFF,537600,OFF,115200,OFF,OFF,OFF,OFF,OFF,31.764705882352942,52.281,-256,-256,-256,51.75,52.312,53.531,51.625,53.531,709,1379,4896,OFF,MAXN_SUPER
2026-08-16 00:10:27.865509,0:07:33.740000,3,3,4,3,0,0,0.26729552159099956,0.0,0,0.0,OFF,OFF,499200,OFF,537600,OFF,115200,OFF,OFF,OFF,OFF,OFF,31.764705882352942,52.187,-256,-256,-256,51.593,52.312,53.468,51.593,53.468,593,1384,4635,OFF,MAXN_SUPER
2026-08-16 00:10:28.868189,0:07:34.740000,70,16,18,18,16,14,0.28475882626299454,0.0,0,0.0,OFF,OFF,499200,OFF,537600,OFF,115200,OFF,OFF,OFF,OFF,OFF,31.764705882352942,52.937,-256,-256,-256,51.812,52.218,53.531,51.937,53.531,1530,1414,5815,OFF,MAXN_SUPER
2026-08-16 00:10:29.868865,0:07:35.740000,6,5,4,7,97,0,0.2963888767648033,0.0,0,0.0,OFF,OFF,499200,OFF,537600,OFF,115200,OFF,OFF,OFF,OFF,OFF,31.764705882352942,53.125,-256,-256,-256,51.718,52.343,53.531,51.75,53.531,1527,1412,5884,OFF,MAXN_SUPER
2026-08-16 00:10:30.870321,0:07:36.750000,3,3,4,4,100,0,0.3002708663358075,0.0,0,0.0,OFF,OFF,499200,OFF,537600,OFF,115200,OFF,OFF,OFF,OFF,OFF,31.764705882352942,53.125,-256,-256,-256,52.031,52.312,53.625,51.75,53.625,1527,1412,5845,OFF,MAXN_SUPER
2026-08-16 00:10:31.870920,0:07:37.750000,4,4,3,3,100,1,0.30518702614437815,0.0,0,0.0,OFF,OFF,499200,OFF,537600,OFF,115200,OFF,OFF,OFF,OFF,OFF,31.764705882352942,53.0,-256,-256,-256,52.125,52.25,53.625,51.812,53.625,1410,1451,5884,OFF,MAXN_SUPER
2026-08-16 00:10:32.872074,0:07:38.750000,3,5,3,2,100,0,0.31095198605359303,0.0,0,0.0,OFF,OFF,499200,OFF,537600,OFF,115200,OFF,OFF,OFF,OFF,OFF,31.764705882352942,53.031,-256,-256,-256,51.968,52.531,53.625,51.937,53.625,1449,1451,5845,OFF,MAXN_SUPER
2026-08-16 00:10:33.873018,0:07:39.750000,3,4,4,6,100,0,0.3139456367412854,0.0,0,0.0,OFF,OFF,499200,OFF,537600,OFF,115200,OFF,OFF,OFF,OFF,OFF,31.764705882352942,53.031,-256,-256,-256,52.187,52.437,53.593,51.937,53.593,1488,1451,5884,OFF,MAXN_SUPER
2026-08-16 00:10:34.873864,0:07:40.750000,9,4,11,9,100,7,0.3183441979403889,0.0,0,0.0,OFF,OFF,499200,OFF,537600,OFF,115200,OFF,OFF,OFF,OFF,OFF,31.764705882352942,53.0,-256,-256,-256,52.0,52.468,53.562,51.937,53.562,1527,1412,5884,OFF,MAXN_SUPER
2026-08-16 00:10:35.875817,0:07:41.750000,3,2,3,3,100,0,0.32177328872810923,0.0,0,0.0,OFF,OFF,499200,OFF,537600,OFF,115200,OFF,OFF,OFF,OFF,OFF,31.764705882352942,53.25,-256,-256,-256,52.0,52.437,53.593,51.906,53.593,1449,1451,5845,OFF,MAXN_SUPER
2026-08-16 00:10:36.875861,0:07:42.750000,0,5,4,5,60,3,0.32238280217001164,0.0,0,0.0,OFF,OFF,499200,OFF,537600,OFF,115200,OFF,OFF,OFF,OFF,OFF,31.764705882352942,52.625,-256,-256,-256,51.781,52.406,53.656,51.875,53.656,906,1379,5085,OFF,MAXN_SUPER
2026-08-16 00:10:37.876921,0:07:43.750000,5,0,2,2,19,0,0.32257587466719384,0.0,0,0.0,OFF,OFF,499200,OFF,537600,OFF,115200,OFF,OFF,OFF,OFF,OFF,31.764705882352942,52.562,-256,-256,-256,51.968,52.343,53.687,51.781,53.687,631,1382,4706,OFF,MAXN_SUPER
2026-08-16 00:10:38.878085,0:07:44.750000,3,35,0,4,0,0,0.3226051436361816,0.0,0,0.0,OFF,OFF,499200,OFF,537600,OFF,115200,OFF,OFF,OFF,OFF,OFF,31.764705882352942,52.5,-256,-256,-256,51.937,52.375,53.562,51.812,53.562,670,1382,4778,OFF,MAXN_SUPER
2026-08-16 00:10:39.879085,0:07:45.750000,4,24,8,19,7,1,0.3227663797109561,0.0,0,0.0,OFF,OFF,499200,OFF,537600,OFF,115200,OFF,OFF,OFF,OFF,OFF,31.764705882352942,52.5,-256,-256,-256,51.968,52.531,53.593,51.781,53.593,788,1379,4888,OFF,MAXN_SUPER
2026-08-16 00:10:40.878227,0:07:46.750000,5,5,5,33,0,0,0.3227987296240478,0.0,0,0.0,OFF,OFF,499200,OFF,537600,OFF,115200,OFF,OFF,OFF,OFF,OFF,31.764705882352942,52.437,-256,-256,-256,52.062,52.468,53.593,51.687,53.593,671,1382,4778,OFF,MAXN_SUPER
2026-08-16 00:10:41.880875,0:07:47.750000,7,9,93,4,13,0,0.3297046658331001,0.0,0,0.0,OFF,OFF,499200,OFF,537600,OFF,115200,OFF,OFF,OFF,OFF,OFF,31.764705882352942,53.375,-256,-256,-256,51.968,52.375,53.531,51.937,53.531,1373,1412,5727,OFF,MAXN_SUPER
2026-08-16 00:10:42.880261,0:07:48.750000,4,2,5,3,7,93,0.3326777768934327,0.0,0,0.0,OFF,OFF,499200,OFF,537600,OFF,115200,OFF,OFF,OFF,OFF,OFF,31.764705882352942,52.843,-256,-256,-256,52.218,52.343,53.718,51.812,53.718,1449,1451,5845,OFF,MAXN_SUPER
2026-08-16 00:10:43.881188,0:07:49.750000,49,3,0,4,0,54,0.3380155125535635,0.0,0,0.0,OFF,OFF,499200,OFF,537600,OFF,115200,OFF,OFF,OFF,OFF,OFF,31.764705882352942,52.968,-256,-256,-256,52.062,52.468,53.593,52.062,53.593,1370,1490,5884,OFF,MAXN_SUPER
2026-08-16 00:10:44.882312,0:07:50.750000,100,3,2,4,0,0,0.34257582331812547,0.0,0,0.0,OFF,OFF,499200,OFF,537600,OFF,115200,OFF,OFF,OFF,OFF,OFF,31.764705882352942,53.125,-256,-256,-256,52.125,52.468,53.843,52.062,53.843,1449,1412,5845,OFF,MAXN_SUPER
2026-08-16 00:10:45.885116,0:07:51.750000,7,10,10,6,11,39,0.34782626556197704,0.0,0,0.0,OFF,OFF,499200,OFF,537600,OFF,115200,OFF,OFF,OFF,OFF,OFF,31.764705882352942,52.531,-256,-256,-256,51.812,52.437,53.656,51.906,53.75,906,1379,5085,OFF,MAXN_SUPER
2026-08-16 00:10:46.887143,0:07:52.750000,24,7,4,7,16,0,0.3494365723469862,0.0,0,0.0,OFF,524800,499200,OFF,537600,OFF,115200,OFF,OFF,OFF,OFF,OFF,31.764705882352942,52.531,-256,-256,-256,51.812,52.593,53.593,51.937,53.593,788,1379,4967,OFF,MAXN_SUPER
2026-08-16 00:10:47.887723,0:07:53.750000,17,36,15,25,22,35,0.4027302299668028,0.0,0,4.2,OFF,115200,499200,OFF,537600,OFF,115200,OFF,OFF,OFF,OFF,OFF,31.764705882352942,53.156,-256,-256,-256,52.312,52.593,53.687,52.156,53.625,1762,1686,6747,OFF,MAXN_SUPER
2026-08-16 00:10:48.887713,0:07:54.750000,16,32,54,33,9,50,0.461826332315766,0.0,0,13.7,OFF,115200,499200,OFF,537600,OFF,115200,OFF,OFF,OFF,OFF,OFF,31.764705882352942,53.093,-256,-256,-256,52.718,52.562,53.812,52.25,53.812,2576,1916,8146,OFF,MAXN_SUPER
2026-08-16 00:10:49.890902,0:07:55.750000,10,23,54,23,21,43,0.4631449763922658,0.0,0,99.4,OFF,179200,499200,OFF,537600,OFF,115200,OFF,OFF,OFF,OFF,OFF,31.764705882352942,53.125,-256,-256,-256,53.062,52.656,53.968,52.343,53.968,2615,1916,8172,OFF,MAXN_SUPER
2026-08-16 00:10:50.891084,0:07:56.750000,20,37,19,16,36,41,0.4651537519480553,0.0,0,21.6,OFF,115200,499200,OFF,537600,OFF,115200,OFF,OFF,OFF,OFF,OFF,31.764705882352942,53.25,-256,-256,-256,53.031,52.687,53.875,52.468,53.875,2654,1955,8290,OFF,MAXN_SUPER
2026-08-16 00:10:51.891275,0:07:57.750000,20,6,43,27,15,61,0.4663922914778519,0.0,0,31.4,OFF,115200,499200,OFF,537600,OFF,115200,OFF,OFF,OFF,OFF,OFF,34.90196078431372,53.187,-256,-256,-256,53.0,52.843,54.062,52.437,54.062,2498,1876,8016,OFF,MAXN_SUPER
2026-08-16 00:10:52.892517,0:07:58.750000,27,7,52,20,16,57,0.46829272049931836,0.0,0,20.8,OFF,115200,499200,OFF,537600,OFF,115200,OFF,OFF,OFF,OFF,OFF,34.90196078431372,53.281,-256,-256,-256,53.406,52.906,53.937,52.5,53.937,2693,1955,8329,OFF,MAXN_SUPER
2026-08-16 00:10:53.893979,0:07:59.750000,13,28,37,11,14,63,0.46991483757005936,0.0,0,13.1,OFF,153600,499200,OFF,537600,OFF,115200,OFF,OFF,OFF,OFF,OFF,34.90196078431372,53.656,-256,-256,-256,53.25,52.906,54.187,52.656,54.187,2732,1955,8407,OFF,MAXN_SUPER
2026-08-16 00:10:54.893571,0:08:00.750000,20,24,40,12,16,63,0.4714296350878454,0.0,0,28.7,OFF,115200,499200,OFF,537600,OFF,115200,OFF,OFF,OFF,OFF,OFF,34.90196078431372,53.437,-256,-256,-256,53.187,53.093,54.156,52.718,54.156,2615,1916,8172,OFF,MAXN_SUPER
2026-08-16 00:10:55.895977,0:08:01.750000,11,46,27,11,16,59,0.4730240236616507,0.0,0,16.3,OFF,115200,499200,OFF,537600,OFF,115200,OFF,OFF,OFF,OFF,OFF,34.90196078431372,53.375,-256,-256,-256,53.0,53.031,54.187,52.687,54.187,2459,1916,7938,OFF,MAXN_SUPER
2026-08-16 00:10:56.897340,0:08:02.750000,25,9,26,47,32,34,0.47449466098061316,0.0,0,9.1,OFF,115200,499200,OFF,537600,OFF,115200,OFF,OFF,OFF,OFF,OFF,34.90196078431372,53.875,-256,-256,-256,53.156,53.093,54.312,52.75,54.312,2615,1876,8133,OFF,MAXN_SUPER
2026-08-16 00:10:57.897987,0:08:03.750000,26,45,26,10,44,25,0.47631549894606035,0.0,0,52.6,OFF,115200,499200,OFF,537600,OFF,115200,OFF,OFF,OFF,OFF,OFF,34.90196078431372,53.812,-256,-256,-256,53.281,53.093,54.281,52.812,54.281,2615,1916,8133,OFF,MAXN_SUPER
2026-08-16 00:10:58.898321,0:08:04.750000,6,53,31,7,36,34,0.4778847264763499,0.0,0,54.5,OFF,115200,499200,OFF,537600,OFF,115200,OFF,OFF,OFF,OFF,OFF,34.90196078431372,53.468,-256,-256,-256,53.093,53.187,54.312,52.781,54.312,2537,1916,8055,OFF,MAXN_SUPER
2026-08-16 00:10:59.907877,0:08:05.750000,15,30,29,12,49,50,0.4785810198438475,0.0,0,99.5,OFF,115200,499200,OFF,537600,OFF,115200,OFF,OFF,OFF,OFF,OFF,34.90196078431372,53.687,-256,-256,-256,53.656,53.281,54.281,52.968,54.281,2693,1876,8211,OFF,MAXN_SUPER
2026-08-16 00:11:00.909381,0:08:06.750000,32,36,30,20,6,55,0.4799582018583228,6.572717880462802e-05,0,53.8,OFF,115200,499200,OFF,537600,OFF,115200,OFF,OFF,OFF,OFF,OFF,34.90196078431372,53.562,-256,-256,-256,53.718,53.343,54.406,53.0,54.406,2732,1876,8368,OFF,MAXN_SUPER
2026-08-16 00:11:01.909188,0:08:07.750000,32,41,25,25,29,46,0.48075770685330343,0.00013145435760925604,0,46.4,OFF,128000,499200,OFF,537600,OFF,115200,OFF,OFF,OFF,OFF,OFF,34.90196078431372,53.937,-256,-256,-256,53.656,53.312,54.562,53.062,54.562,2810,1876,8485,OFF,MAXN_SUPER
2026-08-16 00:11:02.910849,0:08:08.750000,19,10,50,23,24,43,0.48195670760043235,0.00013145435760925604,0,20.9,OFF,115200,499200,OFF,537600,OFF,115200,OFF,OFF,OFF,OFF,OFF,34.90196078431372,53.906,-256,-256,-256,53.75,53.406,54.562,52.968,54.625,2693,1876,8290,OFF,MAXN_SUPER
2026-08-16 00:11:03.912871,0:08:09.750000,24,16,26,42,2,62,0.48272643013574124,0.00019718153641388404,0,17.7,OFF,115200,499200,OFF,537600,OFF,115200,OFF,OFF,OFF,OFF,OFF,34.90196078431372,53.75,-256,-256,-256,53.531,53.437,54.562,53.187,54.562,2498,1837,8016,OFF,MAXN_SUPER
2026-08-16 00:11:04.912811,0:08:10.750000,46,33,15,19,12,59,0.4832003820370689,0.00019718153641388404,0,29.7,OFF,115200,499200,OFF,537600,OFF,115200,OFF,OFF,OFF,OFF,OFF,34.90196078431372,53.968,-256,-256,-256,53.625,53.625,54.562,53.312,54.625,2615,1837,8172,OFF,MAXN_SUPER
2026-08-16 00:11:05.914257,0:08:11.750000,19,33,28,24,53,25,0.485357556400533,0.00019718153641388404,0,99.6,OFF,115200,499200,OFF,537600,OFF,115200,OFF,OFF,OFF,OFF,OFF,34.90196078431372,53.875,-256,-256,-256,53.906,53.75,54.593,53.156,54.593,2771,1876,8407,OFF,MAXN_SUPER
2026-08-16 00:11:06.915089,0:08:12.750000,31,27,22,25,30,58,0.48597990710953526,0.0002629087152185121,0,99.6,OFF,115200,499200,OFF,537600,OFF,115200,OFF,OFF,OFF,OFF,OFF,34.90196078431372,53.937,-256,-256,-256,53.937,53.656,54.625,53.312,54.625,2693,1876,8329,OFF,MAXN_SUPER
2026-08-16 00:11:07.916354,0:08:13.750000,11,14,6,29,39,63,0.4872394997573756,0.0002629087152185121,0,10.1,OFF,115200,499200,OFF,537600,OFF,115200,OFF,OFF,OFF,OFF,OFF,34.90196078431372,53.937,-256,-256,-256,53.968,53.593,54.812,53.281,54.812,2654,1876,8250,OFF,MAXN_SUPER
2026-08-16 00:11:08.917712,0:08:14.750000,7,24,21,24,49,54,0.48709469538448896,0.00032863589402314005,0,11.8,OFF,115200,499200,OFF,537600,OFF,115200,OFF,OFF,OFF,OFF,OFF,34.90196078431372,54.031,-256,-256,-256,53.875,53.625,54.906,53.312,54.906,2537,1798,7938,OFF,MAXN_SUPER
2026-08-16 00:11:09.918911,0:08:15.760000,11,18,26,26,27,62,0.4877848268637786,0.00032863589402314005,0,32.0,OFF,115200,499200,OFF,537600,OFF,115200,OFF,OFF,OFF,OFF,OFF,36.470588235294116,54.093,-256,-256,-256,53.812,53.687,54.843,53.406,54.843,2654,1837,8094,OFF,MAXN_SUPER
2026-08-16 00:11:10.919701,0:08:16.760000,21,38,26,26,7,65,0.48826237319989424,0.00032863589402314005,0,70.3,OFF,115200,499200,OFF,537600,OFF,115200,OFF,OFF,OFF,OFF,OFF,36.470588235294116,54.156,-256,-256,-256,53.687,53.718,54.812,53.343,54.937,2615,1837,8055,OFF,MAXN_SUPER
2026-08-16 00:11:11.920546,0:08:17.760000,31,24,27,22,35,65,0.48984289752523164,0.00039436307282776807,0,99.6,OFF,115200,499200,OFF,537600,OFF,115200,OFF,OFF,OFF,OFF,OFF,36.470588235294116,54.156,-256,-256,-256,53.968,53.937,54.906,53.437,54.906,2810,1876,8407,OFF,MAXN_SUPER
2026-08-16 00:11:12.921410,0:08:18.760000,27,37,25,21,37,41,0.491432664682881,0.00039436307282776807,0,99.1,OFF,115200,499200,OFF,537600,OFF,115200,OFF,OFF,OFF,OFF,OFF,36.470588235294116,54.156,-256,-256,-256,53.906,54.0,54.968,53.531,54.968,2693,1876,8250,OFF,MAXN_SUPER
2026-08-16 00:11:13.922384,0:08:19.760000,25,8,21,11,66,50,0.49197850527996795,0.00039436307282776807,0,24.9,OFF,115200,499200,OFF,537600,OFF,115200,OFF,OFF,OFF,OFF,OFF,36.470588235294116,54.218,-256,-256,-256,54.156,53.937,55.0,53.531,55.0,2654,1876,8172,OFF,MAXN_SUPER
2026-08-16 00:11:14.923468,0:08:20.760000,5,16,6,23,56,62,0.49322731462344443,0.00039436307282776807,0,13.5,OFF,115200,499200,OFF,537600,OFF,115200,OFF,OFF,OFF,OFF,OFF,36.470588235294116,54.343,-256,-256,-256,54.312,53.937,55.156,53.5,55.156,2654,1876,8211,OFF,MAXN_SUPER
2026-08-16 00:11:15.924899,0:08:21.760000,16,40,18,21,10,63,0.49523557668854995,0.00039436307282776807,0,19.9,OFF,115200,499200,OFF,537600,OFF,115200,OFF,OFF,OFF,OFF,OFF,36.470588235294116,54.5,-256,-256,-256,54.125,53.906,55.187,53.656,55.187,2537,1837,8055,OFF,MAXN_SUPER
2026-08-16 00:11:16.926317,0:08:22.760000,10,6,33,28,54,60,0.4950188836199039,0.00039436307282776807,0,64.2,OFF,115200,499200,OFF,537600,OFF,115200,OFF,OFF,OFF,OFF,OFF,36.470588235294116,54.375,-256,-256,-256,54.468,54.031,55.125,53.687,55.125,2693,1837,8211,OFF,MAXN_SUPER
2026-08-16 00:11:17.926714,0:08:23.760000,29,12,43,45,18,26,0.49437650677422584,0.00039436307282776807,0,18.4,OFF,115200,499200,OFF,537600,OFF,115200,OFF,OFF,OFF,OFF,OFF,36.470588235294116,54.468,-256,-256,-256,54.593,54.062,55.156,53.75,55.156,2962,1912,8641,OFF,MAXN_SUPER
2026-08-16 00:11:18.927861,0:08:24.760000,30,47,9,24,18,51,0.49578603870179283,0.00039436307282776807,0,20.7,OFF,115200,499200,OFF,537600,OFF,115200,OFF,OFF,OFF,OFF,OFF,36.470588235294116,54.5,-256,-256,-256,54.437,54.093,55.218,53.593,55.218,2576,1837,8094,OFF,MAXN_SUPER
2026-08-16 00:11:19.929293,0:08:25.760000,22,8,16,19,63,53,0.4971986515734638,0.00039436307282776807,0,18.2,OFF,153600,499200,OFF,537600,OFF,115200,OFF,OFF,OFF,OFF,OFF,36.470588235294116,54.25,-256,-256,-256,54.093,54.25,55.156,53.687,55.156,2537,1837,7977,OFF,MAXN_SUPER
2026-08-16 00:11:20.930043,0:08:26.760000,16,4,6,25,64,52,0.4978528387048738,0.00039436307282776807,0,50.8,OFF,115200,499200,OFF,537600,OFF,115200,OFF,OFF,OFF,OFF,OFF,36.470588235294116,54.562,-256,-256,-256,54.25,54.156,55.218,53.75,55.218,2615,1837,8055,OFF,MAXN_SUPER
2026-08-16 00:11:21.930802,0:08:27.760000,36,34,15,38,12,49,0.4987247458862978,0.00039436307282776807,0,19.5,OFF,115200,499200,OFF,537600,OFF,115200,OFF,OFF,OFF,OFF,OFF,36.470588235294116,54.656,-256,-256,-256,54.406,54.187,55.437,53.812,55.437,2810,1876,8368,OFF,MAXN_SUPER
2026-08-16 00:11:22.932404,0:08:28.760000,21,38,43,28,8,54,0.4997388899871884,0.00039436307282776807,0,25.1,OFF,115200,499200,OFF,537600,OFF,115200,OFF,OFF,OFF,OFF,OFF,36.470588235294116,54.781,-256,-256,-256,54.437,54.343,55.406,53.937,55.406,3196,1952,8915,OFF,MAXN_SUPER
2026-08-16 00:11:23.933424,0:08:29.760000,13,60,12,31,13,43,0.5007155492681474,0.00039436307282776807,0,77.0,OFF,115200,499200,OFF,537600,OFF,115200,OFF,OFF,OFF,OFF,OFF,36.470588235294116,55.093,-256,-256,-256,54.625,54.343,55.343,53.968,55.343,2810,1952,8446,OFF,MAXN_SUPER
2026-08-16 00:11:24.934027,0:08:30.760000,21,18,19,25,52,43,0.5012182566477787,0.00039436307282776807,0,13.6,OFF,115200,499200,OFF,537600,OFF,115200,OFF,OFF,OFF,OFF,OFF,36.470588235294116,54.687,-256,-256,-256,54.593,54.343,55.437,53.875,55.437,2654,1876,8211,OFF,MAXN_SUPER
2026-08-16 00:11:25.934447,0:08:31.760000,12,22,16,44,7,64,0.5029456393087388,0.00039436307282776807,0,11.6,OFF,166400,499200,OFF,537600,OFF,115200,OFF,OFF,OFF,OFF,OFF,36.470588235294116,54.531,-256,-256,-256,54.593,54.468,55.406,53.968,55.406,2537,1876,8055,OFF,MAXN_SUPER
2026-08-16 00:11:26.936423,0:08:32.760000,18,37,29,21,39,37,0.5031289554829251,0.00039436307282776807,0,37.5,OFF,115200,499200,OFF,537600,OFF,115200,OFF,OFF,OFF,OFF,OFF,36.470588235294116,54.875,-256,-256,-256,54.562,54.406,55.406,54.031,55.406,2615,1837,8133,OFF,MAXN_SUPER
2026-08-16 00:11:27.938328,0:08:33.760000,12,14,24,19,33,64,0.5036645262663322,0.00039436307282776807,0,19.2,OFF,115200,499200,OFF,537600,OFF,115200,OFF,OFF,OFF,OFF,OFF,36.470588235294116,54.625,-256,-256,-256,54.625,54.375,55.531,54.031,55.531,2576,1837,7977,OFF,MAXN_SUPER
2026-08-16 00:11:28.938862,0:08:34.760000,7,18,14,21,52,64,0.50520397133695,0.00039436307282776807,0,91.3,OFF,115200,499200,OFF,537600,OFF,115200,OFF,OFF,OFF,OFF,OFF,36.470588235294116,54.781,-256,-256,-256,54.562,54.406,55.531,53.968,55.531,2654,1837,8133,OFF,MAXN_SUPER
2026-08-16 00:11:29.939346,0:08:35.760000,9,29,42,22,20,44,0.5053020480575932,0.00039436307282776807,0,99.5,OFF,115200,499200,OFF,537600,OFF,115200,OFF,OFF,OFF,OFF,OFF,36.470588235294116,54.937,-256,-256,-256,54.875,54.437,55.531,54.093,55.531,2615,1876,8133,OFF,MAXN_SUPER
2026-08-16 00:11:30.940273,0:08:36.760000,13,14,46,22,5,63,0.5063711356616712,0.00039436307282776807,0,13.2,OFF,115200,499200,OFF,537600,OFF,115200,OFF,OFF,OFF,OFF,OFF,36.470588235294116,54.718,-256,-256,-256,54.656,54.656,55.531,54.093,55.531,2576,1837,8055,OFF,MAXN_SUPER
2026-08-16 00:11:31.942669,0:08:37.760000,25,17,39,21,40,37,0.5081277872916191,0.00039436307282776807,0,58.3,OFF,115200,499200,OFF,537600,OFF,115200,OFF,OFF,OFF,OFF,OFF,36.470588235294116,54.875,-256,-256,-256,54.75,54.562,55.656,54.187,55.656,2732,1876,8329,OFF,MAXN_SUPER
2026-08-16 00:11:32.942797,0:08:38.760000,14,52,16,30,44,13,0.5092045772559571,0.00039436307282776807,0,33.2,OFF,115200,499200,OFF,537600,OFF,115200,OFF,OFF,OFF,OFF,OFF,36.470588235294116,54.937,-256,-256,-256,54.625,54.562,55.75,54.187,55.75,2576,1837,8016,OFF,MAXN_SUPER
2026-08-16 00:11:33.943685,0:08:39.760000,24,28,34,37,14,48,0.509980461679474,0.00039436307282776807,0,29.0,OFF,115200,499200,OFF,537600,OFF,115200,OFF,OFF,OFF,OFF,OFF,36.470588235294116,55.0,-256,-256,-256,54.718,54.562,55.75,54.343,55.75,2884,1991,8602,OFF,MAXN_SUPER
2026-08-16 00:11:34.945484,0:08:40.760000,26,30,31,20,43,39,0.5108544228236339,0.00039436307282776807,0,8.1,OFF,115200,499200,OFF,537600,OFF,115200,OFF,OFF,OFF,OFF,OFF,36.470588235294116,55.156,-256,-256,-256,55.062,54.625,55.781,54.281,55.781,2732,1873,8329,OFF,MAXN_SUPER
2026-08-16 00:11:35.946128,0:08:41.760000,7,5,30,5,51,63,0.5108528823515819,0.00039436307282776807,0,17.5,OFF,115200,499200,OFF,537600,OFF,115200,OFF,OFF,OFF,OFF,OFF,36.470588235294116,54.812,-256,-256,-256,54.656,54.718,55.656,54.281,55.656,2420,1798,7781,OFF,MAXN_SUPER
2026-08-16 00:11:36.946910,0:08:42.760000,11,14,24,13,54,62,0.511488583818368,0.00039436307282776807,0,99.6,OFF,115200,499200,OFF,537600,OFF,115200,OFF,OFF,OFF,OFF,OFF,36.470588235294116,54.937,-256,-256,-256,54.781,54.593,55.812,54.25,55.812,2576,1837,8094,OFF,MAXN_SUPER
2026-08-16 00:11:37.947683,0:08:43.760000,13,11,23,5,61,59,0.5125325103789304,0.00039436307282776807,0,13.5,OFF,115200,499200,OFF,537600,OFF,115200,OFF,OFF,OFF,OFF,OFF,36.470588235294116,54.843,-256,-256,-256,55.218,54.75,55.656,54.343,55.656,2615,1876,8172,OFF,MAXN_SUPER
2026-08-16 00:11:38.949256,0:08:44.760000,13,23,23,6,55,61,0.51388196389647,0.00039436307282776807,0,29.7,OFF,115200,499200,OFF,537600,OFF,115200,OFF,OFF,OFF,OFF,OFF,36.470588235294116,54.937,-256,-256,-256,54.593,54.625,55.781,54.343,55.781,2537,1837,7938,OFF,MAXN_SUPER
2026-08-16 00:11:39.949812,0:08:45.760000,12,6,27,6,52,62,0.514653740394515,0.00039436307282776807,0,99.0,OFF,115200,499200,OFF,537600,OFF,115200,OFF,OFF,OFF,OFF,OFF,36.470588235294116,54.937,-256,-256,-256,54.656,54.843,55.75,54.343,55.75,2615,1837,8055,OFF,MAXN_SUPER
2026-08-16 00:11:40.956911,0:08:46.760000,17,8,31,6,53,63,0.5152190936375937,0.00039436307282776807,0,11.9,OFF,153600,499200,OFF,537600,OFF,115200,OFF,OFF,OFF,OFF,OFF,36.470588235294116,54.937,-256,-256,-256,54.843,54.593,55.781,54.406,55.781,2615,1837,8094,OFF,MAXN_SUPER
2026-08-16 00:11:41.952758,0:08:47.760000,13,15,17,7,55,61,0.5154794334143793,0.00039436307282776807,0,99.1,OFF,115200,499200,OFF,537600,OFF,115200,OFF,OFF,OFF,OFF,OFF,36.470588235294116,54.75,-256,-256,-256,54.656,54.718,55.781,54.343,55.781,2537,1837,7938,OFF,MAXN_SUPER
2026-08-16 00:11:42.953575,0:08:48.760000,9,16,9,21,61,54,0.516049408073614,0.00039436307282776807,0,48.9,OFF,115200,499200,OFF,537600,OFF,115200,OFF,OFF,OFF,OFF,OFF,36.470588235294116,55.031,-256,-256,-256,55.093,54.781,55.968,54.312,56.093,2615,1876,8172,OFF,MAXN_SUPER
2026-08-16 00:11:43.954508,0:08:49.760000,10,20,21,9,62,53,0.5166091129191689,0.00039436307282776807,0,11.6,OFF,115200,499200,OFF,537600,OFF,115200,OFF,OFF,OFF,OFF,OFF,36.470588235294116,55.125,-256,-256,-256,54.656,54.812,56.031,54.343,55.843,2498,1837,7938,OFF,MAXN_SUPER
2026-08-16 00:11:44.954993,0:08:50.760000,15,17,16,23,61,56,0.5176448236287873,0.0004600902516323961,0,27.1,OFF,115200,499200,OFF,537600,OFF,115200,OFF,OFF,OFF,OFF,OFF,36.470588235294116,55.156,-256,-256,-256,55.062,54.812,56.031,54.437,56.031,2771,1837,8250,OFF,MAXN_SUPER
2026-08-16 00:11:45.956286,0:08:51.760000,14,43,34,22,11,64,0.518441761170348,0.0004600902516323961,0,51.4,OFF,166400,499200,OFF,537600,OFF,115200,OFF,OFF,OFF,OFF,OFF,38.03921568627451,55.312,-256,-256,-256,55.062,54.843,55.937,54.468,55.937,2654,1837,8133,OFF,MAXN_SUPER
2026-08-16 00:11:46.958317,0:08:52.760000,10,21,14,28,48,50,0.5181500984618387,0.0004600902516323961,0,99.4,OFF,115200,499200,OFF,537600,OFF,115200,OFF,OFF,OFF,OFF,OFF,38.03921568627451,55.312,-256,-256,-256,55.343,54.906,56.031,54.5,56.031,2615,1837,8133,OFF,MAXN_SUPER
2026-08-16 00:11:47.959566,0:08:53.760000,21,5,7,21,53,63,0.5193208572213479,0.0004600902516323961,0,19.0,OFF,115200,499200,OFF,537600,OFF,115200,OFF,OFF,OFF,OFF,OFF,38.03921568627451,55.187,-256,-256,-256,55.062,54.937,55.937,54.531,56.093,2576,1876,8133,OFF,MAXN_SUPER
2026-08-16 00:11:48.959827,0:08:54.760000,23,5,30,27,55,61,0.5200566893715131,0.0004600902516323961,0,20.4,OFF,115200,499200,OFF,537600,OFF,115200,OFF,OFF,OFF,OFF,OFF,38.03921568627451,55.218,-256,-256,-256,55.0,54.968,55.906,54.531,55.906,2732,1837,8133,OFF,MAXN_SUPER
2026-08-16 00:11:49.961111,0:08:55.760000,9,16,4,32,43,63,0.5194543647991866,0.0004600902516323961,0,45.1,OFF,115200,499200,OFF,537600,OFF,115200,OFF,OFF,OFF,OFF,OFF,38.03921568627451,55.218,-256,-256,-256,55.0,54.875,56.093,54.406,56.093,2576,1837,8016,OFF,MAXN_SUPER
2026-08-16 00:11:50.962288,0:08:56.760000,29,23,12,32,17,63,0.5189460090220314,0.0004600902516323961,0,99.6,OFF,115200,499200,OFF,537600,OFF,115200,OFF,OFF,OFF,OFF,OFF,38.03921568627451,55.593,-256,-256,-256,55.281,54.968,56.125,54.656,56.218,2654,1837,8133,OFF,MAXN_SUPER
2026-08-16 00:11:51.963441,0:08:57.760000,14,46,9,36,61,7,0.5207858461427863,0.0004600902516323961,0,79.7,OFF,115200,499200,OFF,537600,OFF,115200,OFF,OFF,OFF,OFF,OFF,38.03921568627451,55.312,-256,-256,-256,55.281,55.156,56.125,54.718,56.125,2654,1876,8172,OFF,MAXN_SUPER
2026-08-16 00:11:52.964170,0:08:58.760000,9,56,8,26,7,63,0.5202194659183396,0.0005258174304370242,0,8.6,OFF,115200,499200,OFF,537600,OFF,115200,OFF,OFF,OFF,OFF,OFF,38.03921568627451,55.343,-256,-256,-256,55.187,55.0,56.156,54.531,56.312,2693,1876,8211,OFF,MAXN_SUPER
2026-08-16 00:11:53.965182,0:08:59.760000,14,53,23,18,3,61,0.5216274573738546,0.0005258174304370242,0,53.3,OFF,115200,499200,OFF,537600,OFF,115200,OFF,OFF,OFF,OFF,OFF,38.03921568627451,55.25,-256,-256,-256,55.031,55.156,56.156,54.656,56.156,2537,1837,7977,OFF,MAXN_SUPER
2026-08-16 00:11:54.966425,0:09:00.760000,14,56,25,10,4,63,0.5219396597097237,0.0005258174304370242,0,80.3,OFF,115200,499200,OFF,537600,OFF,115200,OFF,OFF,OFF,OFF,OFF,38.03921568627451,55.312,-256,-256,-256,55.375,55.187,56.375,54.656,56.375,2576,1837,8094,OFF,MAXN_SUPER
2026-08-16 00:11:55.967368,0:09:01.770000,11,35,23,31,10,65,0.5212721218205298,0.0005258174304370242,0,32.0,OFF,115200,499200,OFF,537600,OFF,115200,OFF,OFF,OFF,OFF,OFF,38.03921568627451,55.312,-256,-256,-256,55.687,55.125,56.281,54.75,56.125,2732,1876,8290,OFF,MAXN_SUPER
2026-08-16 00:11:56.968832,0:09:02.770000,18,12,19,8,55,64,0.5231694698978924,0.0005258174304370242,0,13.7,OFF,115200,499200,OFF,537600,OFF,115200,OFF,OFF,OFF,OFF,OFF,38.03921568627451,55.531,-256,-256,-256,55.406,55.093,56.281,54.656,56.25,2654,1876,8211,OFF,MAXN_SUPER
2026-08-16 00:11:57.970728,0:09:03.770000,24,22,30,36,20,51,0.5239438138493573,0.0005915446092416521,0,17.2,OFF,179200,499200,OFF,537600,OFF,115200,OFF,OFF,OFF,OFF,OFF,38.03921568627451,55.531,-256,-256,-256,55.312,55.093,56.187,54.781,56.187,2576,1837,8133,OFF,MAXN_SUPER
2026-08-16 00:11:58.972036,0:09:04.770000,38,59,29,31,21,3,0.5245877311670873,0.0005915446092416521,0,99.3,OFF,179200,499200,OFF,537600,OFF,115200,OFF,OFF,OFF,OFF,OFF,38.03921568627451,55.468,-256,-256,-256,55.218,55.343,56.187,54.875,56.187,2771,1876,8290,OFF,MAXN_SUPER
2026-08-16 00:11:59.971923,0:09:05.770000,24,61,30,39,15,5,0.5253184284104125,0.0005915446092416521,0,25.5,OFF,115200,499200,OFF,537600,OFF,115200,OFF,OFF,OFF,OFF,OFF,38.03921568627451,55.406,-256,-256,-256,55.531,55.25,56.312,54.906,56.312,2806,1873,8407,OFF,MAXN_SUPER
2026-08-16 00:12:00.973340,0:09:06.770000,23,38,34,24,56,4,0.5265513195426852,0.0005915446092416521,0,26.1,OFF,115200,499200,OFF,537600,OFF,115200,OFF,OFF,OFF,OFF,OFF,38.03921568627451,55.562,-256,-256,-256,55.343,55.187,56.468,54.875,56.468,2576,1837,8055,OFF,MAXN_SUPER
2026-08-16 00:12:01.974530,0:09:07.770000,33,43,56,23,13,4,0.5256655481127933,0.0005915446092416521,0,99.4,OFF,115200,499200,OFF,537600,OFF,115200,OFF,OFF,OFF,OFF,OFF,38.03921568627451,55.718,-256,-256,-256,55.593,55.25,56.406,54.843,56.406,2693,1876,8290,OFF,MAXN_SUPER
2026-08-16 00:12:02.975337,0:09:08.770000,29,35,33,28,33,13,0.5273590403886097,0.0005915446092416521,0,17.3,OFF,115200,499200,OFF,537600,OFF,115200,OFF,OFF,OFF,OFF,OFF,38.03921568627451,55.906,-256,-256,-256,55.593,55.343,56.406,54.843,56.406,2654,1837,8133,OFF,MAXN_SUPER
2026-08-16 00:12:03.976142,0:09:09.770000,26,5,47,17,28,49,0.5294217324662187,0.0005915446092416521,0,17.5,OFF,115200,499200,OFF,537600,OFF,115200,OFF,OFF,OFF,OFF,OFF,38.03921568627451,55.531,-256,-256,-256,55.562,55.312,56.437,55.031,56.375,2615,1837,8133,OFF,MAXN_SUPER
2026-08-16 00:12:04.978330,0:09:10.770000,14,15,45,25,3,64,0.5274663599415648,0.0005915446092416521,0,16.0,OFF,128000,499200,OFF,537600,OFF,115200,OFF,OFF,OFF,OFF,OFF,38.03921568627451,55.375,-256,-256,-256,55.312,55.312,56.437,55.031,56.437,2459,1798,7820,OFF,MAXN_SUPER
2026-08-16 00:12:05.979430,0:09:11.770000,17,11,36,39,12,63,0.5294910537085581,0.0005915446092416521,0,99.6,OFF,115200,499200,OFF,537600,OFF,115200,OFF,OFF,OFF,OFF,OFF,38.03921568627451,55.531,-256,-256,-256,55.531,55.437,56.437,55.0,56.437,2654,1837,8172,OFF,MAXN_SUPER
2026-08-16 00:12:06.977980,0:09:12.770000,11,3,28,53,7,66,0.5290915579564098,0.0005915446092416521,0,14.6,OFF,115200,499200,OFF,537600,OFF,115200,OFF,OFF,OFF,OFF,OFF,38.03921568627451,55.718,-256,-256,-256,55.562,55.468,56.5,55.093,56.468,2654,1876,8250,OFF,MAXN_SUPER
2026-08-16 00:12:07.980793,0:09:13.770000,20,46,25,35,11,60,0.5288168404404723,0.0005915446092416521,0,16.9,OFF,115200,499200,OFF,537600,OFF,115200,OFF,OFF,OFF,OFF,OFF,38.03921568627451,55.593,-256,-256,-256,55.281,55.531,56.437,55.093,56.468,2693,1837,8133,OFF,MAXN_SUPER
2026-08-16 00:12:08.982709,0:09:14.770000,23,38,10,25,8,65,0.5238328998616143,0.0005915446092416521,0,99.0,OFF,153600,499200,OFF,537600,OFF,115200,OFF,OFF,OFF,OFF,OFF,38.03921568627451,55.812,-256,-256,-256,55.625,55.437,56.562,55.062,56.5,2654,1837,8133,OFF,MAXN_SUPER
2026-08-16 00:12:09.983130,0:09:15.770000,17,8,13,15,63,54,0.5236937438862516,0.0005915446092416521,0,82.1,OFF,115200,499200,OFF,537600,OFF,115200,OFF,OFF,OFF,OFF,OFF,38.03921568627451,55.687,-256,-256,-256,55.718,55.5,56.5,55.187,56.5,2615,1837,8094,OFF,MAXN_SUPER
2026-08-16 00:12:10.985127,0:09:16.770000,10,17,21,16,67,53,0.5254144511683196,0.0005915446092416521,0,99.6,OFF,140800,499200,OFF,537600,OFF,115200,OFF,OFF,OFF,OFF,OFF,38.03921568627451,55.875,-256,-256,-256,55.906,55.5,56.531,55.125,56.531,2615,1837,8133,OFF,MAXN_SUPER
2026-08-16 00:12:11.985599,0:09:17.770000,7,23,5,11,66,52,0.5269610851085135,0.0005915446092416521,0,76.5,OFF,115200,499200,OFF,537600,OFF,115200,OFF,OFF,OFF,OFF,OFF,38.03921568627451,55.75,-256,-256,-256,55.906,55.468,56.5,55.156,56.5,2615,1876,8172,OFF,MAXN_SUPER
2026-08-16 00:12:12.986307,0:09:18.770000,10,27,12,20,64,53,0.528635064738338,0.0005915446092416521,0,19.2,OFF,115200,499200,OFF,537600,OFF,115200,OFF,OFF,OFF,OFF,OFF,38.03921568627451,55.75,-256,-256,-256,55.656,55.468,56.656,55.031,56.656,2576,1837,8094,OFF,MAXN_SUPER
2026-08-16 00:12:13.987508,0:09:19.770000,9,6,7,31,52,65,0.5299829777838255,0.0005915446092416521,0,44.7,OFF,115200,499200,OFF,537600,OFF,115200,OFF,OFF,OFF,OFF,OFF,38.03921568627451,55.625,-256,-256,-256,55.406,55.593,56.593,55.25,56.593,2498,1798,7938,OFF,MAXN_SUPER
2026-08-16 00:12:14.988793,0:09:20.770000,11,19,7,15,56,62,0.5301642399952758,0.0005915446092416521,0,99.1,OFF,115200,499200,OFF,537600,OFF,115200,OFF,OFF,OFF,OFF,OFF,38.03921568627451,55.75,-256,-256,-256,55.562,55.625,56.625,55.156,56.625,2615,1837,8094,OFF,MAXN_SUPER
2026-08-16 00:12:15.989724,0:09:21.770000,8,8,13,27,52,64,0.5300733521442087,0.0005915446092416521,0,23.7,OFF,115200,499200,OFF,537600,OFF,115200,OFF,OFF,OFF,OFF,OFF,38.03921568627451,55.718,-256,-256,-256,55.843,55.625,56.687,55.281,56.687,2615,1876,8172,OFF,MAXN_SUPER
2026-08-16 00:12:16.990949,0:09:22.770000,7,29,10,6,54,62,0.5298653884171907,0.0005915446092416521,0,21.2,OFF,115200,499200,OFF,537600,OFF,115200,OFF,OFF,OFF,OFF,OFF,38.03921568627451,55.718,-256,-256,-256,55.812,55.656,56.625,55.156,56.625,2537,1837,8016,OFF,MAXN_SUPER
2026-08-16 00:12:17.993339,0:09:23.770000,9,25,8,20,53,62,0.5312523267546618,0.0005915446092416521,0,99.5,OFF,217600,499200,OFF,537600,OFF,115200,OFF,OFF,OFF,OFF,OFF,38.03921568627451,55.75,-256,-256,-256,55.843,55.625,56.562,55.218,56.562,2654,1837,8133,OFF,MAXN_SUPER
2026-08-16 00:12:18.992735,0:09:24.770000,10,22,18,14,63,52,0.53167236213417,0.0005915446092416521,0,79.2,OFF,115200,499200,OFF,537600,OFF,115200,OFF,OFF,OFF,OFF,OFF,38.03921568627451,56.062,-256,-256,-256,55.843,55.687,56.656,55.187,56.656,2693,1876,8250,OFF,MAXN_SUPER
2026-08-16 00:12:19.993710,0:09:25.770000,11,29,19,19,60,56,0.5336713813669636,0.0005915446092416521,0,99.6,OFF,115200,499200,OFF,537600,OFF,115200,OFF,OFF,OFF,OFF,OFF,38.03921568627451,55.968,-256,-256,-256,55.906,55.687,56.843,55.343,56.843,2928,1873,8524,OFF,MAXN_SUPER
2026-08-16 00:12:20.995645,0:09:26.770000,11,19,17,16,52,64,0.5333304235527907,0.0005915446092416521,0,13.6,OFF,115200,499200,OFF,537600,OFF,115200,OFF,OFF,OFF,OFF,OFF,38.03921568627451,55.968,-256,-256,-256,56.0,55.718,56.843,55.312,56.937,2771,1876,8329,OFF,MAXN_SUPER
2026-08-16 00:12:21.996443,0:09:27.770000,8,7,21,19,50,60,0.5345294242999197,0.0005915446092416521,0,15.5,OFF,115200,499200,OFF,537600,OFF,115200,OFF,OFF,OFF,OFF,OFF,38.03921568627451,55.843,-256,-256,-256,56.281,55.812,56.843,55.343,56.843,2654,1873,8211,OFF,MAXN_SUPER
2026-08-16 00:12:22.997378,0:09:28.770000,13,59,33,37,16,23,0.5352662834314529,0.0005915446092416521,0,99.0,OFF,115200,499200,OFF,537600,OFF,115200,OFF,OFF,OFF,OFF,OFF,38.03921568627451,56.125,-256,-256,-256,55.812,55.812,56.843,55.375,56.875,2732,1876,8290,OFF,MAXN_SUPER
2026-08-16 00:12:23.998921,0:09:29.770000,7,18,10,48,21,62,0.5352626889966648,0.0005915446092416521,0,99.0,OFF,115200,499200,OFF,537600,OFF,115200,OFF,OFF,OFF,OFF,OFF,38.03921568627451,55.937,-256,-256,-256,55.812,55.812,56.812,55.343,56.812,2576,1837,8055,OFF,MAXN_SUPER
2026-08-16 00:12:24.999797,0:09:30.770000,8,11,24,37,20,65,0.5356591038047093,0.0005915446092416521,0,99.6,OFF,115200,499200,OFF,537600,OFF,115200,OFF,OFF,OFF,OFF,OFF,38.03921568627451,56.093,-256,-256,-256,56.093,55.843,56.812,55.375,56.812,2615,1837,8133,OFF,MAXN_SUPER
2026-08-16 00:12:26.001273,0:09:31.770000,8,17,37,39,16,65,0.5363055885758593,0.0005915446092416521,0,82.6,OFF,115200,499200,OFF,537600,OFF,115200,OFF,OFF,OFF,OFF,OFF,39.6078431372549,55.937,-256,-256,-256,55.75,55.812,56.875,55.468,56.875,2576,1837,8016,OFF,MAXN_SUPER
2026-08-16 00:12:27.002402,0:09:32.770000,27,14,38,20,9,59,0.5354870844255708,0.0005915446092416521,0,11.4,OFF,115200,499200,OFF,537600,OFF,115200,OFF,OFF,OFF,OFF,OFF,39.6078431372549,56.156,-256,-256,-256,56.125,55.875,56.906,55.406,56.875,2576,1837,8055,OFF,MAXN_SUPER
2026-08-16 00:12:28.003802,0:09:33.770000,35,39,17,13,18,62,0.5359671982151064,0.0005915446092416521,0,31.8,OFF,115200,499200,OFF,537600,OFF,115200,OFF,OFF,OFF,OFF,OFF,39.6078431372549,55.968,-256,-256,-256,56.031,55.968,56.875,55.437,56.875,2615,1837,8094,OFF,MAXN_SUPER
2026-08-16 00:12:29.003586,0:09:34.770000,27,40,10,14,10,64,0.536436015209594,0.0005915446092416521,0,15.5,OFF,115200,499200,OFF,537600,OFF,115200,OFF,OFF,OFF,OFF,OFF,39.6078431372549,55.968,-256,-256,-256,55.906,55.968,56.968,55.5,56.968,2576,1837,8094,OFF,MAXN_SUPER
2026-08-16 00:12:30.005891,0:09:35.770000,13,29,55,17,5,64,0.5367471905640951,0.0005915446092416521,0,29.7,OFF,115200,499200,OFF,537600,OFF,115200,OFF,OFF,OFF,OFF,OFF,39.6078431372549,56.437,-256,-256,-256,56.593,55.843,56.937,55.437,56.937,2962,1873,8602,OFF,MAXN_SUPER
2026-08-16 00:12:31.007273,0:09:36.770000,25,38,42,24,27,26,0.5365890354334246,0.0005915446092416521,0,69.2,OFF,153600,499200,OFF,537600,OFF,115200,OFF,OFF,OFF,OFF,OFF,39.6078431372549,56.031,-256,-256,-256,56.437,55.937,57.031,55.562,57.031,2884,1912,8485,OFF,MAXN_SUPER
2026-08-16 00:12:32.008092,0:09:37.770000,10,31,6,51,65,3,0.5372642756828784,0.0005915446092416521,0,19.6,OFF,115200,499200,OFF,537600,OFF,115200,OFF,OFF,OFF,OFF,OFF,39.6078431372549,56.125,-256,-256,-256,56.187,55.937,57.031,55.5,56.937,2693,1873,8250,OFF,MAXN_SUPER
2026-08-16 00:12:33.011382,0:09:38.770000,22,47,46,20,16,33,0.5379230842304443,0.0005915446092416521,0,99.5,OFF,140800,499200,OFF,537600,OFF,115200,OFF,OFF,OFF,OFF,OFF,39.6078431372549,56.281,-256,-256,-256,56.062,56.093,57.031,55.656,57.031,2693,1876,8250,OFF,MAXN_SUPER
2026-08-16 00:12:34.009863,0:09:39.770000,29,33,43,39,21,6,0.5384278455728116,0.0005915446092416521,0,16.1,OFF,115200,499200,OFF,537600,OFF,115200,OFF,OFF,OFF,OFF,OFF,39.6078431372549,56.031,-256,-256,-256,56.093,56.0,57.125,55.5,57.125,2732,1912,8329,OFF,MAXN_SUPER
2026-08-16 00:12:35.011131,0:09:40.770000,33,19,32,32,55,18,0.5386851044054933,0.0005915446092416521,0,25.9,OFF,115200,499200,OFF,537600,OFF,115200,OFF,OFF,OFF,OFF,OFF,39.6078431372549,56.343,-256,-256,-256,56.562,56.093,57.093,55.812,57.031,3196,1952,8993,OFF,MAXN_SUPER
2026-08-16 00:12:36.012942,0:09:41.770000,11,24,55,6,52,30,0.5382984459204448,0.0005915446092416521,0,16.3,OFF,115200,499200,OFF,537600,OFF,115200,OFF,OFF,OFF,OFF,OFF,39.6078431372549,56.375,-256,-256,-256,56.218,56.125,57.031,55.687,57.0,2810,1912,8485,OFF,MAXN_SUPER
2026-08-16 00:12:37.013610,0:09:42.770000,10,16,24,30,57,30,0.5390661144930178,0.0005915446092416521,0,26.4,OFF,115200,499200,OFF,537600,OFF,115200,OFF,OFF,OFF,OFF,OFF,39.6078431372549,56.062,-256,-256,-256,56.25,56.031,57.062,55.531,57.156,2537,1837,8055,OFF,MAXN_SUPER
2026-08-16 00:12:38.013883,0:09:43.770000,18,8,28,42,43,34,0.539155461872033,0.0005915446092416521,0,99.6,OFF,140800,499200,OFF,537600,OFF,115200,OFF,OFF,OFF,OFF,OFF,39.6078431372549,56.187,-256,-256,-256,56.406,56.062,57.062,55.687,57.093,2576,1837,8133,OFF,MAXN_SUPER
2026-08-16 00:12:39.015866,0:09:44.770000,30,33,11,30,21,46,0.5088174052802247,0.0005915446092416521,0,21.1,OFF,115200,499200,OFF,537600,OFF,115200,OFF,OFF,OFF,OFF,OFF,39.6078431372549,56.406,-256,-256,-256,56.25,55.937,57.0,55.625,57.0,2654,1876,8211,OFF,MAXN_SUPER
2026-08-16 00:12:40.017646,0:09:45.770000,25,56,34,13,20,40,0.5113632920914732,0.0005915446092416521,0,24.1,OFF,115200,499200,OFF,537600,OFF,115200,OFF,OFF,OFF,OFF,OFF,39.6078431372549,56.312,-256,-256,-256,56.281,56.093,57.218,55.687,57.218,2771,1876,8329,OFF,MAXN_SUPER
2026-08-16 00:12:41.018598,0:09:46.770000,20,63,32,12,56,3,0.5132888821564555,0.0005915446092416521,0,68.6,OFF,166400,499200,OFF,537600,OFF,115200,OFF,OFF,OFF,OFF,OFF,39.6078431372549,56.843,-256,-256,-256,56.25,56.156,57.093,55.781,57.093,2884,1912,8524,OFF,MAXN_SUPER
2026-08-16 00:12:42.018534,0:09:47.770000,11,19,37,5,50,53,0.5149500245191801,0.0005915446092416521,0,23.0,OFF,140800,499200,OFF,537600,OFF,115200,OFF,OFF,OFF,OFF,OFF,39.6078431372549,56.625,-256,-256,-256,56.468,56.187,57.156,55.718,57.218,2771,1873,8329,OFF,MAXN_SUPER
2026-08-16 00:12:43.020133,0:09:48.770000,36,20,16,7,28,65,0.5165187385587857,0.0005915446092416521,0,14.0,OFF,140800,499200,OFF,537600,OFF,115200,OFF,OFF,OFF,OFF,OFF,39.6078431372549,56.281,-256,-256,-256,56.531,56.125,57.218,55.625,57.25,2693,1873,8290,OFF,MAXN_SUPER
2026-08-16 00:12:44.021605,0:09:49.770000,15,7,34,45,9,58,0.5181999070581862,0.0005915446092416521,0,32.1,OFF,115200,499200,OFF,537600,OFF,115200,OFF,OFF,OFF,OFF,OFF,39.6078431372549,56.125,-256,-256,-256,56.343,56.281,57.093,55.75,57.093,2537,1837,8016,OFF,MAXN_SUPER
2026-08-16 00:12:45.022725,0:09:50.770000,31,13,32,38,16,48,0.5197773504394196,0.0005915446092416521,0,59.9,OFF,115200,499200,OFF,537600,OFF,115200,OFF,OFF,OFF,OFF,OFF,39.6078431372549,56.281,-256,-256,-256,56.281,56.125,57.343,55.687,57.343,2615,1837,8055,OFF,MAXN_SUPER
2026-08-16 00:12:46.023759,0:09:51.770000,11,16,23,49,14,51,0.5213491454231292,0.0005915446092416521,0,99.5,OFF,115200,499200,OFF,537600,OFF,115200,OFF,OFF,OFF,OFF,OFF,39.6078431372549,56.406,-256,-256,-256,56.312,56.25,57.281,55.75,57.125,2615,1876,8133,OFF,MAXN_SUPER
2026-08-16 00:12:47.025117,0:09:52.770000,19,14,14,15,50,63,0.5229455879596704,0.0005915446092416521,0,61.8,OFF,217600,499200,OFF,537600,OFF,115200,OFF,OFF,OFF,OFF,OFF,39.6078431372549,56.312,-256,-256,-256,56.406,56.156,57.25,55.656,57.343,2810,1873,8368,OFF,MAXN_SUPER
2026-08-16 00:12:48.026223,0:09:53.770000,23,5,16,5,52,63,0.5245286797384279,0.0005915446092416521,0,17.9,OFF,115200,499200,OFF,537600,OFF,115200,OFF,OFF,OFF,OFF,OFF,39.6078431372549,56.281,-256,-256,-256,56.375,56.031,57.218,55.781,57.218,2537,1876,8055,OFF,MAXN_SUPER
2026-08-16 00:12:49.027123,0:09:54.770000,25,31,19,20,58,44,0.5264362976294703,0.0005915446092416521,0,24.4,OFF,115200,499200,OFF,537600,OFF,115200,OFF,OFF,OFF,OFF,OFF,39.6078431372549,56.375,-256,-256,-256,56.281,56.25,57.218,55.718,57.218,2654,1837,8133,OFF,MAXN_SUPER
2026-08-16 00:12:50.028030,0:09:55.770000,28,57,10,17,57,18,0.5283844812845483,0.0005915446092416521,0,94.9,OFF,115200,499200,OFF,537600,OFF,115200,OFF,OFF,OFF,OFF,OFF,39.6078431372549,56.375,-256,-256,-256,56.343,56.25,57.218,55.781,57.218,2806,1912,8446,OFF,MAXN_SUPER
2026-08-16 00:12:51.029697,0:09:56.770000,24,47,26,7,61,24,0.5301123774361923,0.0005915446092416521,0,74.1,OFF,128000,499200,OFF,537600,OFF,115200,OFF,OFF,OFF,OFF,OFF,39.6078431372549,56.312,-256,-256,-256,56.281,56.218,57.218,55.75,57.218,2806,1873,8407,OFF,MAXN_SUPER
2026-08-16 00:12:52.029595,0:09:57.770000,22,37,43,29,59,28,0.5326094826324613,0.0005915446092416521,0,21.2,OFF,115200,499200,OFF,537600,OFF,115200,OFF,OFF,OFF,OFF,OFF,39.6078431372549,56.625,-256,-256,-256,56.656,56.312,57.343,55.937,57.343,3235,1952,9018,OFF,MAXN_SUPER
2026-08-16 00:12:53.031648,0:09:58.770000,16,53,9,13,58,29,0.5340744715538999,0.0005915446092416521,0,61.9,OFF,115200,499200,OFF,537600,OFF,115200,OFF,OFF,OFF,OFF,OFF,39.6078431372549,56.343,-256,-256,-256,56.343,56.375,57.312,55.843,57.312,2845,1873,8407,OFF,MAXN_SUPER
2026-08-16 00:12:54.032624,0:09:59.770000,22,54,7,10,56,19,0.5357217496681567,0.0005915446092416521,0,14.0,OFF,166400,499200,OFF,537600,OFF,115200,OFF,OFF,OFF,OFF,OFF,39.6078431372549,56.5,-256,-256,-256,56.656,56.343,57.468,55.937,57.468,2806,1912,8446,OFF,MAXN_SUPER
2026-08-16 00:12:55.033803,0:10:00.770000,40,33,8,19,56,27,0.5377012562549583,0.0005915446092416521,0,15.6,OFF,115200,499200,OFF,537600,OFF,115200,OFF,OFF,OFF,OFF,OFF,39.6078431372549,56.5,-256,-256,-256,56.593,56.437,57.375,56.093,57.375,2806,1873,8407,OFF,MAXN_SUPER
2026-08-16 00:12:56.038554,0:10:01.780000,35,7,16,12,56,42,0.5393490478598992,0.0005915446092416521,0,13.9,OFF,217600,499200,OFF,537600,OFF,115200,OFF,OFF,OFF,OFF,OFF,39.6078431372549,56.343,-256,-256,-256,56.687,56.312,57.406,55.968,57.375,2771,1873,8368,OFF,MAXN_SUPER
2026-08-16 00:12:57.036435,0:10:02.780000,10,19,10,24,58,57,0.5386974281819092,0.0005915446092416521,0,19.6,OFF,115200,499200,OFF,537600,OFF,115200,OFF,OFF,OFF,OFF,OFF,39.6078431372549,56.375,-256,-256,-256,56.531,56.343,57.468,55.937,57.468,2693,1837,8172,OFF,MAXN_SUPER
2026-08-16 00:12:58.037645,0:10:03.780000,22,13,9,12,56,65,0.5409249507690806,0.0005915446092416521,0,21.3,OFF,115200,499200,OFF,537600,OFF,115200,OFF,OFF,OFF,OFF,OFF,39.6078431372549,56.375,-256,-256,-256,56.468,56.281,57.375,55.875,57.375,2576,1837,8016,OFF,MAXN_SUPER
2026-08-16 00:12:59.038518,0:10:04.780000,16,21,7,6,55,65,0.5407436885576303,0.0005915446092416521,0,24.8,OFF,115200,499200,OFF,537600,OFF,115200,OFF,OFF,OFF,OFF,OFF,39.6078431372549,56.406,-256,-256,-256,56.437,56.375,57.406,55.906,57.406,2576,1837,8055,OFF,MAXN_SUPER
2026-08-16 00:13:00.039896,0:10:05.780000,22,19,10,18,52,63,0.5400689617988605,0.0005915446092416521,0,59.7,OFF,115200,499200,OFF,537600,OFF,115200,OFF,OFF,OFF,OFF,OFF,39.6078431372549,56.781,-256,-256,-256,56.687,56.312,57.406,55.875,57.406,2654,1876,8172,OFF,MAXN_SUPER
2026-08-16 00:13:01.041342,0:10:06.780000,13,19,7,12,56,64,0.5411447247818306,0.0005915446092416521,0,27.3,OFF,115200,499200,OFF,537600,OFF,115200,OFF,OFF,OFF,OFF,OFF,39.6078431372549,56.437,-256,-256,-256,56.562,56.312,57.375,55.906,57.375,2537,1837,8055,OFF,MAXN_SUPER
2026-08-16 00:13:02.041939,0:10:07.780000,19,22,18,25,53,60,0.5400443142460288,0.0005915446092416521,0,99.5,OFF,115200,499200,OFF,537600,OFF,115200,OFF,OFF,OFF,OFF,OFF,39.6078431372549,56.437,-256,-256,-256,56.593,56.312,57.375,55.968,57.375,2771,1837,8329,OFF,MAXN_SUPER
2026-08-16 00:13:03.043124,0:10:08.780000,20,9,21,11,56,57,0.5423175375040759,0.0005915446092416521,0,99.5,OFF,115200,499200,OFF,537600,OFF,115200,OFF,OFF,OFF,OFF,OFF,39.6078431372549,56.781,-256,-256,-256,56.781,56.312,57.562,55.968,57.562,2732,1876,8290,OFF,MAXN_SUPER
2026-08-16 00:13:04.043535,0:10:09.780000,17,52,11,10,30,59,0.5435375913692486,0.0006572717880462801,0,16.6,OFF,115200,499200,OFF,537600,OFF,115200,OFF,OFF,OFF,OFF,OFF,39.6078431372549,56.781,-256,-256,-256,56.562,56.468,57.562,55.968,57.562,2693,1873,8329,OFF,MAXN_SUPER
2026-08-16 00:13:05.044482,0:10:10.780000,33,27,26,59,24,36,0.5315583672023231,0.0006572717880462801,0,86.0,OFF,153600,499200,OFF,537600,OFF,115200,OFF,OFF,OFF,OFF,OFF,39.6078431372549,56.781,-256,-256,-256,57.031,56.468,57.5,56.0,57.5,3001,1952,8798,OFF,MAXN_SUPER
2026-08-16 00:13:06.047395,0:10:11.780000,44,30,26,52,3,22,0.5331440264345004,0.0006572717880462801,0,26.5,OFF,115200,499200,OFF,537600,OFF,115200,OFF,OFF,OFF,OFF,OFF,39.6078431372549,56.812,-256,-256,-256,56.687,56.468,57.5,56.031,57.5,2845,1912,8485,OFF,MAXN_SUPER
2026-08-16 00:13:07.048553,0:10:12.780000,22,32,21,20,39,44,0.5346624183870744,0.0006572717880462801,0,56.8,OFF,115200,499200,OFF,537600,OFF,115200,OFF,OFF,OFF,OFF,OFF,39.6078431372549,56.687,-256,-256,-256,56.562,56.5,57.718,56.156,57.718,2693,1912,8329,OFF,MAXN_SUPER
2026-08-16 00:13:08.049968,0:10:13.780000,24,23,54,57,10,6,0.5369690185395811,0.0006572717880462801,0,93.0,OFF,115200,499200,OFF,537600,OFF,115200,OFF,OFF,OFF,OFF,OFF,39.6078431372549,56.781,-256,-256,-256,56.593,56.625,57.687,56.093,57.562,3040,1952,8798,OFF,MAXN_SUPER
2026-08-16 00:13:09.049404,0:10:14.780000,20,9,22,54,52,30,0.5393218328536474,0.0006572717880462801,0,39.8,OFF,115200,499200,OFF,537600,OFF,115200,OFF,OFF,OFF,OFF,OFF,39.6078431372549,56.843,-256,-256,-256,56.562,56.562,57.593,56.125,57.593,3001,1873,8602,OFF,MAXN_SUPER
2026-08-16 00:13:10.051689,0:10:15.780000,7,4,10,32,53,63,0.5408669263217892,0.0006572717880462801,0,64.3,OFF,115200,499200,OFF,537600,OFF,115200,OFF,OFF,OFF,OFF,OFF,39.6078431372549,56.562,-256,-256,-256,56.593,56.625,57.562,56.125,57.562,2537,1837,8016,OFF,MAXN_SUPER
2026-08-16 00:13:11.052494,0:10:16.780000,13,5,15,20,60,58,0.5425260147217779,0.0006572717880462801,0,46.0,OFF,115200,499200,OFF,537600,OFF,115200,OFF,OFF,OFF,OFF,OFF,39.6078431372549,56.5,-256,-256,-256,56.687,56.468,57.531,56.187,57.531,2576,1837,8094,OFF,MAXN_SUPER
2026-08-16 00:13:12.052538,0:10:17.780000,28,6,21,7,65,53,0.5441671309478268,0.0006572717880462801,0,99.5,OFF,115200,499200,OFF,537600,OFF,115200,OFF,OFF,OFF,OFF,OFF,39.6078431372549,56.781,-256,-256,-256,56.781,56.593,57.593,56.156,57.593,2615,1873,8172,OFF,MAXN_SUPER
2026-08-16 00:13:13.054684,0:10:18.780000,17,10,18,18,63,55,0.5460449663791974,0.0006572717880462801,0,20.2,OFF,115200,499200,OFF,537600,OFF,115200,OFF,OFF,OFF,OFF,OFF,39.6078431372549,56.968,-256,-256,-256,57.0,56.625,57.531,56.187,57.531,2654,1837,8172,OFF,MAXN_SUPER
2026-08-16 00:13:14.056235,0:10:19.780000,19,4,20,21,54,64,0.5474611736856564,0.0006572717880462801,0,29.0,OFF,192000,499200,OFF,537600,OFF,115200,OFF,OFF,OFF,OFF,OFF,39.6078431372549,57.031,-256,-256,-256,56.656,56.5,57.593,56.218,57.75,2654,1837,8133,OFF,MAXN_SUPER
2026-08-16 00:13:15.057021,0:10:20.780000,29,16,12,37,14,65,0.5493944661108986,0.0006572717880462801,0,26.3,OFF,115200,499200,OFF,537600,OFF,115200,OFF,OFF,OFF,OFF,OFF,39.6078431372549,56.781,-256,-256,-256,56.687,56.562,57.656,56.187,57.75,2537,1837,8016,OFF,MAXN_SUPER
2026-08-16 00:13:16.058625,0:10:21.780000,24,18,38,23,39,24,0.5507341633054422,0.0006572717880462801,0,2.5,OFF,115200,499200,OFF,537600,OFF,115200,OFF,OFF,OFF,OFF,OFF,39.6078431372549,56.781,-256,-256,-256,56.562,56.625,57.531,56.312,57.531,2576,1837,7977,OFF,MAXN_SUPER
2026-08-16 00:13:17.059529,0:10:22.780000,33,13,18,46,56,13,0.5524630864384543,0.0006572717880462801,0,31.7,OFF,115200,499200,OFF,537600,OFF,115200,OFF,OFF,OFF,OFF,OFF,39.6078431372549,56.875,-256,-256,-256,56.656,56.625,57.531,56.156,57.531,2537,1837,7977,OFF,MAXN_SUPER
2026-08-16 00:13:18.060287,0:10:23.780000,18,65,28,8,3,54,0.5500409508820486,0.0006572717880462801,0,14.2,OFF,166400,499200,OFF,537600,OFF,115200,OFF,OFF,OFF,OFF,OFF,39.6078431372549,56.812,-256,-256,-256,57.0,56.593,57.812,56.343,57.812,2806,1912,8446,OFF,MAXN_SUPER
2026-08-16 00:13:19.061819,0:10:24.780000,36,25,24,25,56,12,0.5528025037805752,0.0006572717880462801,0,19.3,OFF,115200,499200,OFF,537600,OFF,115200,OFF,OFF,OFF,OFF,OFF,39.6078431372549,56.718,-256,-256,-256,56.687,56.687,57.625,56.281,57.625,2615,1837,8133,OFF,MAXN_SUPER
2026-08-16 00:13:20.061550,0:10:25.780000,47,15,32,15,55,9,0.5516004220893422,0.0006572717880462801,0,99.0,OFF,115200,499200,OFF,537600,OFF,115200,OFF,OFF,OFF,OFF,OFF,39.6078431372549,56.812,-256,-256,-256,56.937,56.656,57.687,56.312,57.687,2615,1916,8172,OFF,MAXN_SUPER
2026-08-16 00:13:21.064421,0:10:26.780000,36,24,26,31,13,63,0.5515475325488908,0.0006572717880462801,0,99.5,OFF,115200,499200,OFF,537600,OFF,115200,OFF,OFF,OFF,OFF,OFF,39.6078431372549,56.937,-256,-256,-256,57.25,56.75,57.687,56.312,57.687,2923,1873,8485,OFF,MAXN_SUPER
2026-08-16 00:13:22.066203,0:10:27.780000,7,17,27,34,20,63,0.5498052586580948,0.0006572717880462801,0,22.2,OFF,128000,499200,OFF,537600,OFF,115200,OFF,OFF,OFF,OFF,OFF,39.6078431372549,56.781,-256,-256,-256,56.75,56.75,57.718,56.312,57.718,2537,1837,8016,OFF,MAXN_SUPER
2026-08-16 00:13:23.066717,0:10:28.780000,18,29,25,12,24,61,0.5515963141638702,0.0006572717880462801,0,44.2,OFF,115200,499200,OFF,537600,OFF,115200,OFF,OFF,OFF,OFF,OFF,39.6078431372549,56.656,-256,-256,-256,56.593,56.687,57.687,56.25,57.687,2537,1837,8016,OFF,MAXN_SUPER
2026-08-16 00:13:24.067374,0:10:29.780000,18,7,16,31,50,63,0.5532661858682228,0.0006572717880462801,0,20.0,OFF,115200,499200,OFF,537600,OFF,115200,OFF,OFF,OFF,OFF,OFF,39.6078431372549,56.812,-256,-256,-256,57.031,56.687,57.781,56.25,57.781,2654,1876,8211,OFF,MAXN_SUPER
2026-08-16 00:13:25.068994,0:10:30.780000,30,44,29,8,20,59,0.5518053048722563,0.0006572717880462801,0,12.6,OFF,115200,499200,OFF,537600,OFF,115200,OFF,OFF,OFF,OFF,OFF,39.6078431372549,57.187,-256,-256,-256,57.093,56.625,57.781,56.375,57.781,3001,1912,8681,OFF,MAXN_SUPER
2026-08-16 00:13:26.070126,0:10:31.780000,24,27,37,31,20,33,0.5542633847765417,0.0006572717880462801,0,14.7,OFF,115200,499200,OFF,537600,OFF,115200,OFF,OFF,OFF,OFF,OFF,39.6078431372549,56.875,-256,-256,-256,57.093,56.718,57.718,56.375,57.718,2767,1912,8368,OFF,MAXN_SUPER
2026-08-16 00:13:27.070641,0:10:32.780000,28,35,35,20,37,29,0.5469009553494176,0.0006572717880462801,0,16.8,OFF,115200,499200,OFF,537600,OFF,115200,OFF,OFF,OFF,OFF,OFF,39.6078431372549,56.781,-256,-256,-256,56.687,56.812,57.718,56.312,57.718,2498,1837,7938,OFF,MAXN_SUPER
2026-08-16 00:13:28.072436,0:10:33.780000,10,28,23,13,48,49,0.549125910483169,0.0006572717880462801,0,99.4,OFF,115200,499200,OFF,537600,OFF,115200,OFF,OFF,OFF,OFF,OFF,39.6078431372549,57.062,-256,-256,-256,56.718,56.718,57.968,56.25,57.718,2576,1876,8133,OFF,MAXN_SUPER
2026-08-16 00:13:29.073467,0:10:34.780000,8,23,18,22,37,64,0.5512286548341296,0.0006572717880462801,0,43.6,OFF,115200,499200,OFF,537600,OFF,115200,OFF,OFF,OFF,OFF,OFF,39.6078431372549,57.031,-256,-256,-256,57.031,56.718,57.843,56.343,57.937,2654,1873,8250,OFF,MAXN_SUPER
2026-08-16 00:13:30.073785,0:10:35.780000,11,18,32,41,63,3,0.5506715174419948,0.0006572717880462801,0,18.5,OFF,115200,499200,OFF,537600,OFF,115200,OFF,OFF,OFF,OFF,OFF,39.6078431372549,56.843,-256,-256,-256,57.125,56.781,57.968,56.375,57.75,2615,1876,8133,OFF,MAXN_SUPER
2026-08-16 00:13:31.075567,0:10:36.780000,19,41,34,44,28,14,0.552379387456963,0.0006572717880462801,0,34.5,OFF,166400,499200,OFF,537600,OFF,115200,OFF,OFF,OFF,OFF,OFF,39.6078431372549,57.156,-256,-256,-256,56.906,56.656,57.968,56.281,57.968,2810,1873,8407,OFF,MAXN_SUPER
2026-08-16 00:13:32.077373,0:10:37.780000,24,39,24,11,9,62,0.5531989185886195,0.0006572717880462801,0,99.0,OFF,115200,499200,OFF,537600,OFF,115200,OFF,OFF,OFF,OFF,OFF,39.6078431372549,56.843,-256,-256,-256,57.187,56.781,57.875,56.437,57.875,2615,1837,8133,OFF,MAXN_SUPER
2026-08-16 00:13:33.078613,0:10:38.780000,19,10,8,51,43,40,0.5537765956081142,0.0006572717880462801,0,81.8,OFF,115200,499200,OFF,537600,OFF,115200,OFF,OFF,OFF,OFF,OFF,39.6078431372549,57.0,-256,-256,-256,57.062,56.75,57.781,56.343,57.875,2728,1873,8290,OFF,MAXN_SUPER
2026-08-16 00:13:34.080150,0:10:39.780000,25,55,19,23,37,32,0.5502252940376029,0.0006572717880462801,0,99.6,OFF,115200,499200,OFF,537600,OFF,115200,OFF,OFF,OFF,OFF,OFF,39.6078431372549,56.937,-256,-256,-256,56.906,56.75,57.906,56.343,57.906,2845,1873,8446,OFF,MAXN_SUPER
2026-08-16 00:13:35.080240,0:10:40.780000,13,26,38,33,42,25,0.5432854674434069,0.0006572717880462801,0,99.5,OFF,115200,499200,OFF,537600,OFF,115200,OFF,OFF,OFF,OFF,OFF,39.6078431372549,57.187,-256,-256,-256,56.875,56.656,57.906,56.406,57.906,2693,1873,8290,OFF,MAXN_SUPER
2026-08-16 00:13:36.084434,0:10:41.780000,29,27,27,30,29,66,0.53492532561728,0.0006572717880462801,0,46.6,OFF,166400,499200,OFF,537600,OFF,115200,OFF,OFF,OFF,OFF,OFF,39.6078431372549,57.0,-256,-256,-256,57.25,56.718,57.875,56.5,57.875,3001,1912,8681,OFF,MAXN_SUPER
2026-08-16 00:13:37.082155,0:10:42.780000,46,35,8,15,37,52,0.538714373374481,0.0006572717880462801,0,98.9,OFF,115200,499200,OFF,537600,OFF,115200,OFF,OFF,OFF,OFF,OFF,39.6078431372549,57.5,-256,-256,-256,57.187,56.781,58.0,56.5,58.0,3579,1912,9330,OFF,MAXN_SUPER
2026-08-16 00:13:38.084266,0:10:43.780000,27,47,39,50,76,28,0.5436598021520395,0.0006572717880462801,0,11.7,OFF,115200,499200,OFF,537600,OFF,115200,OFF,OFF,OFF,OFF,OFF,39.6078431372549,57.687,-256,-256,-256,57.812,56.968,58.062,56.781,58.062,4280,1987,10133,OFF,MAXN_SUPER
2026-08-16 00:13:39.085354,0:10:44.780000,49,48,29,39,95,19,0.5409829752163722,0.0006572717880462801,0,34.2,OFF,115200,499200,OFF,537600,OFF,115200,OFF,OFF,OFF,OFF,OFF,39.6078431372549,57.781,-256,-256,-256,57.25,57.031,58.156,56.781,58.156,3930,2182,9994,OFF,MAXN_SUPER
2026-08-16 00:13:40.086576,0:10:45.780000,12,22,43,24,14,63,0.5428551622502189,0.0006572717880462801,0,19.1,OFF,115200,499200,OFF,537600,OFF,115200,OFF,OFF,OFF,OFF,OFF,39.6078431372549,57.156,-256,-256,-256,57.406,57.093,57.968,56.687,58.0,2728,1912,8329,OFF,MAXN_SUPER
2026-08-16 00:13:41.087952,0:10:46.780000,30,35,18,34,8,68,0.5445620052838192,0.0006572717880462801,0,10.9,OFF,115200,499200,OFF,537600,OFF,115200,OFF,OFF,OFF,OFF,OFF,39.6078431372549,57.25,-256,-256,-256,57.312,57.031,58.031,56.531,58.031,2767,1873,8368,OFF,MAXN_SUPER
2026-08-16 00:13:42.088390,0:10:47.780000,12,21,37,28,26,46,0.5462503626527956,0.0006572717880462801,0,18.3,OFF,115200,499200,OFF,537600,OFF,115200,OFF,OFF,OFF,OFF,OFF,39.6078431372549,57.218,-256,-256,-256,57.281,57.0,58.156,56.625,58.25,2693,1873,8250,OFF,MAXN_SUPER
2026-08-16 00:13:43.090096,0:10:48.780000,15,29,32,26,9,64,0.5475931407914432,0.0006572717880462801,0,16.2,OFF,115200,499200,OFF,537600,OFF,115200,OFF,OFF,OFF,OFF,OFF,39.6078431372549,57.187,-256,-256,-256,56.906,57.0,58.0,56.656,58.0,2537,1837,8016,OFF,MAXN_SUPER
2026-08-16 00:13:44.091240,0:10:49.780000,42,15,30,17,3,64,0.549350305912075,0.0006572717880462801,0,10.0,OFF,115200,499200,OFF,537600,OFF,115200,OFF,OFF,OFF,OFF,OFF,39.6078431372549,57.156,-256,-256,-256,57.375,56.968,58.062,56.593,58.031,2576,1837,8016,OFF,MAXN_SUPER
2026-08-16 00:13:45.092752,0:10:50.790000,21,25,14,44,4,65,0.5510427712065233,0.0006572717880462801,0,28.5,OFF,115200,499200,OFF,537600,OFF,115200,OFF,OFF,OFF,OFF,OFF,39.6078431372549,57.0,-256,-256,-256,57.031,56.968,58.031,56.593,58.031,2537,1837,7977,OFF,MAXN_SUPER
2026-08-16 00:13:46.093977,0:10:51.790000,30,32,8,23,38,52,0.552607890811341,0.0006572717880462801,0,99.5,OFF,115200,499200,OFF,537600,OFF,115200,OFF,OFF,OFF,OFF,OFF,39.6078431372549,57.218,-256,-256,-256,57.375,57.093,58.093,56.593,58.25,2693,1873,8250,OFF,MAXN_SUPER
2026-08-16 00:13:47.094845,0:10:52.790000,15,24,45,16,41,37,0.5541596596583747,0.0006572717880462801,0,25.1,OFF,115200,499200,OFF,537600,OFF,115200,OFF,OFF,OFF,OFF,OFF,39.6078431372549,57.125,-256,-256,-256,57.281,57.0,58.062,56.593,58.062,2689,1873,8250,OFF,MAXN_SUPER
2026-08-16 00:13:48.097247,0:10:53.790000,31,14,41,27,4,55,0.5559229866672144,0.0006572717880462801,0,29.3,OFF,140800,499200,OFF,537600,OFF,115200,OFF,OFF,OFF,OFF,OFF,39.6078431372549,57.25,-256,-256,-256,57.218,57.125,58.062,56.687,58.062,2728,1873,8290,OFF,MAXN_SUPER
2026-08-16 00:13:49.096327,0:10:54.790000,23,58,54,12,5,20,0.5573890025700209,0.0006572717880462801,0,99.4,OFF,115200,499200,OFF,537600,OFF,115200,OFF,OFF,OFF,OFF,OFF,39.6078431372549,57.312,-256,-256,-256,57.531,57.125,58.125,56.781,58.125,2689,1873,8250,OFF,MAXN_SUPER
2026-08-16 00:13:50.098306,0:10:55.790000,8,64,55,9,15,23,0.5592652975293396,0.0006572717880462801,0,27.9,OFF,115200,499200,OFF,537600,OFF,115200,OFF,OFF,OFF,OFF,OFF,39.6078431372549,57.5,-256,-256,-256,57.5,57.125,58.25,56.718,58.25,2962,1912,8602,OFF,MAXN_SUPER
2026-08-16 00:13:51.098963,0:10:56.790000,19,7,50,13,58,28,0.5609326017802722,0.0006572717880462801,0,64.3,OFF,115200,499200,OFF,537600,OFF,115200,OFF,OFF,OFF,OFF,OFF,39.6078431372549,57.281,-256,-256,-256,57.593,57.156,58.281,56.687,58.281,2615,1873,8172,OFF,MAXN_SUPER
2026-08-16 00:13:52.100459,0:10:57.790000,31,31,19,23,64,27,0.5625911766895769,0.0006572717880462801,0,12.8,OFF,217600,499200,OFF,537600,OFF,115200,OFF,OFF,OFF,OFF,OFF,39.6078431372549,57.25,-256,-256,-256,57.5,57.218,58.281,56.625,58.218,2884,1912,8563,OFF,MAXN_SUPER
2026-08-16 00:13:53.101349,0:10:58.800000,24,50,33,23,43,30,0.5619683124898907,0.0006572717880462801,0,76.2,OFF,115200,499200,OFF,537600,OFF,115200,OFF,OFF,OFF,OFF,OFF,39.6078431372549,57.218,-256,-256,-256,57.312,57.062,58.281,56.75,58.281,2806,1873,8446,OFF,MAXN_SUPER
2026-08-16 00:13:54.103361,0:10:59.800000,17,58,15,17,19,57,0.5626702542549121,0.0006572717880462801,0,42.7,OFF,115200,499200,OFF,537600,OFF,115200,OFF,OFF,OFF,OFF,OFF,39.6078431372549,57.343,-256,-256,-256,57.468,57.218,58.218,56.781,58.312,2845,1952,8563,OFF,MAXN_SUPER
2026-08-16 00:13:55.104449,0:11:00.800000,38,36,17,8,57,19,0.5623195401177434,0.0006572717880462801,0,62.0,OFF,115200,499200,OFF,537600,OFF,115200,OFF,OFF,OFF,OFF,OFF,39.6078431372549,57.531,-256,-256,-256,57.437,57.125,58.125,56.781,58.125,2693,1876,8172,OFF,MAXN_SUPER
2026-08-16 00:13:56.104547,0:11:01.800000,36,25,54,28,25,27,0.5630348326405488,0.0006572717880462801,0,18.3,OFF,115200,499200,OFF,537600,OFF,115200,OFF,OFF,OFF,OFF,OFF,39.6078431372549,57.281,-256,-256,-256,57.406,57.281,58.156,56.812,58.156,2806,1912,8446,OFF,MAXN_SUPER
2026-08-16 00:13:57.106473,0:11:02.800000,28,23,32,31,54,33,0.5631359903052959,0.0006572717880462801,0,99.5,OFF,115200,499200,OFF,537600,OFF,115200,OFF,OFF,OFF,OFF,OFF,39.6078431372549,57.281,-256,-256,-256,57.312,57.187,58.25,56.812,58.25,2923,1912,8524,OFF,MAXN_SUPER
2026-08-16 00:13:58.108269,0:11:03.800000,27,26,22,9,44,65,0.5618353184027359,0.0006572717880462801,0,22.9,OFF,115200,499200,OFF,537600,OFF,115200,OFF,OFF,OFF,OFF,OFF,39.6078431372549,57.25,-256,-256,-256,57.781,57.125,58.156,56.781,58.25,2845,1873,8446,OFF,MAXN_SUPER
2026-08-16 00:13:59.108682,0:11:04.800000,20,6,19,6,54,64,0.5630358596219168,0.0006572717880462801,0,11.6,OFF,115200,499200,OFF,537600,OFF,115200,OFF,OFF,OFF,OFF,OFF,39.6078431372549,57.281,-256,-256,-256,57.531,57.281,58.187,56.812,58.187,2728,1912,8329,OFF,MAXN_SUPER
2026-08-16 00:14:00.110914,0:11:05.800000,19,13,18,7,53,64,0.561275613557181,0.0006572717880462801,0,19.6,OFF,115200,499200,OFF,537600,OFF,115200,OFF,OFF,OFF,OFF,OFF,39.6078431372549,57.468,-256,-256,-256,57.625,57.187,58.406,56.812,58.406,2654,1873,8172,OFF,MAXN_SUPER
2026-08-16 00:14:01.111068,0:11:06.800000,16,20,28,10,55,63,0.5618517501046237,0.0006572717880462801,0,21.2,OFF,115200,499200,OFF,537600,OFF,115200,OFF,OFF,OFF,OFF,OFF,39.6078431372549,57.375,-256,-256,-256,57.343,57.25,58.281,56.75,58.281,2615,1837,8055,OFF,MAXN_SUPER
2026-08-16 00:14:02.112346,0:11:07.810000,12,27,11,8,60,57,0.5622610021797679,0.0006572717880462801,0,99.4,OFF,OFF,499200,OFF,537600,OFF,115200,OFF,OFF,OFF,OFF,OFF,39.6078431372549,57.375,-256,-256,-256,57.187,57.125,58.25,56.781,58.25,2537,1837,8055,OFF,MAXN_SUPER
2026-08-16 00:14:03.114761,0:11:08.810000,26,25,12,5,65,52,0.5635796462562678,0.0006572717880462801,0,99.5,OFF,OFF,499200,OFF,537600,OFF,115200,OFF,OFF,OFF,OFF,OFF,39.6078431372549,57.25,-256,-256,-256,57.468,57.187,58.25,56.843,58.25,2615,1837,8133,OFF,MAXN_SUPER
2026-08-16 00:14:04.114428,0:11:09.810000,7,20,3,4,57,62,0.5618635603903556,0.0006572717880462801,0,61.5,OFF,OFF,499200,OFF,537600,OFF,115200,OFF,OFF,OFF,OFF,OFF,39.6078431372549,57.375,-256,-256,-256,57.531,57.125,58.281,56.75,58.281,2576,1837,8055,OFF,MAXN_SUPER
2026-08-16 00:14:05.115976,0:11:10.810000,16,29,28,4,26,52,0.5528040442526272,0.0006572717880462801,0,4.0,OFF,OFF,499200,OFF,537600,OFF,115200,OFF,OFF,OFF,OFF,OFF,39.6078431372549,57.312,-256,-256,-256,57.468,57.312,58.156,56.843,58.156,2420,1798,7781,OFF,MAXN_SUPER
2026-08-16 00:14:06.116867,0:11:11.810000,22,17,64,17,41,7,0.5547476064915492,0.0006572717880462801,0,53.2,OFF,OFF,499200,OFF,537600,OFF,115200,OFF,OFF,OFF,OFF,OFF,39.6078431372549,57.343,-256,-256,-256,57.187,57.218,58.281,56.812,58.281,2537,1798,7938,OFF,MAXN_SUPER
2026-08-16 00:14:07.118017,0:11:12.810000,11,7,28,27,24,34,0.5477569443196377,0.0006572717880462801,0,0.0,OFF,OFF,499200,OFF,537600,OFF,115200,OFF,OFF,OFF,OFF,OFF,39.6078431372549,56.906,-256,-256,-256,56.937,57.093,58.468,56.687,58.468,1412,1493,5894,OFF,MAXN_SUPER
2026-08-16 00:14:08.119659,0:11:13.810000,13,20,14,17,7,16,0.5484619670287632,0.0006572717880462801,0,0.0,OFF,OFF,499200,OFF,537600,OFF,115200,OFF,OFF,OFF,OFF,OFF,39.6078431372549,56.781,-256,-256,-256,56.562,57.093,58.281,56.406,58.281,865,1377,5038,OFF,MAXN_SUPER
2026-08-16 00:14:09.121437,0:11:14.810000,6,4,6,2,0,0,0.5484691558983391,0.0006572717880462801,0,0.0,OFF,OFF,499200,OFF,537600,OFF,115200,OFF,OFF,OFF,OFF,OFF,39.6078431372549,56.843,-256,-256,-256,56.687,56.968,58.218,56.281,58.218,592,1342,4667,OFF,MAXN_SUPER
2026-08-16 00:14:10.122315,0:11:15.820000,5,16,4,2,0,0,0.5483412967180243,0.0006572717880462801,0,0.0,OFF,OFF,499200,OFF,537600,OFF,115200,OFF,OFF,OFF,OFF,OFF,39.6078431372549,56.781,-256,-256,-256,56.5,56.906,58.093,56.343,58.093,670,1340,4738,OFF,MAXN_SUPER
2026-08-16 00:14:11.123489,0:11:16.820000,7,3,5,3,0,0,0.5482760834011569,0.0006572717880462801,0,0.0,OFF,OFF,499200,OFF,537600,OFF,115200,OFF,OFF,OFF,OFF,OFF,39.6078431372549,56.593,-256,-256,-256,56.25,56.781,58.031,56.187,58.031,592,1344,4588,OFF,MAXN_SUPER
2026-08-16 00:14:12.124493,0:11:17.820000,5,3,5,2,0,0,0.5483407832273403,0.0006572717880462801,0,0.0,OFF,OFF,499200,OFF,537600,OFF,115200,OFF,OFF,OFF,OFF,OFF,39.6078431372549,56.406,-256,-256,-256,56.343,56.718,57.875,56.25,57.875,593,1344,4588,OFF,MAXN_SUPER
2026-08-16 00:14:13.125874,0:11:18.820000,6,17,8,4,0,0,0.5483074063328806,0.0006572717880462801,0,0.0,OFF,OFF,499200,OFF,537600,OFF,115200,OFF,OFF,OFF,OFF,OFF,39.6078431372549,56.406,-256,-256,-256,56.031,56.843,57.906,56.218,57.937,631,1342,4667,OFF,MAXN_SUPER
2026-08-16 00:14:14.127374,0:11:19.820000,3,2,5,19,0,1,0.5483387292646044,0.0006572717880462801,0,0.0,OFF,OFF,499200,OFF,537600,OFF,115200,OFF,OFF,OFF,OFF,OFF,39.6078431372549,56.375,-256,-256,-256,56.187,56.687,57.812,56.062,57.812,631,1342,4699,OFF,MAXN_SUPER
2026-08-16 00:14:15.126570,0:11:20.820000,23,2,5,21,6,0,0.5399256978980259,0.0006572717880462801,0,0.0,OFF,OFF,499200,OFF,537600,OFF,115200,OFF,OFF,OFF,OFF,OFF,39.6078431372549,56.406,-256,-256,-256,56.062,56.656,57.687,56.0,57.687,749,1340,4849,OFF,MAXN_SUPER
2026-08-16 00:14:16.128241,0:11:21.820000,21,27,13,62,8,5,0.5432336048843234,0.0006572717880462801,0,0.0,OFF,OFF,499200,OFF,537600,OFF,115200,OFF,OFF,OFF,OFF,OFF,39.6078431372549,57.0,-256,-256,-256,56.343,56.718,57.812,56.093,57.812,1451,1373,5776,OFF,MAXN_SUPER
2026-08-16 00:14:17.129242,0:11:22.820000,6,27,7,100,2,0,0.5435945888351721,0.0006572717880462801,0,0.0,OFF,OFF,499200,OFF,537600,OFF,115200,OFF,OFF,OFF,OFF,OFF,39.6078431372549,57.343,-256,-256,-256,56.375,56.656,57.687,56.156,57.687,1645,1373,6002,OFF,MAXN_SUPER
2026-08-16 00:14:18.130709,0:11:23.820000,22,14,37,64,17,12,0.5437907422764583,0.0006572717880462801,0,0.0,OFF,OFF,499200,OFF,537600,OFF,115200,OFF,OFF,OFF,OFF,OFF,39.6078431372549,56.625,-256,-256,-256,56.281,56.531,57.75,56.031,57.718,1331,1373,5649,OFF,MAXN_SUPER
2026-08-16 00:14:19.132476,0:11:24.830000,3,3,35,3,1,11,0.5452033551481292,0.0006572717880462801,0,0.0,OFF,435200,499200,OFF,537600,OFF,115200,OFF,OFF,OFF,OFF,OFF,39.6078431372549,56.375,-256,-256,-256,56.187,56.625,57.593,55.875,57.593,787,1340,4928,OFF,MAXN_SUPER
2026-08-16 00:14:20.132677,0:11:25.830000,22,37,53,37,18,10,0.5746782339001415,0.0007887261456555361,0,99.7,OFF,115200,499200,OFF,537600,OFF,115200,OFF,OFF,OFF,OFF,OFF,39.6078431372549,57.531,-256,-256,-256,57.531,56.625,57.812,56.406,57.812,4350,2143,10718,OFF,MAXN_SUPER
2026-08-16 00:14:21.134628,0:11:26.830000,32,19,38,63,52,17,0.5875935515839904,0.0007887261456555361,0,99.7,OFF,115200,499200,OFF,537600,OFF,115200,OFF,OFF,OFF,OFF,OFF,39.6078431372549,57.718,-256,-256,-256,58.5,56.843,57.937,56.843,58.656,5721,3407,13884,OFF,MAXN_SUPER
2026-08-16 00:14:22.135458,0:11:27.830000,25,40,8,23,24,38,0.5885183483058659,0.0007887261456555361,0,85.4,OFF,115200,499200,OFF,537600,OFF,115200,OFF,OFF,OFF,OFF,OFF,39.6078431372549,57.593,-256,-256,-256,58.5,57.218,58.0,57.0,58.5,5518,3717,13845,OFF,MAXN_SUPER
2026-08-16 00:14:23.137738,0:11:28.830000,14,33,22,12,20,55,0.5896839721585351,0.0007887261456555361,0,34.0,OFF,115200,499200,OFF,537600,OFF,115200,OFF,OFF,OFF,OFF,OFF,39.6078431372549,58.031,-256,-256,-256,58.875,57.218,58.156,57.218,58.875,5750,3826,14326,OFF,MAXN_SUPER
2026-08-16 00:14:24.138703,0:11:29.830000,10,28,45,17,41,9,0.5902827022960736,0.0007887261456555361,0,99.7,OFF,115200,499200,OFF,537600,OFF,115200,OFF,OFF,OFF,OFF,OFF,39.6078431372549,58.25,-256,-256,-256,59.531,57.468,58.312,57.5,59.531,6395,3974,15153,OFF,MAXN_SUPER
2026-08-16 00:14:25.139842,0:11:30.830000,34,13,30,21,34,32,0.5914929998382504,0.0007887261456555361,0,76.2,OFF,115200,499200,OFF,537600,OFF,115200,OFF,OFF,OFF,OFF,OFF,39.6078431372549,58.5,-256,-256,-256,59.062,57.562,58.562,57.656,58.875,6203,3865,14868,OFF,MAXN_SUPER
2026-08-16 00:14:26.141282,0:11:31.830000,8,7,13,48,60,9,0.592519467715557,0.0007887261456555361,0,17.1,OFF,115200,499200,OFF,537600,OFF,115200,OFF,OFF,OFF,OFF,OFF,42.745098039215684,58.562,-256,-256,-256,58.843,57.718,58.562,57.656,58.843,5981,3788,14403,OFF,MAXN_SUPER
2026-08-16 00:14:27.142535,0:11:32.840000,12,19,16,46,7,63,0.5937004962887461,0.0007887261456555361,0,99.5,OFF,115200,499200,OFF,537600,OFF,115200,OFF,OFF,OFF,OFF,OFF,42.745098039215684,58.468,-256,-256,-256,59.218,57.875,58.718,57.812,59.218,5827,3826,14365,OFF,MAXN_SUPER
2026-08-16 00:14:28.143266,0:11:33.840000,14,19,26,31,0,64,0.5947510982282004,0.0007887261456555361,0,99.6,OFF,115200,499200,OFF,537600,OFF,115200,OFF,OFF,OFF,OFF,OFF,42.745098039215684,58.625,-256,-256,-256,59.312,57.843,58.875,57.906,59.312,5788,3865,14365,OFF,MAXN_SUPER
2026-08-16 00:14:29.143886,0:11:34.840000,38,30,6,14,2,63,0.5956353291860402,0.0007887261456555361,0,99.7,OFF,166400,499200,OFF,537600,OFF,115200,OFF,OFF,OFF,OFF,OFF,42.745098039215684,58.843,-256,-256,-256,59.937,58.125,58.843,58.125,60.187,5933,3904,14636,OFF,MAXN_SUPER
2026-08-16 00:14:30.144908,0:11:35.840000,8,48,17,24,4,50,0.5967958181318695,0.0007887261456555361,0,99.8,OFF,115200,499200,OFF,537600,OFF,115200,OFF,OFF,OFF,OFF,OFF,42.745098039215684,58.718,-256,-256,-256,60.25,58.125,58.906,58.093,60.25,5750,3865,14287,OFF,MAXN_SUPER
2026-08-16 00:14:31.147861,0:11:36.840000,10,34,33,7,20,47,0.5977011022077532,0.0007887261456555361,0,99.8,OFF,115200,499200,OFF,537600,OFF,115200,OFF,OFF,OFF,OFF,OFF,42.745098039215684,58.718,-256,-256,-256,59.937,58.343,59.062,58.25,59.937,5750,3826,14365,OFF,MAXN_SUPER
2026-08-16 00:14:32.148132,0:11:37.840000,11,19,19,31,14,65,0.5988898331412023,0.0007887261456555361,0,99.8,OFF,115200,499200,OFF,537600,OFF,115200,OFF,OFF,OFF,OFF,OFF,42.745098039215684,58.812,-256,-256,-256,59.937,58.375,59.093,58.375,59.937,5557,3788,14094,OFF,MAXN_SUPER
2026-08-16 00:14:33.149383,0:11:38.840000,33,14,5,22,18,65,0.5974191958222398,0.0007887261456555361,0,14.0,OFF,115200,499200,OFF,537600,OFF,115200,OFF,OFF,OFF,OFF,OFF,42.745098039215684,59.187,-256,-256,-256,59.531,58.468,59.125,58.468,59.531,5402,3755,13807,OFF,MAXN_SUPER
2026-08-16 00:14:34.150582,0:11:39.840000,40,13,20,4,19,64,0.5989468306071257,0.0007887261456555361,0,17.4,OFF,115200,499200,OFF,537600,OFF,115200,OFF,OFF,OFF,OFF,OFF,42.745098039215684,59.156,-256,-256,-256,59.562,58.5,59.468,58.593,59.562,5595,3788,14016,OFF,MAXN_SUPER
2026-08-16 00:14:35.150174,0:11:40.850000,49,9,10,6,59,16,0.5994772664836928,0.0007887261456555361,0,99.5,OFF,166400,499200,OFF,537600,OFF,115200,OFF,OFF,OFF,OFF,OFF,42.745098039215684,59.156,-256,-256,-256,59.687,58.593,59.468,58.562,59.687,5634,3794,14055,OFF,MAXN_SUPER
2026-08-16 00:14:36.153049,0:11:41.850000,27,21,15,23,53,6,0.6006618894916699,0.0007887261456555361,0,99.8,OFF,115200,499200,OFF,537600,OFF,115200,OFF,OFF,OFF,OFF,OFF,44.31372549019608,59.625,-256,-256,-256,60.562,58.656,59.5,58.75,60.562,5894,3904,14597,OFF,MAXN_SUPER
2026-08-16 00:14:37.152242,0:11:42.850000,33,25,22,7,41,25,0.6008837174671559,0.0007887261456555361,0,99.7,OFF,115200,499200,OFF,537600,OFF,115200,OFF,OFF,OFF,OFF,OFF,44.31372549019608,59.468,-256,-256,-256,60.593,58.718,59.625,58.75,60.906,5933,3904,14558,OFF,MAXN_SUPER
2026-08-16 00:14:38.153724,0:11:43.850000,14,25,28,9,44,53,0.6024678362272813,0.0007887261456555361,0,99.4,OFF,115200,499200,OFF,537600,OFF,115200,OFF,OFF,OFF,OFF,OFF,44.31372549019608,59.593,-256,-256,-256,60.843,58.875,59.687,58.968,60.843,6395,3974,15153,OFF,MAXN_SUPER
2026-08-16 00:14:39.154557,0:11:44.850000,9,44,26,17,35,27,0.60347273749586,0.0007887261456555361,0,99.6,OFF,115200,499200,OFF,537600,OFF,115200,OFF,OFF,OFF,OFF,OFF,44.31372549019608,59.968,-256,-256,-256,60.968,58.968,59.75,59.093,60.968,6395,3936,15114,OFF,MAXN_SUPER
2026-08-16 00:14:40.156400,0:11:45.850000,17,32,12,31,21,31,0.6036103529991708,0.0007887261456555361,0,99.6,OFF,115200,499200,OFF,537600,OFF,115200,OFF,OFF,OFF,OFF,OFF,44.31372549019608,59.875,-256,-256,-256,60.875,59.062,59.875,59.156,60.562,6318,3936,15075,OFF,MAXN_SUPER
2026-08-16 00:14:41.158686,0:11:46.850000,9,55,10,25,1,49,0.6048134616717716,0.0007887261456555361,0,99.7,OFF,153600,499200,OFF,537600,OFF,115200,OFF,OFF,OFF,OFF,OFF,44.31372549019608,60.156,-256,-256,-256,61.156,59.031,59.843,59.218,61.156,6125,3904,14843,OFF,MAXN_SUPER
2026-08-16 00:14:42.159695,0:11:47.850000,19,20,27,32,48,2,0.606077675735768,0.0007887261456555361,0,99.7,OFF,115200,499200,OFF,537600,OFF,115200,OFF,OFF,OFF,OFF,OFF,44.31372549019608,59.906,-256,-256,-256,60.906,59.281,59.968,59.187,60.906,5827,3865,14442,OFF,MAXN_SUPER
2026-08-16 00:14:43.160380,0:11:48.850000,11,10,61,10,50,1,0.6072304623213374,0.0007887261456555361,0,40.6,OFF,115200,499200,OFF,537600,OFF,115200,OFF,OFF,OFF,OFF,OFF,44.31372549019608,59.875,-256,-256,-256,60.843,59.406,60.062,59.25,60.843,5557,3788,14016,OFF,MAXN_SUPER
2026-08-16 00:14:44.162083,0:11:49.860000,20,29,25,25,44,4,0.6081742581985207,0.0007887261456555361,0,30.7,OFF,115200,499200,OFF,537600,OFF,115200,OFF,OFF,OFF,OFF,OFF,44.31372549019608,59.875,-256,-256,-256,60.937,59.5,60.187,59.312,60.937,5750,3826,14287,OFF,MAXN_SUPER
2026-08-16 00:14:45.165681,0:11:50.860000,16,44,10,16,46,15,0.6076345794896416,0.0007887261456555361,0,63.0,OFF,115200,499200,OFF,537600,OFF,115200,OFF,OFF,OFF,OFF,OFF,44.31372549019608,60.093,-256,-256,-256,60.968,59.406,60.343,59.531,60.968,5904,3826,14442,OFF,MAXN_SUPER
2026-08-16 00:14:46.163952,0:11:51.860000,8,50,21,17,5,62,0.6068191562834572,0.0007887261456555361,0,28.5,OFF,115200,499200,OFF,537600,OFF,115200,OFF,OFF,OFF,OFF,OFF,46.27450980392157,60.062,-256,-256,-256,61.187,59.656,60.406,59.531,61.0,5634,3788,14132,OFF,MAXN_SUPER
2026-08-16 00:14:47.165666,0:11:52.860000,13,4,49,17,2,67,0.6078410027446077,0.0008544533244601642,0,11.8,OFF,115200,499200,OFF,537600,OFF,115200,OFF,OFF,OFF,OFF,OFF,46.27450980392157,60.187,-256,-256,-256,60.75,59.656,60.468,59.562,60.75,5364,3755,13706,OFF,MAXN_SUPER
2026-08-16 00:14:48.166875,0:11:53.860000,30,19,24,17,55,9,0.6062075888788188,0.0009201805032647922,0,52.5,OFF,115200,499200,OFF,537600,OFF,115200,OFF,OFF,OFF,OFF,OFF,46.27450980392157,60.156,-256,-256,-256,60.843,59.656,60.468,59.656,60.843,5595,3788,14094,OFF,MAXN_SUPER
2026-08-16 00:14:49.168639,0:11:54.860000,12,55,24,31,39,6,0.6079678349435546,0.0009201805032647922,0,15.5,OFF,115200,499200,OFF,537600,OFF,115200,OFF,OFF,OFF,OFF,OFF,46.27450980392157,60.343,-256,-256,-256,61.687,59.906,60.562,59.843,61.468,6048,3826,14636,OFF,MAXN_SUPER
2026-08-16 00:14:50.168660,0:11:55.860000,30,25,32,4,12,45,0.6069480424451399,0.0009201805032647922,0,99.7,OFF,115200,499200,OFF,537600,OFF,115200,OFF,OFF,OFF,OFF,OFF,46.27450980392157,60.531,-256,-256,-256,62.093,59.843,60.656,60.031,61.937,6615,4013,15539,OFF,MAXN_SUPER
2026-08-16 00:14:51.170006,0:11:56.860000,34,54,4,6,13,47,0.6088140675907787,0.0009201805032647922,0,99.6,OFF,115200,499200,OFF,537600,OFF,115200,OFF,OFF,OFF,OFF,OFF,46.27450980392157,60.75,-256,-256,-256,61.875,60.156,60.718,60.125,61.875,6500,3974,15346,OFF,MAXN_SUPER
2026-08-16 00:14:52.170993,0:11:57.860000,33,31,17,14,16,46,0.6088459040131864,0.0009859076820694203,0,10.3,OFF,115200,499200,OFF,537600,OFF,115200,OFF,OFF,OFF,OFF,OFF,46.27450980392157,60.906,-256,-256,-256,61.312,60.156,60.937,60.125,61.312,6203,3820,14766,OFF,MAXN_SUPER
2026-08-16 00:14:53.172873,0:11:58.870000,11,17,32,36,4,50,0.6081629614034727,0.0009859076820694203,0,14.7,OFF,115200,499200,OFF,537600,OFF,115200,OFF,OFF,OFF,OFF,OFF,46.27450980392157,61.031,-256,-256,-256,61.156,60.187,61.062,60.156,61.406,5933,3788,14481,OFF,MAXN_SUPER
2026-08-16 00:14:54.173348,0:11:59.870000,19,31,40,19,48,16,0.6088813348703821,0.0009859076820694203,0,70.4,OFF,115200,499200,OFF,537600,OFF,115200,OFF,OFF,OFF,OFF,OFF,46.27450980392157,60.812,-256,-256,-256,61.312,60.281,61.125,60.281,61.312,5894,3826,14442,OFF,MAXN_SUPER
2026-08-16 00:14:55.174728,0:12:00.870000,27,26,7,48,43,6,0.6073470247066043,0.0009859076820694203,0,17.0,OFF,115200,499200,OFF,537600,OFF,115200,OFF,OFF,OFF,OFF,OFF,46.27450980392157,61.125,-256,-256,-256,61.968,60.375,61.031,60.406,61.968,6318,3936,15153,OFF,MAXN_SUPER
2026-08-16 00:14:56.174924,0:12:01.870000,13,29,47,37,17,6,0.6086851814290959,0.0009859076820694203,0,29.8,OFF,115200,499200,OFF,537600,OFF,115200,OFF,OFF,OFF,OFF,OFF,46.27450980392157,61.187,-256,-256,-256,61.843,60.406,61.25,60.531,61.625,6500,3936,15269,OFF,MAXN_SUPER
2026-08-16 00:14:57.175784,0:12:02.870000,13,7,9,64,13,44,0.6088515524107104,0.0009859076820694203,0,56.5,OFF,115200,499200,OFF,537600,OFF,115200,OFF,OFF,OFF,OFF,OFF,46.27450980392157,61.125,-256,-256,-256,61.937,60.531,61.218,60.5,61.75,5971,3826,14520,OFF,MAXN_SUPER
2026-08-16 00:14:58.177002,0:12:03.870000,33,6,28,27,11,44,0.6102805969842692,0.0009859076820694203,0,99.6,OFF,128000,499200,OFF,537600,OFF,115200,OFF,OFF,OFF,OFF,OFF,46.27450980392157,61.218,-256,-256,-256,62.531,60.687,61.343,60.718,62.75,5971,3904,14689,OFF,MAXN_SUPER
2026-08-16 00:14:59.180303,0:12:04.870000,26,5,26,41,4,48,0.6112279872962405,0.0009859076820694203,0,99.7,OFF,140800,499200,OFF,537600,OFF,115200,OFF,OFF,OFF,OFF,OFF,46.27450980392157,61.406,-256,-256,-256,62.812,60.656,61.375,60.656,62.812,5894,3865,14558,OFF,MAXN_SUPER
2026-08-16 00:15:00.181447,0:12:05.880000,11,11,14,47,12,48,0.6111478827495372,0.0009859076820694203,0,99.7,OFF,153600,499200,OFF,537600,OFF,115200,OFF,OFF,OFF,OFF,OFF,46.27450980392157,61.406,-256,-256,-256,62.593,60.718,61.406,60.718,62.593,5933,3942,14689,OFF,MAXN_SUPER
2026-08-16 00:15:01.181940,0:12:06.880000,7,2,20,18,65,46,0.6111412073706453,0.0010516348608740483,0,99.7,OFF,115200,499200,OFF,537600,OFF,115200,OFF,OFF,OFF,OFF,OFF,46.27450980392157,61.281,-256,-256,-256,62.5,60.906,61.656,60.687,62.5,5894,3904,14636,OFF,MAXN_SUPER
2026-08-16 00:15:02.181449,0:12:07.880000,6,4,12,15,63,48,0.6100382293814235,0.0010516348608740483,0,99.8,OFF,115200,499200,OFF,537600,OFF,115200,OFF,OFF,OFF,OFF,OFF,46.27450980392157,61.406,-256,-256,-256,62.468,60.906,61.781,60.843,62.468,5634,3826,14210,OFF,MAXN_SUPER
2026-08-16 00:15:03.183923,0:12:08.880000,19,29,18,17,27,48,0.6114498152717265,0.0010516348608740483,0,15.3,OFF,115200,499200,OFF,537600,OFF,115200,OFF,OFF,OFF,OFF,OFF,46.27450980392157,61.75,-256,-256,-256,62.187,60.968,61.656,60.875,62.187,5557,3749,14055,OFF,MAXN_SUPER
2026-08-16 00:15:04.184328,0:12:09.880000,9,45,17,23,9,46,0.6121040024031364,0.0010516348608740483,0,16.0,OFF,115200,499200,OFF,537600,OFF,115200,OFF,OFF,OFF,OFF,OFF,46.27450980392157,61.437,-256,-256,-256,61.906,61.0,61.781,60.937,61.906,5441,3749,13823,OFF,MAXN_SUPER
2026-08-16 00:15:05.186200,0:12:10.880000,6,63,7,14,20,33,0.6121676752479518,0.0011173620396786764,0,61.1,OFF,115200,499200,OFF,537600,OFF,115200,OFF,OFF,OFF,OFF,OFF,46.27450980392157,61.625,-256,-256,-256,62.125,61.187,61.75,61.031,62.125,5634,3788,14132,OFF,MAXN_SUPER
2026-08-16 00:15:06.185681,0:12:11.880000,30,10,46,19,46,10,0.611922226701002,0.0011173620396786764,0,99.6,OFF,115200,499200,OFF,537600,OFF,115200,OFF,OFF,OFF,OFF,OFF,46.27450980392157,61.875,-256,-256,-256,62.843,61.062,61.812,61.125,62.843,5933,3904,14636,OFF,MAXN_SUPER
2026-08-16 00:15:07.189120,0:12:12.880000,17,46,6,17,1,54,0.6115627832222054,0.0011173620396786764,0,99.5,OFF,115200,499200,OFF,537600,OFF,115200,OFF,OFF,OFF,OFF,OFF,46.27450980392157,62.031,-256,-256,-256,62.937,61.125,61.843,61.25,62.937,6241,3974,15075,OFF,MAXN_SUPER
2026-08-16 00:15:08.189499,0:12:13.880000,32,18,9,42,49,14,0.6114939754705501,0.0011173620396786764,0,61.5,OFF,115200,499200,OFF,537600,OFF,115200,OFF,OFF,OFF,OFF,OFF,46.27450980392157,62.0,-256,-256,-256,63.281,61.406,61.906,61.375,63.281,6423,3936,15230,OFF,MAXN_SUPER
2026-08-16 00:15:09.190793,0:12:14.880000,5,48,8,3,63,22,0.6120598422043128,0.0011173620396786764,0,15.8,OFF,115200,499200,OFF,537600,OFF,115200,OFF,OFF,OFF,OFF,OFF,46.27450980392157,61.812,-256,-256,-256,62.968,61.531,62.0,61.468,63.187,5933,3826,14481,OFF,MAXN_SUPER
2026-08-16 00:15:10.191715,0:12:15.890000,5,46,8,5,65,20,0.6124085023787456,0.0011830892184833042,0,15.7,OFF,115200,499200,OFF,537600,OFF,115200,OFF,OFF,OFF,OFF,OFF,46.27450980392157,61.75,-256,-256,-256,62.718,61.468,62.125,61.312,62.656,5480,3755,13784,OFF,MAXN_SUPER
2026-08-16 00:15:11.193319,0:12:16.890000,33,8,8,20,46,49,0.6115879442657212,0.0011830892184833042,0,18.0,OFF,115200,499200,OFF,537600,OFF,115200,OFF,OFF,OFF,OFF,OFF,46.27450980392157,62.281,-256,-256,-256,63.187,61.562,62.312,61.437,63.187,6010,3865,14597,OFF,MAXN_SUPER
2026-08-16 00:15:12.194443,0:12:17.890000,30,35,15,7,24,45,0.6130436903548477,0.0011830892184833042,0,12.3,OFF,115200,499200,OFF,537600,OFF,115200,OFF,OFF,OFF,OFF,OFF,49.411764705882355,62.25,-256,-256,-256,62.625,61.593,62.187,61.562,62.625,5480,3749,13861,OFF,MAXN_SUPER
2026-08-16 00:15:13.195356,0:12:18.890000,40,25,13,24,32,32,0.6130241777088559,0.0011830892184833042,0,82.4,OFF,115200,499200,OFF,537600,OFF,115200,OFF,OFF,OFF,OFF,OFF,49.411764705882355,62.156,-256,-256,-256,62.843,61.562,62.312,61.625,62.843,5702,3826,14287,OFF,MAXN_SUPER
2026-08-16 00:15:14.196721,0:12:19.890000,13,47,11,11,63,3,0.6145251109781741,0.0011830892184833042,0,99.5,OFF,230400,499200,OFF,537600,OFF,115200,OFF,OFF,OFF,OFF,OFF,49.411764705882355,62.281,-256,-256,-256,62.968,61.687,62.281,61.656,62.968,5779,3865,14442,OFF,MAXN_SUPER
2026-08-16 00:15:15.198567,0:12:20.890000,15,48,18,10,40,27,0.6137091742813056,0.0011830892184833042,0,99.7,OFF,115200,499200,OFF,537600,OFF,115200,OFF,OFF,OFF,OFF,OFF,49.411764705882355,62.281,-256,-256,-256,63.343,61.812,62.343,61.687,63.343,5856,3904,14558,OFF,MAXN_SUPER
2026-08-16 00:15:16.198891,0:12:21.890000,52,6,18,10,7,64,0.6111915294576769,0.0011830892184833042,0,99.7,OFF,115200,499200,OFF,537600,OFF,115200,OFF,OFF,OFF,OFF,OFF,49.411764705882355,62.343,-256,-256,-256,63.187,61.781,62.375,61.625,63.437,5634,3865,14248,OFF,MAXN_SUPER
2026-08-16 00:15:17.200500,0:12:22.890000,14,44,22,5,13,49,0.612682706403999,0.0011830892184833042,0,5.2,OFF,115200,499200,OFF,537600,OFF,115200,OFF,OFF,OFF,OFF,OFF,49.411764705882355,62.281,-256,-256,-256,63.343,61.843,62.406,61.75,63.343,5441,3788,13861,OFF,MAXN_SUPER
2026-08-16 00:15:18.202299,0:12:23.890000,17,37,18,20,54,14,0.6138226557224685,0.0011830892184833042,0,9.6,OFF,115200,499200,OFF,537600,OFF,115200,OFF,OFF,OFF,OFF,OFF,49.411764705882355,62.375,-256,-256,-256,62.781,61.906,62.531,61.656,62.781,5402,3749,13823,OFF,MAXN_SUPER
2026-08-16 00:15:19.202693,0:12:24.900000,21,31,19,9,0,63,0.614206746754097,0.0011830892184833042,0,97.8,OFF,115200,499200,OFF,537600,OFF,115200,OFF,OFF,OFF,OFF,OFF,49.411764705882355,62.687,-256,-256,-256,63.062,61.937,62.718,61.968,63.218,5702,3826,14210,OFF,MAXN_SUPER
2026-08-16 00:15:20.203078,0:12:25.900000,15,44,18,15,10,55,0.6136917155980498,0.0011830892184833042,0,65.8,OFF,115200,499200,OFF,537600,OFF,115200,OFF,OFF,OFF,OFF,OFF,49.411764705882355,62.562,-256,-256,-256,63.343,62.0,62.5,62.031,63.343,5856,3865,14403,OFF,MAXN_SUPER
2026-08-16 00:15:21.204645,0:12:26.900000,27,8,31,27,10,67,0.6140973732384061,0.0011830892184833042,0,63.0,OFF,115200,499200,OFF,537600,OFF,115200,OFF,OFF,OFF,OFF,OFF,49.411764705882355,62.625,-256,-256,-256,63.0,61.968,62.718,62.0,63.0,5894,3865,14418,OFF,MAXN_SUPER
2026-08-16 00:15:22.205928,0:12:27.900000,37,6,6,13,52,33,0.6152583756749194,0.0011830892184833042,0,99.5,OFF,115200,499200,OFF,537600,OFF,115200,OFF,OFF,OFF,OFF,OFF,49.411764705882355,62.718,-256,-256,-256,63.406,61.968,62.843,62.0,63.406,5779,3904,14403,OFF,MAXN_SUPER
2026-08-16 00:15:23.207500,0:12:28.900000,24,46,9,8,29,46,0.6160188553779163,0.0011830892184833042,0,99.8,OFF,115200,499200,OFF,537600,OFF,115200,OFF,OFF,OFF,OFF,OFF,49.411764705882355,62.812,-256,-256,-256,63.75,62.093,62.75,62.093,63.75,5933,3936,14650,OFF,MAXN_SUPER
2026-08-16 00:15:24.207139,0:12:29.900000,8,11,46,6,12,64,0.6152373225568755,0.0011830892184833042,0,99.7,OFF,115200,499200,OFF,537600,OFF,115200,OFF,OFF,OFF,OFF,OFF,49.411764705882355,62.75,-256,-256,-256,63.937,62.125,62.812,62.187,63.843,5933,3936,14689,OFF,MAXN_SUPER
2026-08-16 00:15:25.209051,0:12:30.900000,25,20,29,8,13,63,0.6154560695882575,0.0012488163972879322,0,99.8,OFF,115200,499200,OFF,537600,OFF,115200,OFF,OFF,OFF,OFF,OFF,49.411764705882355,62.687,-256,-256,-256,63.937,62.25,62.75,62.187,63.937,5634,3826,14132,OFF,MAXN_SUPER
2026-08-16 00:15:26.210374,0:12:31.900000,14,29,27,20,34,44,0.6155900906567803,0.0012488163972879322,0,99.8,OFF,115200,499200,OFF,537600,OFF,115200,OFF,OFF,OFF,OFF,OFF,49.411764705882355,62.687,-256,-256,-256,63.656,62.25,62.812,62.156,63.968,5663,3826,14248,OFF,MAXN_SUPER
2026-08-16 00:15:27.211434,0:12:32.910000,6,50,3,18,64,6,0.6159623714026768,0.0013145435760925602,0,10.6,OFF,115200,499200,OFF,537600,OFF,115200,OFF,OFF,OFF,OFF,OFF,49.411764705882355,62.906,-256,-256,-256,63.718,62.187,62.843,62.125,63.718,5518,3788,13977,OFF,MAXN_SUPER
2026-08-16 00:15:28.212573,0:12:33.910000,31,36,5,16,16,56,0.6164409447201604,0.0013145435760925602,0,35.6,OFF,115200,499200,OFF,537600,OFF,115200,OFF,OFF,OFF,OFF,OFF,49.411764705882355,62.875,-256,-256,-256,63.437,62.281,63.0,62.312,63.437,5595,3788,14055,OFF,MAXN_SUPER
2026-08-16 00:15:29.213506,0:12:34.910000,18,44,21,21,36,30,0.6153040763457949,0.0013802707548971882,0,12.3,OFF,140800,499200,OFF,537600,OFF,115200,OFF,OFF,OFF,OFF,OFF,49.411764705882355,63.093,-256,-256,-256,64.062,62.281,63.0,62.5,64.062,6164,3936,14882,OFF,MAXN_SUPER
2026-08-16 00:15:30.213616,0:12:35.910000,14,66,45,13,13,16,0.6153384802216226,0.0013802707548971882,0,99.7,OFF,115200,499200,OFF,537600,OFF,115200,OFF,OFF,OFF,OFF,OFF,49.411764705882355,63.156,-256,-256,-256,64.25,62.5,62.968,62.562,64.25,6577,3974,15462,OFF,MAXN_SUPER
2026-08-16 00:15:31.216147,0:12:36.910000,19,54,38,16,5,11,0.6160383680239081,0.0014459979337018162,0,99.5,OFF,115200,499200,OFF,537600,OFF,115200,OFF,OFF,OFF,OFF,OFF,49.411764705882355,63.375,-256,-256,-256,63.937,62.593,63.125,62.531,63.937,6500,3974,15307,OFF,MAXN_SUPER
2026-08-16 00:15:32.217007,0:12:37.910000,12,33,47,7,16,32,0.6172686917027608,0.0014459979337018162,0,9.3,OFF,115200,499200,OFF,537600,OFF,115200,OFF,OFF,OFF,OFF,OFF,49.411764705882355,63.562,-256,-256,-256,63.906,62.562,63.281,62.531,63.906,6087,3859,14650,OFF,MAXN_SUPER
2026-08-16 00:15:33.218457,0:12:38.910000,18,7,37,20,48,30,0.6166817718509542,0.0014459979337018162,0,37.0,OFF,115200,499200,OFF,537600,OFF,115200,OFF,OFF,OFF,OFF,OFF,49.411764705882355,63.406,-256,-256,-256,63.562,62.562,63.281,62.531,63.562,5634,3788,14132,OFF,MAXN_SUPER
2026-08-16 00:15:34.219344,0:12:39.910000,13,27,35,4,54,10,0.6170781866589985,0.0014459979337018162,0,99.6,OFF,140800,499200,OFF,537600,OFF,115200,OFF,OFF,OFF,OFF,OFF,49.411764705882355,63.093,-256,-256,-256,64.25,62.562,63.25,62.625,63.968,5856,3904,14573,OFF,MAXN_SUPER
2026-08-16 00:15:35.221687,0:12:40.910000,24,22,32,4,41,35,0.6173765247463998,0.0015117251125064443,0,99.7,OFF,115200,499200,OFF,537600,OFF,115200,OFF,OFF,OFF,OFF,OFF,49.411764705882355,63.343,-256,-256,-256,64.375,62.687,63.343,62.562,64.5,5894,3897,14611,OFF,MAXN_SUPER
2026-08-16 00:15:36.222309,0:12:41.920000,50,10,8,16,0,63,0.6178710162750872,0.0015117251125064443,0,99.8,OFF,115200,499200,OFF,537600,OFF,115200,OFF,OFF,OFF,OFF,OFF,49.411764705882355,63.218,-256,-256,-256,64.437,62.625,63.375,62.656,64.437,5663,3865,14248,OFF,MAXN_SUPER
2026-08-16 00:15:37.223365,0:12:42.920000,24,41,6,8,0,62,0.6188384327237343,0.0015117251125064443,0,7.5,OFF,115200,499200,OFF,537600,OFF,115200,OFF,OFF,OFF,OFF,OFF,49.411764705882355,63.312,-256,-256,-256,63.625,62.781,63.312,62.593,63.625,5248,3717,13513,OFF,MAXN_SUPER
2026-08-16 00:15:38.224253,0:12:43.920000,15,37,14,17,18,64,0.6183639673317227,0.0015117251125064443,0,8.2,OFF,115200,499200,OFF,537600,OFF,115200,OFF,OFF,OFF,OFF,OFF,49.411764705882355,63.187,-256,-256,-256,63.781,62.843,63.281,62.625,63.781,5518,3788,13900,OFF,MAXN_SUPER
2026-08-16 00:15:39.225637,0:12:44.920000,52,15,7,9,12,53,0.6167706057392853,0.0017089066489203283,0,99.5,OFF,115200,499200,OFF,537600,OFF,115200,OFF,OFF,OFF,OFF,OFF,49.411764705882355,63.281,-256,-256,-256,63.906,62.781,63.343,62.843,63.906,5663,3826,14210,OFF,MAXN_SUPER
2026-08-16 00:15:40.226865,0:12:45.920000,20,48,5,38,35,13,0.6185570398289049,0.0017089066489203283,0,40.0,OFF,115200,499200,OFF,537600,OFF,115200,OFF,OFF,OFF,OFF,OFF,49.411764705882355,63.781,-256,-256,-256,63.968,62.875,63.531,62.843,63.968,6048,3865,14650,OFF,MAXN_SUPER
2026-08-16 00:15:41.227925,0:12:46.920000,6,50,12,8,21,53,0.6175998931939377,0.0017089066489203283,0,16.2,OFF,115200,499200,OFF,537600,OFF,115200,OFF,OFF,OFF,OFF,OFF,49.411764705882355,63.562,-256,-256,-256,63.875,62.906,63.593,62.906,63.875,5894,3826,14418,OFF,MAXN_SUPER
2026-08-16 00:15:42.229530,0:12:47.920000,8,48,7,20,64,13,0.6183752641267706,0.0017089066489203283,0,17.3,OFF,115200,499200,OFF,537600,OFF,115200,OFF,OFF,OFF,OFF,OFF,49.411764705882355,63.625,-256,-256,-256,63.906,63.093,63.531,62.937,63.906,5702,3788,14210,OFF,MAXN_SUPER
2026-08-16 00:15:43.230366,0:12:48.920000,11,8,8,48,46,33,0.6185513914313809,0.0017089066489203283,0,46.2,OFF,115200,499200,OFF,537600,OFF,115200,OFF,OFF,OFF,OFF,OFF,49.411764705882355,63.562,-256,-256,-256,63.937,63.0,63.531,63.0,63.937,5663,3826,14326,OFF,MAXN_SUPER
2026-08-16 00:15:44.231510,0:12:49.930000,12,24,61,13,25,15,0.6192487117802465,0.0017089066489203283,0,11.7,OFF,115200,499200,OFF,537600,OFF,115200,OFF,OFF,OFF,OFF,OFF,49.411764705882355,63.875,-256,-256,-256,64.312,63.031,63.687,63.0,64.312,5933,3826,14496,OFF,MAXN_SUPER
2026-08-16 00:15:45.232713,0:12:50.930000,38,22,14,27,59,15,0.6197796611474976,0.0017089066489203283,0,13.9,OFF,115200,499200,OFF,537600,OFF,115200,OFF,OFF,OFF,OFF,OFF,49.411764705882355,63.687,-256,-256,-256,63.968,63.093,63.625,63.062,64.125,5817,3826,14365,OFF,MAXN_SUPER
2026-08-16 00:15:46.233926,0:12:51.930000,10,5,10,48,47,28,0.6202654233345571,0.0017089066489203283,0,30.1,OFF,115200,499200,OFF,537600,OFF,115200,OFF,OFF,OFF,OFF,OFF,49.411764705882355,63.937,-256,-256,-256,64.25,63.093,63.812,63.062,64.25,5702,3826,14210,OFF,MAXN_SUPER
2026-08-16 00:15:47.235118,0:12:52.930000,26,18,8,34,11,66,0.6201560498188662,0.0017089066489203283,0,8.2,OFF,115200,499200,OFF,537600,OFF,115200,OFF,OFF,OFF,OFF,OFF,49.411764705882355,63.656,-256,-256,-256,64.093,63.125,63.781,63.156,64.093,5817,3826,14326,OFF,MAXN_SUPER
2026-08-16 00:15:48.236083,0:12:53.930000,35,8,20,14,32,50,0.6220867747906884,0.0017089066489203283,0,99.5,OFF,115200,499200,OFF,537600,OFF,115200,OFF,OFF,OFF,OFF,OFF,49.411764705882355,63.625,-256,-256,-256,64.531,63.218,63.781,63.125,64.531,5740,3865,14380,OFF,MAXN_SUPER
2026-08-16 00:15:49.236423,0:12:54.930000,33,20,6,14,64,10,0.6214859906904139,0.0017746338277249564,0,99.7,OFF,115200,499200,OFF,537600,OFF,115200,OFF,OFF,OFF,OFF,OFF,49.411764705882355,63.906,-256,-256,-256,64.687,63.25,63.781,63.25,64.687,5856,3897,14573,OFF,MAXN_SUPER
2026-08-16 00:15:50.238239,0:12:55.930000,13,13,21,52,29,30,0.6226192646299914,0.0017746338277249564,0,99.8,OFF,115200,499200,OFF,537600,OFF,115200,OFF,OFF,OFF,OFF,OFF,49.411764705882355,64.031,-256,-256,-256,64.937,63.25,63.781,63.25,64.937,6087,3974,14921,OFF,MAXN_SUPER
2026-08-16 00:15:51.240105,0:12:56.930000,24,62,13,30,2,16,0.6228400656241094,0.0017746338277249564,0,28.4,OFF,115200,499200,OFF,537600,OFF,115200,OFF,OFF,OFF,OFF,OFF,49.411764705882355,64.062,-256,-256,-256,65.093,63.468,63.875,63.468,65.093,6423,3936,15230,OFF,MAXN_SUPER
2026-08-16 00:15:52.240913,0:12:57.930000,36,36,9,41,24,38,0.62255867272928,0.0017746338277249564,0,99.5,OFF,115200,499200,OFF,537600,OFF,115200,OFF,OFF,OFF,OFF,OFF,49.411764705882355,64.375,-256,-256,-256,64.968,63.312,64.0,63.437,64.968,6835,4045,15822,OFF,MAXN_SUPER
2026-08-16 00:15:53.242483,0:12:58.940000,28,38,16,17,18,32,0.6232950183701292,0.0017746338277249564,0,9.3,OFF,115200,499200,OFF,537600,OFF,115200,OFF,OFF,OFF,OFF,OFF,52.549019607843135,64.375,-256,-256,-256,65.187,63.468,64.031,63.468,65.187,6385,3936,15269,OFF,MAXN_SUPER
2026-08-16 00:15:54.243126,0:12:59.940000,44,7,31,17,16,37,0.6230824332269552,0.0017746338277249564,0,77.2,OFF,115200,499200,OFF,537600,OFF,115200,OFF,OFF,OFF,OFF,OFF,52.549019607843135,64.343,-256,-256,-256,65.343,63.468,64.187,63.562,65.343,6346,3936,15153,OFF,MAXN_SUPER
2026-08-16 00:15:55.244144,0:13:00.940000,52,16,6,13,43,28,0.6230557317113874,0.0017746338277249564,0,5.4,OFF,115200,499200,OFF,537600,OFF,115200,OFF,OFF,OFF,OFF,OFF,50.98039215686274,64.156,-256,-256,-256,65.0,63.375,64.0,63.593,65.0,5933,3826,14457,OFF,MAXN_SUPER
2026-08-16 00:15:56.245529,0:13:01.940000,11,15,8,6,38,65,0.6232806406309773,0.0017746338277249564,0,14.0,OFF,115200,499200,OFF,537600,OFF,115200,OFF,OFF,OFF,OFF,OFF,50.98039215686274,63.968,-256,-256,-256,64.781,63.5,64.062,63.375,64.781,5441,3788,13900,OFF,MAXN_SUPER
2026-08-16 00:15:57.246861,0:13:02.940000,10,14,20,7,61,49,0.6240031220233587,0.0018403610065295844,0,11.3,OFF,115200,499200,OFF,537600,OFF,115200,OFF,OFF,OFF,OFF,OFF,50.98039215686274,64.25,-256,-256,-256,64.406,63.531,64.093,63.468,64.406,5557,3788,13939,OFF,MAXN_SUPER
2026-08-16 00:15:58.247542,0:13:03.940000,10,17,6,13,65,45,0.6231686996618664,0.0018403610065295844,0,71.8,OFF,115200,499200,OFF,537600,OFF,115200,OFF,OFF,OFF,OFF,OFF,50.98039215686274,64.125,-256,-256,-256,64.625,63.531,64.125,63.468,64.625,5702,3865,14326,OFF,MAXN_SUPER
2026-08-16 00:15:59.248585,0:13:04.940000,11,14,4,11,64,45,0.6240082569301987,0.0018403610065295844,0,99.5,OFF,115200,499200,OFF,537600,OFF,115200,OFF,OFF,OFF,OFF,OFF,50.98039215686274,64.281,-256,-256,-256,64.937,63.562,64.187,63.625,64.937,5933,3936,14727,OFF,MAXN_SUPER
2026-08-16 00:16:00.250472,0:13:05.940000,18,5,24,60,23,28,0.6249125140247143,0.0018403610065295844,0,99.7,OFF,115200,499200,OFF,537600,OFF,115200,OFF,OFF,OFF,OFF,OFF,50.98039215686274,64.218,-256,-256,-256,65.156,63.625,64.062,63.593,65.343,5933,3936,14650,OFF,MAXN_SUPER
2026-08-16 00:16:01.251457,0:13:06.950000,20,10,13,52,1,48,0.6234480385939598,0.0018403610065295844,0,87.2,OFF,115200,499200,OFF,537600,OFF,115200,OFF,OFF,OFF,OFF,OFF,50.98039215686274,64.218,-256,-256,-256,65.062,63.593,64.125,63.562,65.062,5740,3865,14365,OFF,MAXN_SUPER
2026-08-16 00:16:02.253364,0:13:07.950000,23,9,20,57,25,45,0.624843706273059,0.0018403610065295844,0,97.2,OFF,140800,499200,OFF,537600,OFF,115200,OFF,OFF,OFF,OFF,OFF,50.98039215686274,64.156,-256,-256,-256,65.062,63.687,64.125,63.562,65.062,5702,3826,14287,OFF,MAXN_SUPER
2026-08-16 00:16:03.254211,0:13:08.950000,20,6,14,19,42,50,0.6252611741991471,0.0018403610065295844,0,99.8,OFF,115200,499200,OFF,537600,OFF,115200,OFF,OFF,OFF,OFF,OFF,50.98039215686274,64.312,-256,-256,-256,65.687,63.812,64.187,63.718,65.687,6500,4052,15513,OFF,MAXN_SUPER
2026-08-16 00:16:04.255454,0:13:09.950000,23,27,27,9,12,65,0.6251785021990238,0.0018403610065295844,0,99.8,OFF,115200,499200,OFF,537600,OFF,115200,OFF,OFF,OFF,OFF,OFF,50.98039215686274,64.531,-256,-256,-256,65.281,63.781,64.218,63.812,65.437,6500,4013,15359,OFF,MAXN_SUPER
2026-08-16 00:16:05.256449,0:13:10.950000,48,12,10,12,2,63,0.6254696514168492,0.0018403610065295844,0,99.8,OFF,115200,499200,OFF,537600,OFF,115200,OFF,OFF,OFF,OFF,OFF,50.98039215686274,64.593,-256,-256,-256,65.281,63.718,64.281,63.718,65.281,5971,3936,14727,OFF,MAXN_SUPER
2026-08-16 00:16:06.257061,0:13:11.950000,14,47,10,6,9,65,0.6250162391428814,0.0019718153641388406,0,99.6,OFF,115200,499200,OFF,537600,OFF,115200,OFF,OFF,OFF,OFF,OFF,50.98039215686274,64.531,-256,-256,-256,65.468,63.812,64.25,63.781,65.468,6010,3936,14805,OFF,MAXN_SUPER
2026-08-16 00:16:07.258256,0:13:12.950000,22,17,10,42,18,53,0.6253248470439625,0.0019718153641388406,0,8.7,OFF,115200,499200,OFF,537600,OFF,115200,OFF,OFF,OFF,OFF,OFF,50.98039215686274,64.718,-256,-256,-256,64.968,63.843,64.406,63.781,64.968,6010,3820,14534,OFF,MAXN_SUPER
2026-08-16 00:16:08.259372,0:13:13.950000,14,17,7,5,55,56,0.6258034203614461,0.0019718153641388406,0,16.4,OFF,115200,499200,OFF,537600,OFF,115200,OFF,OFF,OFF,OFF,OFF,50.98039215686274,64.5,-256,-256,-256,64.906,63.937,64.281,63.843,64.906,5933,3820,14457,OFF,MAXN_SUPER
2026-08-16 00:16:09.260592,0:13:14.950000,23,6,20,4,64,46,0.6261664582750307,0.0019718153641388406,0,71.0,OFF,115200,499200,OFF,537600,OFF,115200,OFF,OFF,OFF,OFF,OFF,50.98039215686274,64.531,-256,-256,-256,64.906,63.843,64.312,63.843,65.062,5779,3826,14287,OFF,MAXN_SUPER
2026-08-16 00:16:10.260649,0:13:15.960000,17,6,10,5,65,44,0.6259143343491891,0.0019718153641388406,0,99.6,OFF,115200,499200,OFF,537600,OFF,115200,OFF,OFF,OFF,OFF,OFF,50.98039215686274,64.531,-256,-256,-256,65.156,64.0,64.343,63.843,65.156,5856,3897,14534,OFF,MAXN_SUPER
2026-08-16 00:16:11.262918,0:13:16.960000,19,23,8,6,43,47,0.6266301403626785,0.0019718153641388406,0,99.7,OFF,153600,499200,OFF,537600,OFF,115200,OFF,OFF,OFF,OFF,OFF,50.98039215686274,64.531,-256,-256,-256,65.718,63.906,64.406,63.937,65.75,6000,3974,14805,OFF,MAXN_SUPER
2026-08-16 00:16:12.265140,0:13:17.960000,18,19,16,51,16,33,0.6268268072946487,0.0019718153641388406,0,99.8,OFF,115200,499200,OFF,537600,OFF,115200,OFF,OFF,OFF,OFF,OFF,50.98039215686274,64.656,-256,-256,-256,65.468,63.937,64.437,63.937,65.468,5894,3936,14611,OFF,MAXN_SUPER
2026-08-16 00:16:13.265229,0:13:18.960000,17,14,9,63,17,31,0.6270737963136503,0.0019718153641388406,0,87.4,OFF,115200,499200,OFF,537600,OFF,115200,OFF,OFF,OFF,OFF,OFF,50.98039215686274,64.75,-256,-256,-256,65.437,63.937,64.437,63.75,65.312,5702,3865,14302,OFF,MAXN_SUPER
2026-08-16 00:16:14.266574,0:13:19.960000,10,17,16,62,3,46,0.6269669902513794,0.0019718153641388406,0,15.1,OFF,115200,499200,OFF,537600,OFF,115200,OFF,OFF,OFF,OFF,OFF,50.98039215686274,64.437,-256,-256,-256,65.125,64.062,64.437,63.937,65.125,5586,3788,14094,OFF,MAXN_SUPER
2026-08-16 00:16:15.268989,0:13:20.960000,33,6,7,32,26,49,0.6264036909710365,0.0019718153641388406,0,9.9,OFF,115200,499200,OFF,537600,OFF,115200,OFF,OFF,OFF,OFF,OFF,50.98039215686274,64.687,-256,-256,-256,65.781,64.031,64.5,63.906,65.781,5971,3897,14689,OFF,MAXN_SUPER
2026-08-16 00:16:16.268643,0:13:21.960000,22,4,13,4,49,59,0.6269248840152918,0.0019718153641388406,0,13.2,OFF,115200,499200,OFF,537600,OFF,115200,OFF,OFF,OFF,OFF,OFF,50.98039215686274,65.031,-256,-256,-256,65.406,64.031,64.562,63.968,65.406,5894,3826,14341,OFF,MAXN_SUPER
2026-08-16 00:16:17.268829,0:13:22.960000,22,18,19,4,41,45,0.6275795846373857,0.0019718153641388406,0,14.6,OFF,115200,499200,OFF,537600,OFF,115200,OFF,OFF,OFF,OFF,OFF,50.98039215686274,64.5,-256,-256,-256,64.968,64.062,64.468,63.906,64.968,5480,3749,13823,OFF,MAXN_SUPER
2026-08-16 00:16:18.269379,0:13:23.960000,19,4,63,16,8,47,0.6276889581530767,0.0019718153641388406,0,40.4,OFF,115200,499200,OFF,537600,OFF,115200,OFF,OFF,OFF,OFF,OFF,50.98039215686274,64.781,-256,-256,-256,65.093,64.093,64.5,64.0,65.218,5779,3826,14302,OFF,MAXN_SUPER
2026-08-16 00:16:19.270717,0:13:24.960000,26,36,31,14,9,47,0.6279102726378787,0.0019718153641388406,0,99.6,OFF,115200,499200,OFF,537600,OFF,115200,OFF,OFF,OFF,OFF,OFF,50.98039215686274,64.718,-256,-256,-256,65.906,64.093,64.656,64.093,65.906,6038,3936,14843,OFF,MAXN_SUPER
2026-08-16 00:16:20.272831,0:13:25.970000,12,35,35,14,6,41,0.6277865213830358,0.0019718153641388406,0,99.8,OFF,115200,499200,OFF,537600,OFF,115200,OFF,OFF,OFF,OFF,OFF,50.98039215686274,64.687,-256,-256,-256,65.75,64.187,64.593,64.031,65.5,6010,3974,14843,OFF,MAXN_SUPER
2026-08-16 00:16:21.272763,0:13:26.970000,11,11,46,29,29,28,0.6276252853082613,0.0019718153641388406,0,99.7,OFF,115200,499200,OFF,537600,OFF,115200,OFF,OFF,OFF,OFF,OFF,50.98039215686274,65.0,-256,-256,-256,65.625,64.125,64.75,64.031,65.625,5933,3897,14650,OFF,MAXN_SUPER
2026-08-16 00:16:22.275291,0:13:27.970000,21,46,14,55,19,3,0.6258794169826774,0.0019718153641388406,0,99.6,OFF,115200,499200,OFF,537600,OFF,115200,OFF,OFF,OFF,OFF,OFF,50.98039215686274,65.218,-256,-256,-256,65.75,64.187,64.656,64.218,65.75,6577,4006,15475,OFF,MAXN_SUPER
2026-08-16 00:16:23.276488,0:13:28.970000,23,5,53,8,2,63,0.6269438831705996,0.0019718153641388406,0,13.9,OFF,115200,499200,OFF,537600,OFF,115200,OFF,OFF,OFF,OFF,OFF,50.98039215686274,65.031,-256,-256,-256,65.156,64.25,64.687,64.281,65.156,6010,3820,14573,OFF,MAXN_SUPER
2026-08-16 00:16:24.277737,0:13:29.970000,28,9,33,5,43,58,0.6279518653832823,0.0019718153641388406,0,60.2,OFF,115200,499200,OFF,537600,OFF,115200,OFF,OFF,OFF,OFF,OFF,50.98039215686274,65.0,-256,-256,-256,65.25,64.187,64.812,64.156,65.25,5779,3826,14302,OFF,MAXN_SUPER
2026-08-16 00:16:25.278505,0:13:30.970000,29,6,13,12,43,46,0.6282245289364837,0.0019718153641388406,0,99.5,OFF,115200,499200,OFF,537600,OFF,115200,OFF,OFF,OFF,OFF,OFF,50.98039215686274,64.937,-256,-256,-256,65.562,64.187,64.718,64.125,65.562,5817,3859,14457,OFF,MAXN_SUPER
2026-08-16 00:16:26.280114,0:13:31.970000,52,7,20,16,3,62,0.6267898359654009,0.0019718153641388406,0,83.4,OFF,115200,499200,OFF,537600,OFF,115200,OFF,OFF,OFF,OFF,OFF,50.98039215686274,65.25,-256,-256,-256,65.5,64.187,64.718,64.281,65.5,6154,3859,14805,OFF,MAXN_SUPER
2026-08-16 00:16:27.281852,0:13:32.970000,19,19,15,41,63,1,0.627772657134568,0.0019718153641388406,0,11.6,OFF,115200,499200,OFF,537600,OFF,115200,OFF,OFF,OFF,OFF,OFF,50.98039215686274,65.125,-256,-256,-256,65.312,64.187,64.843,64.156,65.375,5971,3859,14534,OFF,MAXN_SUPER
2026-08-16 00:16:28.282211,0:13:33.980000,9,23,4,51,19,44,0.6285557304276607,0.0019718153641388406,0,15.0,OFF,115200,499200,OFF,537600,OFF,115200,OFF,OFF,OFF,OFF,OFF,50.98039215686274,65.093,-256,-256,-256,65.125,64.25,64.75,64.125,65.125,5702,3826,14186,OFF,MAXN_SUPER
2026-08-16 00:16:29.283553,0:13:34.980000,42,13,12,24,26,45,0.6249612956396938,0.0019718153641388406,0,99.5,OFF,115200,499200,OFF,537600,OFF,115200,OFF,OFF,OFF,OFF,OFF,50.98039215686274,64.937,-256,-256,-256,65.687,64.218,64.75,64.218,65.687,5817,3859,14457,OFF,MAXN_SUPER
2026-08-16 00:16:30.284511,0:13:35.980000,42,23,12,3,54,13,0.6263975290828286,0.0019718153641388406,0,99.6,OFF,115200,499200,OFF,537600,OFF,115200,OFF,OFF,OFF,OFF,OFF,50.98039215686274,65.031,-256,-256,-256,65.656,64.312,64.687,64.25,65.656,5856,3897,14611,OFF,MAXN_SUPER
2026-08-16 00:16:31.285830,0:13:36.980000,15,17,58,36,21,14,0.6263744220020488,0.0019718153641388406,0,15.8,OFF,128000,499200,OFF,537600,OFF,115200,OFF,OFF,OFF,OFF,OFF,50.98039215686274,65.343,-256,-256,-256,66.0,64.281,64.875,64.343,66.25,6873,4083,15938,OFF,MAXN_SUPER
2026-08-16 00:16:32.288086,0:13:37.980000,13,11,62,5,19,37,0.6261721066725547,0.0019718153641388406,0,99.7,OFF,217600,499200,OFF,537600,OFF,115200,OFF,OFF,OFF,OFF,OFF,50.98039215686274,65.343,-256,-256,-256,66.187,64.218,64.843,64.437,66.187,6538,4006,15398,OFF,MAXN_SUPER
2026-08-16 00:16:33.289109,0:13:38.980000,31,11,34,7,14,52,0.6255102171808848,0.0019718153641388406,0,99.7,OFF,115200,499200,OFF,537600,OFF,115200,OFF,OFF,OFF,OFF,OFF,50.98039215686274,65.062,-256,-256,-256,66.25,64.312,64.906,64.312,66.062,6308,3974,15153,OFF,MAXN_SUPER
2026-08-16 00:16:34.287679,0:13:39.980000,26,14,44,5,63,19,0.6251004516150566,0.0019718153641388406,0,99.7,OFF,115200,499200,OFF,537600,OFF,115200,OFF,OFF,OFF,OFF,OFF,50.98039215686274,65.5,-256,-256,-256,66.031,64.343,65.062,64.5,66.031,6192,3974,15075,OFF,MAXN_SUPER
2026-08-16 00:16:35.289958,0:13:40.980000,51,25,48,7,6,16,0.6248267610804871,0.0019718153641388406,0,99.5,OFF,115200,499200,OFF,537600,OFF,115200,OFF,OFF,OFF,OFF,OFF,53.72549019607843,65.656,-256,-256,-256,66.25,64.343,65.031,64.593,66.25,7168,4192,16528,OFF,MAXN_SUPER
2026-08-16 00:16:36.290919,0:13:41.990000,26,33,28,18,30,28,0.6245936363099532,0.0019718153641388406,0,99.8,OFF,115200,499200,OFF,537600,OFF,115200,OFF,OFF,OFF,OFF,OFF,53.72549019607843,65.125,-256,-256,-256,66.312,64.531,64.968,64.593,66.312,6720,4006,15745,OFF,MAXN_SUPER
2026-08-16 00:16:37.293393,0:13:42.990000,8,24,18,52,16,31,0.6256550215537715,0.0019718153641388406,0,63.6,OFF,115200,499200,OFF,537600,OFF,115200,OFF,OFF,OFF,OFF,OFF,53.72549019607843,65.625,-256,-256,-256,65.781,64.437,64.968,64.531,65.906,6538,4013,15359,OFF,MAXN_SUPER
2026-08-16 00:16:38.293698,0:13:43.990000,15,39,3,55,24,17,0.6238865596380918,0.0019718153641388406,0,95.7,OFF,115200,499200,OFF,537600,OFF,115200,OFF,OFF,OFF,OFF,OFF,53.72549019607843,65.5,-256,-256,-256,66.5,64.687,64.968,64.625,66.218,6346,3936,15191,OFF,MAXN_SUPER
2026-08-16 00:16:39.295432,0:13:44.990000,15,43,13,5,65,19,0.6260555442872877,0.0019718153641388406,0,99.7,OFF,115200,499200,OFF,537600,OFF,115200,OFF,OFF,OFF,OFF,OFF,53.72549019607843,65.281,-256,-256,-256,66.5,64.5,65.0,64.593,66.5,6577,4006,15475,OFF,MAXN_SUPER
2026-08-16 00:16:40.296203,0:13:45.990000,15,17,18,36,46,13,0.6272519775809967,0.0019718153641388406,0,99.4,OFF,115200,499200,OFF,537600,OFF,115200,OFF,OFF,OFF,OFF,OFF,53.72549019607843,65.281,-256,-256,-256,65.718,64.625,65.062,64.593,65.718,6269,3936,15037,OFF,MAXN_SUPER
2026-08-16 00:16:41.296011,0:13:46.990000,6,9,20,45,53,21,0.6274168080905592,0.0019718153641388406,0,99.6,OFF,115200,499200,OFF,537600,OFF,115200,OFF,OFF,OFF,OFF,OFF,53.72549019607843,65.125,-256,-256,-256,65.875,64.593,65.0,64.5,65.875,5933,3936,14650,OFF,MAXN_SUPER
2026-08-16 00:16:42.298831,0:13:47.990000,24,30,16,12,48,18,0.6285798644898085,0.0019718153641388406,0,99.6,OFF,115200,499200,OFF,537600,OFF,115200,OFF,OFF,OFF,OFF,OFF,53.72549019607843,65.468,-256,-256,-256,65.906,64.562,65.0,64.593,65.906,6077,4013,14882,OFF,MAXN_SUPER
2026-08-16 00:16:43.300393,0:13:48.990000,42,15,33,37,18,11,0.6300920945541746,0.0019718153641388406,0,80.2,OFF,115200,499200,OFF,537600,OFF,115200,OFF,OFF,OFF,OFF,OFF,53.72549019607843,65.718,-256,-256,-256,65.968,64.531,65.093,64.656,65.968,6835,4083,15899,OFF,MAXN_SUPER
2026-08-16 00:16:44.301103,0:13:49.990000,12,13,6,51,2,62,0.6313059865311393,0.0019718153641388406,0,8.6,OFF,115200,499200,OFF,537600,OFF,115200,OFF,OFF,OFF,OFF,OFF,53.72549019607843,65.375,-256,-256,-256,65.656,64.625,65.281,64.593,65.656,6010,3859,14650,OFF,MAXN_SUPER
2026-08-16 00:16:45.302016,0:13:51,26,42,8,7,2,62,0.6325630117255597,0.0019718153641388406,0,12.1,OFF,115200,499200,OFF,537600,OFF,115200,OFF,OFF,OFF,OFF,OFF,53.72549019607843,65.562,-256,-256,-256,65.875,64.656,65.218,64.593,65.875,6048,3859,14573,OFF,MAXN_SUPER
2026-08-16 00:16:46.303072,0:13:52,40,21,30,18,42,6,0.633731203031649,0.0019718153641388406,0,15.9,OFF,115200,499200,OFF,537600,OFF,115200,OFF,OFF,OFF,OFF,OFF,53.72549019607843,65.312,-256,-256,-256,66.218,64.531,65.125,64.656,66.218,6038,3859,14611,OFF,MAXN_SUPER
2026-08-16 00:16:47.304347,0:13:53,18,47,8,6,8,62,0.6309722175865424,0.0019718153641388406,0,5.7,OFF,115200,499200,OFF,537600,OFF,115200,OFF,OFF,OFF,OFF,OFF,53.72549019607843,65.312,-256,-256,-256,66.312,64.718,65.093,64.593,66.312,6077,3859,14689,OFF,MAXN_SUPER
2026-08-16 00:16:48.305265,0:13:54,34,20,16,19,12,65,0.6326333599492672,0.0019718153641388406,0,99.8,OFF,128000,499200,OFF,537600,OFF,115200,OFF,OFF,OFF,OFF,OFF,53.72549019607843,65.5,-256,-256,-256,66.656,64.562,65.125,64.656,66.656,6500,3968,15359,OFF,MAXN_SUPER
2026-08-16 00:16:49.305558,0:13:55,14,47,9,7,16,55,0.6325681466323997,0.0019718153641388406,0,99.7,OFF,115200,499200,OFF,537600,OFF,115200,OFF,OFF,OFF,OFF,OFF,53.72549019607843,65.437,-256,-256,-256,66.625,64.75,65.125,64.75,66.625,6528,4045,15436,OFF,MAXN_SUPER
2026-08-16 00:16:50.308323,0:13:56,23,28,24,14,2,62,0.6306297193003176,0.0019718153641388406,0,99.8,OFF,115200,499200,OFF,537600,OFF,115200,OFF,OFF,OFF,OFF,OFF,53.72549019607843,65.437,-256,-256,-256,66.437,64.718,65.218,64.718,66.437,6269,3974,15075,OFF,MAXN_SUPER
2026-08-16 00:16:51.309161,0:13:57,30,49,24,14,13,37,0.6325501744584598,0.0019718153641388406,0,6.7,OFF,115200,499200,OFF,537600,OFF,115200,OFF,OFF,OFF,OFF,OFF,53.72549019607843,65.781,-256,-256,-256,66.218,64.718,65.187,64.781,66.218,6538,3968,15359,OFF,MAXN_SUPER
2026-08-16 00:16:52.310340,0:13:58,29,28,15,12,58,8,0.6323925328184733,0.0019718153641388406,0,32.7,OFF,115200,499200,OFF,537600,OFF,115200,OFF,OFF,OFF,OFF,OFF,53.72549019607843,65.5,-256,-256,-256,66.5,64.625,65.312,64.812,66.375,6192,3897,14805,OFF,MAXN_SUPER
2026-08-16 00:16:53.310910,0:13:59.010000,19,24,16,35,52,27,0.6287719100056227,0.0019718153641388406,0,14.8,OFF,115200,499200,OFF,537600,OFF,115200,OFF,OFF,OFF,OFF,OFF,53.72549019607843,65.937,-256,-256,-256,66.031,64.656,65.312,64.656,66.218,5740,3859,14380,OFF,MAXN_SUPER
2026-08-16 00:16:54.312000,0:14:00.010000,38,33,18,17,37,2,0.63101689127605,0.0019718153641388406,0,58.8,OFF,166400,499200,OFF,537600,OFF,115200,OFF,OFF,OFF,OFF,OFF,53.72549019607843,65.468,-256,-256,-256,66.343,64.875,65.25,64.812,66.343,6154,3897,14882,OFF,MAXN_SUPER
2026-08-16 00:16:55.313570,0:14:01.010000,12,41,16,21,50,16,0.6309948111766382,0.0019718153641388406,0,99.7,OFF,115200,499200,OFF,537600,OFF,115200,OFF,OFF,OFF,OFF,OFF,53.72549019607843,65.593,-256,-256,-256,66.75,64.656,65.281,64.781,66.75,6566,4045,15475,OFF,MAXN_SUPER
2026-08-16 00:16:56.314576,0:14:02.010000,32,43,28,30,27,2,0.6320726281223443,0.0019718153641388406,0,14.8,OFF,115200,499200,OFF,537600,OFF,115200,OFF,OFF,OFF,OFF,OFF,53.72549019607843,65.812,-256,-256,-256,65.781,64.718,65.312,64.843,66.031,6385,4006,15243,OFF,MAXN_SUPER
2026-08-16 00:16:57.315731,0:14:03.010000,51,8,18,6,58,9,0.6315498946060372,0.0019718153641388406,0,12.1,OFF,115200,499200,OFF,537600,OFF,115200,OFF,OFF,OFF,OFF,OFF,53.72549019607843,65.843,-256,-256,-256,66.125,64.75,65.312,64.843,66.125,6010,3859,14573,OFF,MAXN_SUPER
2026-08-16 00:16:58.317006,0:14:04.010000,8,32,12,22,42,43,0.6312885278478835,0.0019718153641388406,0,34.5,OFF,115200,499200,OFF,537600,OFF,115200,OFF,OFF,OFF,OFF,OFF,53.72549019607843,65.625,-256,-256,-256,65.843,64.812,65.406,64.718,65.843,5817,3820,14380,OFF,MAXN_SUPER
2026-08-16 00:16:59.316608,0:14:05.010000,15,8,11,48,2,63,0.6329542916267642,0.0019718153641388406,0,16.7,OFF,115200,499200,OFF,537600,OFF,115200,OFF,OFF,OFF,OFF,OFF,53.72549019607843,65.781,-256,-256,-256,66.031,64.906,65.281,64.781,66.031,5779,3859,14341,OFF,MAXN_SUPER
2026-08-16 00:17:00.319505,0:14:06.010000,14,11,17,40,11,64,0.6340957814172856,0.0019718153641388406,0,99.4,OFF,115200,499200,OFF,537600,OFF,115200,OFF,OFF,OFF,OFF,OFF,53.72549019607843,66.093,-256,-256,-256,66.125,64.968,65.312,64.875,66.125,5846,3897,14496,OFF,MAXN_SUPER
2026-08-16 00:17:01.320366,0:14:07.010000,48,17,13,6,41,25,0.6352896472575746,0.0019718153641388406,0,48.8,OFF,115200,499200,OFF,537600,OFF,115200,OFF,OFF,OFF,OFF,OFF,53.72549019607843,65.718,-256,-256,-256,65.781,64.75,65.343,64.843,65.781,5663,3865,14264,OFF,MAXN_SUPER
2026-08-16 00:17:02.321172,0:14:08.020000,17,47,12,5,52,14,0.6365903191601346,0.0019718153641388406,0,84.2,OFF,115200,499200,OFF,537600,OFF,115200,OFF,OFF,OFF,OFF,OFF,53.72549019607843,65.718,-256,-256,-256,66.0,64.812,65.468,64.781,66.0,5779,3897,14380,OFF,MAXN_SUPER
2026-08-16 00:17:03.322357,0:14:09.020000,41,25,21,20,24,35,0.6379351512615182,0.0019718153641388406,0,99.5,OFF,115200,499200,OFF,537600,OFF,115200,OFF,OFF,OFF,OFF,OFF,53.72549019607843,65.781,-256,-256,-256,66.031,64.843,65.281,64.875,66.031,5923,3936,14689,OFF,MAXN_SUPER
2026-08-16 00:17:04.322959,0:14:10.020000,23,36,10,23,32,18,0.6368573343158122,0.0019718153641388406,0,99.6,OFF,115200,499200,OFF,537600,OFF,115200,OFF,OFF,OFF,OFF,OFF,53.72549019607843,65.843,-256,-256,-256,66.406,64.843,65.468,64.875,66.406,6000,3974,14805,OFF,MAXN_SUPER
2026-08-16 00:17:05.325363,0:14:11.020000,23,30,28,28,11,48,0.6247995460742354,0.0019718153641388406,0,99.7,OFF,115200,499200,OFF,537600,OFF,115200,OFF,OFF,OFF,OFF,OFF,53.72549019607843,65.875,-256,-256,-256,66.718,64.812,65.406,64.937,66.562,6077,3936,14882,OFF,MAXN_SUPER
2026-08-16 00:17:06.329526,0:14:12.020000,7,17,11,61,2,49,0.6262275636664262,0.0019718153641388406,0,82.6,OFF,115200,499200,OFF,537600,OFF,115200,OFF,OFF,OFF,OFF,OFF,53.72549019607843,65.562,-256,-256,-256,66.562,64.875,65.468,64.843,66.25,5740,3897,14341,OFF,MAXN_SUPER
2026-08-16 00:17:07.325862,0:14:13.020000,7,16,19,60,0,49,0.62754158632677,0.0019718153641388406,0,45.1,OFF,115200,499200,OFF,537600,OFF,115200,OFF,OFF,OFF,OFF,OFF,53.72549019607843,65.718,-256,-256,-256,66.25,64.968,65.437,64.812,66.25,5817,3820,14341,OFF,MAXN_SUPER
2026-08-16 00:17:08.327141,0:14:14.020000,14,47,24,44,10,17,0.6286948864030234,0.0019718153641388406,0,99.6,OFF,115200,499200,OFF,537600,OFF,115200,OFF,OFF,OFF,OFF,OFF,53.72549019607843,65.968,-256,-256,-256,66.718,64.937,65.375,65.0,66.718,6758,4122,15938,OFF,MAXN_SUPER
2026-08-16 00:17:09.329544,0:14:15.020000,7,34,60,24,16,3,0.6301198230511103,0.0019718153641388406,0,99.6,OFF,115200,499200,OFF,537600,OFF,115200,OFF,OFF,OFF,OFF,OFF,53.72549019607843,66.093,-256,-256,-256,66.718,65.0,65.437,65.218,66.687,6950,4161,16104,OFF,MAXN_SUPER
2026-08-16 00:17:10.330762,0:14:16.020000,23,10,26,16,57,23,0.6313655514504828,0.0019718153641388406,0,12.1,OFF,115200,499200,OFF,537600,OFF,115200,OFF,OFF,OFF,OFF,OFF,53.72549019607843,65.875,-256,-256,-256,66.375,65.031,65.406,64.968,66.375,6385,3968,15205,OFF,MAXN_SUPER
2026-08-16 00:17:11.331799,0:14:17.030000,8,11,13,56,9,49,0.6324166668806211,0.0019718153641388406,0,14.5,OFF,115200,499200,OFF,537600,OFF,115200,OFF,OFF,OFF,OFF,OFF,53.72549019607843,65.781,-256,-256,-256,66.5,65.062,65.656,65.031,66.5,6087,3859,14650,OFF,MAXN_SUPER
2026-08-16 00:17:12.333191,0:14:18.030000,20,41,21,23,7,48,0.6333435175652325,0.0019718153641388406,0,13.1,OFF,115200,499200,OFF,537600,OFF,115200,OFF,OFF,OFF,OFF,OFF,53.72549019607843,66.125,-256,-256,-256,65.906,64.937,65.593,65.0,66.125,5779,3826,14186,OFF,MAXN_SUPER
2026-08-16 00:17:13.334122,0:14:19.030000,15,16,49,5,33,32,0.6343951464860549,0.0019718153641388406,0,14.3,OFF,115200,499200,OFF,537600,OFF,115200,OFF,OFF,OFF,OFF,OFF,53.72549019607843,65.875,-256,-256,-256,66.437,64.968,65.5,65.0,66.437,5817,3859,14380,OFF,MAXN_SUPER
2026-08-16 00:17:14.335279,0:14:20.030000,23,3,37,18,65,6,0.6355268799535805,0.0019718153641388406,0,15.9,OFF,115200,499200,OFF,537600,OFF,115200,OFF,OFF,OFF,OFF,OFF,53.72549019607843,65.937,-256,-256,-256,65.906,64.968,65.5,64.968,65.937,5470,3826,14016,OFF,MAXN_SUPER
2026-08-16 00:17:15.336552,0:14:21.030000,26,24,24,15,4,63,0.6344511169706104,0.0019718153641388406,0,13.8,OFF,115200,499200,OFF,537600,OFF,115200,OFF,OFF,OFF,OFF,OFF,53.72549019607843,65.781,-256,-256,-256,66.25,65.093,65.406,65.031,66.25,5817,3859,14341,OFF,MAXN_SUPER
2026-08-16 00:17:16.337669,0:14:22.030000,31,25,7,21,24,42,0.6337450672801169,0.0019718153641388406,0,13.6,OFF,115200,499200,OFF,537600,OFF,115200,OFF,OFF,OFF,OFF,OFF,53.72549019607843,65.718,-256,-256,-256,65.968,65.062,65.5,64.937,65.968,5509,3826,14016,OFF,MAXN_SUPER
2026-08-16 00:17:17.338748,0:14:23.030000,26,10,41,6,22,57,0.6331222030804307,0.0019718153641388406,0,12.3,OFF,115200,499200,OFF,537600,OFF,115200,OFF,OFF,OFF,OFF,OFF,53.72549019607843,65.781,-256,-256,-256,66.125,65.062,65.5,65.0,66.125,5702,3826,14186,OFF,MAXN_SUPER
2026-08-16 00:17:18.340296,0:14:24.030000,7,13,45,4,14,65,0.6343381490201314,0.0019718153641388406,0,84.0,OFF,115200,499200,OFF,537600,OFF,115200,OFF,OFF,OFF,OFF,OFF,53.72549019607843,65.968,-256,-256,-256,66.468,65.062,65.593,64.937,66.062,5740,3859,14302,OFF,MAXN_SUPER
2026-08-16 00:17:19.342354,0:14:25.030000,36,14,6,16,45,32,0.6334415942858757,0.0019718153641388406,0,99.5,OFF,115200,499200,OFF,537600,OFF,115200,OFF,OFF,OFF,OFF,OFF,53.72549019607843,65.968,-256,-256,-256,66.281,65.062,65.625,65.062,66.281,5817,3897,14496,OFF,MAXN_SUPER
2026-08-16 00:17:20.343601,0:14:26.040000,24,26,35,43,14,15,0.6345389238775736,0.0019718153641388406,0,10.8,OFF,115200,499200,OFF,537600,OFF,115200,OFF,OFF,OFF,OFF,OFF,53.72549019607843,66.187,-256,-256,-256,66.656,65.031,65.593,65.031,66.656,6269,3974,15089,OFF,MAXN_SUPER
2026-08-16 00:17:21.344633,0:14:27.040000,14,7,45,10,23,48,0.6336916642489814,0.0019718153641388406,0,39.7,OFF,115200,499200,OFF,537600,OFF,115200,OFF,OFF,OFF,OFF,OFF,53.72549019607843,65.968,-256,-256,-256,66.531,65.031,65.593,65.0,66.593,6077,3859,14727,OFF,MAXN_SUPER
2026-08-16 00:17:22.345856,0:14:28.040000,26,4,39,12,56,21,0.6349569052943457,0.0019718153641388406,0,49.9,OFF,115200,499200,OFF,537600,OFF,115200,OFF,OFF,OFF,OFF,OFF,53.72549019607843,65.875,-256,-256,-256,66.687,65.125,65.593,65.062,66.687,6000,3897,14650,OFF,MAXN_SUPER
2026-08-16 00:17:23.346411,0:14:29.040000,27,6,32,7,64,12,0.6347741026108434,0.0019718153641388406,0,12.3,OFF,115200,499200,OFF,537600,OFF,115200,OFF,OFF,OFF,OFF,OFF,53.72549019607843,65.906,-256,-256,-256,66.031,65.031,65.562,65.0,66.281,5509,3826,13954,OFF,MAXN_SUPER
2026-08-16 00:17:24.348142,0:14:30.040000,12,41,19,27,39,39,0.635024686064633,0.0019718153641388406,0,12.1,OFF,115200,499200,OFF,537600,OFF,115200,OFF,OFF,OFF,OFF,OFF,53.72549019607843,66.187,-256,-256,-256,66.156,65.031,65.625,65.031,66.156,5740,3820,14264,OFF,MAXN_SUPER
2026-08-16 00:17:25.349217,0:14:31.040000,46,6,15,7,17,65,0.6362765763522136,0.0019718153641388406,0,97.4,OFF,115200,499200,OFF,537600,OFF,115200,OFF,OFF,OFF,OFF,OFF,53.72549019607843,65.781,-256,-256,-256,66.156,65.093,65.562,65.093,66.156,5740,3859,14302,OFF,MAXN_SUPER
2026-08-16 00:17:26.350646,0:14:32.040000,34,19,11,8,11,65,0.6372455332729126,0.0019718153641388406,0,95.2,OFF,115200,499200,OFF,537600,OFF,115200,OFF,OFF,OFF,OFF,OFF,53.72549019607843,65.781,-256,-256,-256,66.437,65.031,65.562,65.031,66.437,5817,3897,14457,OFF,MAXN_SUPER
2026-08-16 00:17:27.350574,0:14:33.050000,37,14,30,12,11,63,0.6383284851254586,0.0019718153641388406,0,99.8,OFF,115200,499200,OFF,537600,OFF,115200,OFF,OFF,OFF,OFF,OFF,53.72549019607843,65.906,-256,-256,-256,67.062,65.062,65.656,65.093,67.062,6038,3974,14843,OFF,MAXN_SUPER
2026-08-16 00:17:28.352578,0:14:34.050000,50,7,8,14,15,64,0.639256876282122,0.0019718153641388406,0,99.7,OFF,115200,499200,OFF,537600,OFF,115200,OFF,OFF,OFF,OFF,OFF,53.72549019607843,66.0,-256,-256,-256,66.968,65.031,65.656,65.093,66.968,5894,3936,14611,OFF,MAXN_SUPER
2026-08-16 00:17:29.354283,0:14:35.050000,24,32,18,14,13,66,0.6405904115884578,0.0019718153641388406,0,99.8,OFF,115200,499200,OFF,537600,OFF,115200,OFF,OFF,OFF,OFF,OFF,53.72549019607843,65.781,-256,-256,-256,66.718,65.093,65.718,65.125,67.062,6038,3974,14882,OFF,MAXN_SUPER
2026-08-16 00:17:30.354928,0:14:36.050000,21,5,16,14,47,62,0.641754494969075,0.0019718153641388406,0,15.0,OFF,115200,499200,OFF,537600,OFF,115200,OFF,OFF,OFF,OFF,OFF,53.72549019607843,65.687,-256,-256,-256,66.5,65.093,65.593,65.031,66.5,5663,3859,14225,OFF,MAXN_SUPER
2026-08-16 00:17:31.356610,0:14:37.050000,19,4,2,11,57,53,0.6427958540762174,0.0019718153641388406,0,27.5,OFF,115200,499200,OFF,537600,OFF,115200,OFF,OFF,OFF,OFF,OFF,53.72549019607843,65.875,-256,-256,-256,66.375,65.125,65.656,64.906,66.375,5663,3859,14264,OFF,MAXN_SUPER
2026-08-16 00:17:32.357288,0:14:38.050000,16,6,16,10,65,46,0.6439111558418551,0.0019718153641388406,0,16.9,OFF,115200,499200,OFF,537600,OFF,115200,OFF,OFF,OFF,OFF,OFF,53.72549019607843,65.875,-256,-256,-256,66.468,65.062,65.531,65.0,66.468,5625,3820,14148,OFF,MAXN_SUPER
2026-08-16 00:17:33.356803,0:14:39.050000,4,7,14,11,64,45,0.6422407706468185,0.0019718153641388406,0,11.6,OFF,115200,499200,OFF,537600,OFF,115200,OFF,OFF,OFF,OFF,OFF,53.72549019607843,65.843,-256,-256,-256,66.187,65.062,65.687,65.0,66.187,5625,3826,14109,OFF,MAXN_SUPER
2026-08-16 00:17:34.359466,0:14:40.050000,29,37,12,12,20,47,0.6438808598914995,0.0019718153641388406,0,41.2,OFF,115200,499200,OFF,537600,OFF,115200,OFF,OFF,OFF,OFF,OFF,53.72549019607843,66.187,-256,-256,-256,66.281,65.156,65.656,65.093,66.281,5894,3859,14457,OFF,MAXN_SUPER
2026-08-16 00:17:35.360661,0:14:41.050000,37,21,9,13,48,24,0.6434300150709515,0.0019718153641388406,0,99.6,OFF,115200,499200,OFF,537600,OFF,115200,OFF,OFF,OFF,OFF,OFF,53.72549019607843,65.843,-256,-256,-256,66.343,65.156,65.593,65.093,66.343,5817,3936,14534,OFF,MAXN_SUPER
2026-08-16 00:17:36.361008,0:14:42.060000,34,23,5,12,54,21,0.6432138354929896,0.0019718153641388406,0,99.6,OFF,204800,499200,OFF,537600,OFF,115200,OFF,OFF,OFF,OFF,OFF,53.72549019607843,65.812,-256,-256,-256,66.75,65.156,65.625,65.187,66.75,5884,3974,14689,OFF,MAXN_SUPER
2026-08-16 00:17:37.362300,0:14:43.060000,36,9,25,13,61,24,0.6449463530607896,0.0019718153641388406,0,99.8,OFF,217600,499200,OFF,537600,OFF,115200,OFF,OFF,OFF,OFF,OFF,53.72549019607843,65.968,-256,-256,-256,67.187,65.093,65.75,65.125,67.187,6038,3974,14921,OFF,MAXN_SUPER
2026-08-16 00:17:38.363005,0:14:44.060000,26,8,27,10,64,11,0.6448893555948662,0.0019718153641388406,0,99.7,OFF,115200,499200,OFF,537600,OFF,115200,OFF,OFF,OFF,OFF,OFF,53.72549019607843,65.937,-256,-256,-256,66.875,65.156,65.687,65.125,66.875,5961,3974,14805,OFF,MAXN_SUPER
2026-08-16 00:17:39.364778,0:14:45.060000,9,7,39,33,63,13,0.6453032290861663,0.0019718153641388406,0,99.8,OFF,217600,499200,OFF,537600,OFF,115200,OFF,OFF,OFF,OFF,OFF,53.72549019607843,66.156,-256,-256,-256,66.718,65.125,65.718,65.125,66.718,5856,3897,14573,OFF,MAXN_SUPER
2026-08-16 00:17:40.366309,0:14:46.060000,26,5,30,24,48,32,0.6440148809600221,0.0019718153641388406,0,99.7,OFF,115200,499200,OFF,537600,OFF,115200,OFF,OFF,OFF,OFF,OFF,53.72549019607843,65.875,-256,-256,-256,67.062,65.218,65.593,65.187,67.062,6528,4083,15513,OFF,MAXN_SUPER
2026-08-16 00:17:41.368247,0:14:47.060000,7,8,13,49,13,64,0.6455466236703801,0.0019718153641388406,0,99.6,OFF,115200,499200,OFF,537600,OFF,115200,OFF,OFF,OFF,OFF,OFF,53.72549019607843,66.0,-256,-256,-256,66.906,65.156,65.75,65.25,66.906,6115,4013,14959,OFF,MAXN_SUPER
2026-08-16 00:17:42.368314,0:14:48.060000,46,12,16,11,13,65,0.6453823066515015,0.0019718153641388406,0,99.6,OFF,140800,499200,OFF,537600,OFF,115200,OFF,OFF,OFF,OFF,OFF,53.72549019607843,66.125,-256,-256,-256,66.718,65.125,65.781,65.25,66.718,6000,3974,14805,OFF,MAXN_SUPER
2026-08-16 00:17:43.369669,0:14:49.060000,35,8,23,5,13,65,0.646088356341995,0.0019718153641388406,0,99.8,OFF,140800,499200,OFF,537600,OFF,115200,OFF,OFF,OFF,OFF,OFF,53.72549019607843,65.968,-256,-256,-256,66.781,65.281,65.625,65.218,66.781,6077,4013,14921,OFF,MAXN_SUPER
2026-08-16 00:17:44.370277,0:14:50.060000,49,12,19,4,43,34,0.6466003065539383,0.0019718153641388406,0,99.7,OFF,115200,499200,OFF,537600,OFF,115200,OFF,OFF,OFF,OFF,OFF,53.72549019607843,66.031,-256,-256,-256,66.937,65.125,65.656,65.281,66.937,6038,3974,14882,OFF,MAXN_SUPER
2026-08-16 00:17:45.371574,0:14:51.070000,51,12,9,7,64,12,0.6461515156961265,0.0019718153641388406,0,99.8,OFF,115200,499200,OFF,537600,OFF,115200,OFF,OFF,OFF,OFF,OFF,53.72549019607843,66.062,-256,-256,-256,66.906,65.156,65.718,65.218,66.906,5663,3859,14341,OFF,MAXN_SUPER
2026-08-16 00:17:46.373282,0:14:52.070000,9,44,17,7,65,13,0.6456051616083556,0.0019718153641388406,0,99.3,OFF,115200,499200,OFF,537600,OFF,115200,OFF,OFF,OFF,OFF,OFF,53.72549019607843,65.968,-256,-256,-256,66.656,65.218,65.718,65.187,66.781,5702,3859,14264,OFF,MAXN_SUPER
2026-08-16 00:17:47.374508,0:14:53.070000,14,7,17,19,64,43,0.6426864805605265,0.0019718153641388406,0,99.7,OFF,153600,499200,OFF,537600,OFF,115200,OFF,OFF,OFF,OFF,OFF,53.72549019607843,66.093,-256,-256,-256,67.062,65.218,65.718,65.343,67.062,6528,4045,15513,OFF,MAXN_SUPER
2026-08-16 00:17:48.375303,0:14:54.070000,5,5,20,5,63,47,0.6438978050840712,0.0019718153641388406,0,99.8,OFF,166400,499200,OFF,537600,OFF,115200,OFF,OFF,OFF,OFF,OFF,53.72549019607843,65.968,-256,-256,-256,66.968,65.312,65.812,65.312,67.062,6461,4006,15321,OFF,MAXN_SUPER
2026-08-16 00:17:49.376639,0:14:55.070000,17,10,22,3,61,47,0.6449514879676296,0.0019718153641388406,0,99.7,OFF,166400,499200,OFF,537600,OFF,115200,OFF,OFF,OFF,OFF,OFF,53.72549019607843,65.906,-256,-256,-256,66.875,65.187,65.781,65.187,67.156,6000,3936,14727,OFF,MAXN_SUPER
2026-08-16 00:17:50.379148,0:14:56.070000,17,8,12,4,59,47,0.6459281472485885,0.0019718153641388406,0,99.7,OFF,115200,499200,OFF,537600,OFF,115200,OFF,OFF,OFF,OFF,OFF,53.72549019607843,66.187,-256,-256,-256,66.812,65.187,65.781,65.187,67.062,5846,3974,14689,OFF,MAXN_SUPER
2026-08-16 00:17:51.379081,0:14:57.070000,4,4,26,16,62,49,0.644371756985399,0.0019718153641388406,0,27.7,OFF,115200,499200,OFF,537600,OFF,115200,OFF,OFF,OFF,OFF,OFF,53.72549019607843,65.781,-256,-256,-256,66.625,65.25,65.843,65.125,66.625,5509,3788,13993,OFF,MAXN_SUPER
2026-08-16 00:17:52.379896,0:14:58.070000,6,7,13,14,64,48,0.6462531868515575,0.0019718153641388406,0,14.5,OFF,115200,499200,OFF,537600,OFF,115200,OFF,OFF,OFF,OFF,OFF,53.72549019607843,66.0,-256,-256,-256,66.531,65.125,65.718,65.125,66.406,5548,3826,14070,OFF,MAXN_SUPER
2026-08-16 00:17:53.381656,0:14:59.070000,12,5,13,5,50,61,0.6460796270003671,0.0019718153641388406,0,12.8,OFF,115200,499200,OFF,537600,OFF,115200,OFF,OFF,OFF,OFF,OFF,53.72549019607843,65.937,-256,-256,-256,66.218,65.281,65.656,65.125,66.218,5509,3826,13993,OFF,MAXN_SUPER
2026-08-16 00:17:54.383228,0:15:00.080000,19,6,15,12,55,53,0.6457417501302982,0.0019718153641388406,0,69.2,OFF,115200,499200,OFF,537600,OFF,115200,OFF,OFF,OFF,OFF,OFF,53.72549019607843,65.781,-256,-256,-256,66.156,65.187,65.812,65.156,66.156,5663,3820,14264,OFF,MAXN_SUPER
2026-08-16 00:17:55.383807,0:15:01.080000,17,11,25,7,65,46,0.6454336557199011,0.0019718153641388406,0,99.5,OFF,153600,499200,OFF,537600,OFF,115200,OFF,OFF,OFF,OFF,OFF,53.72549019607843,65.937,-256,-256,-256,66.312,65.281,65.625,65.218,66.531,5817,3897,14534,OFF,MAXN_SUPER
2026-08-16 00:17:56.383494,0:15:02.080000,16,7,24,3,64,47,0.6461171118202989,0.0019718153641388406,0,99.6,OFF,115200,499200,OFF,537600,OFF,115200,OFF,OFF,OFF,OFF,OFF,53.72549019607843,66.031,-256,-256,-256,66.812,65.187,65.656,65.218,66.812,5923,3974,14805,OFF,MAXN_SUPER
2026-08-16 00:17:57.385679,0:15:03.080000,10,13,14,7,57,47,0.6462608892118175,0.0019718153641388406,0,99.7,OFF,115200,499200,OFF,537600,OFF,115200,OFF,OFF,OFF,OFF,OFF,53.72549019607843,66.0,-256,-256,-256,66.875,65.187,65.718,65.312,66.875,6115,4013,14935,OFF,MAXN_SUPER
2026-08-16 00:17:58.385894,0:15:04.080000,29,15,14,7,46,52,0.6470136665545545,0.0019718153641388406,0,17.5,OFF,115200,499200,OFF,537600,OFF,115200,OFF,OFF,OFF,OFF,OFF,53.72549019607843,66.437,-256,-256,-256,66.531,65.218,65.812,65.187,66.531,6308,3936,15012,OFF,MAXN_SUPER
2026-08-16 00:17:59.388241,0:15:05.080000,26,7,18,51,28,42,0.6473197070022157,0.0019718153641388406,0,99.7,OFF,115200,499200,OFF,537600,OFF,115200,OFF,OFF,OFF,OFF,OFF,53.72549019607843,66.25,-256,-256,-256,67.031,65.312,65.875,65.5,67.156,6643,4006,15629,OFF,MAXN_SUPER
2026-08-16 00:18:00.389897,0:15:06.080000,20,5,13,3,65,44,0.6478778713757186,0.0019718153641388406,0,99.5,OFF,115200,499200,OFF,537600,OFF,115200,OFF,OFF,OFF,OFF,OFF,53.72549019607843,66.125,-256,-256,-256,66.625,65.25,65.812,65.375,66.343,6269,3936,15012,OFF,MAXN_SUPER
2026-08-16 00:18:01.389040,0:15:07.080000,17,5,24,4,63,48,0.6469797761694108,0.0019718153641388406,0,15.2,OFF,115200,499200,OFF,537600,OFF,115200,OFF,OFF,OFF,OFF,OFF,53.72549019607843,66.093,-256,-256,-256,66.312,65.281,65.812,65.375,66.312,6154,3897,14843,OFF,MAXN_SUPER
2026-08-16 00:18:02.390144,0:15:08.080000,14,18,18,11,39,47,0.6489592827562126,0.0019718153641388406,0,36.8,OFF,115200,499200,OFF,537600,OFF,115200,OFF,OFF,OFF,OFF,OFF,53.72549019607843,66.281,-256,-256,-256,66.593,65.218,65.843,65.25,66.593,6115,3897,14727,OFF,MAXN_SUPER
2026-08-16 00:18:03.391047,0:15:09.090000,20,7,37,9,24,46,0.6481613182332839,0.0019718153641388406,0,84.6,OFF,115200,499200,OFF,537600,OFF,115200,OFF,OFF,OFF,OFF,OFF,53.72549019607843,66.218,-256,-256,-256,66.468,65.281,65.718,65.406,66.468,5884,3936,14611,OFF,MAXN_SUPER
2026-08-16 00:18:04.392544,0:15:10.090000,17,14,40,11,27,47,0.6486285947557197,0.0019718153641388406,0,99.5,OFF,115200,499200,OFF,537600,OFF,115200,OFF,OFF,OFF,OFF,OFF,53.72549019607843,66.312,-256,-256,-256,66.718,65.375,65.812,65.437,66.718,5961,3936,14689,OFF,MAXN_SUPER
2026-08-16 00:18:05.394842,0:15:11.090000,12,10,62,14,0,48,0.648047836792121,0.0019718153641388406,0,99.8,OFF,115200,499200,OFF,537600,OFF,115200,OFF,OFF,OFF,OFF,OFF,53.72549019607843,66.437,-256,-256,-256,67.281,65.437,65.812,65.437,67.281,6038,4013,14959,OFF,MAXN_SUPER
2026-08-16 00:18:06.396265,0:15:12.090000,11,8,32,27,43,46,0.650103340000154,0.0019718153641388406,0,99.7,OFF,115200,499200,OFF,537600,OFF,115200,OFF,OFF,OFF,OFF,OFF,53.72549019607843,66.281,-256,-256,-256,67.031,65.281,65.875,65.375,67.031,6038,4013,14998,OFF,MAXN_SUPER
2026-08-16 00:18:07.396605,0:15:13.090000,10,5,11,9,57,53,0.6496180913037786,0.0019718153641388406,0,99.8,OFF,115200,499200,OFF,537600,OFF,115200,OFF,OFF,OFF,OFF,OFF,53.72549019607843,66.031,-256,-256,-256,67.0,65.312,65.968,65.312,67.0,6038,4013,14959,OFF,MAXN_SUPER
2026-08-16 00:18:08.398380,0:15:14.090000,17,9,12,50,10,55,0.6498527565463643,0.0019718153641388406,0,99.4,OFF,115200,499200,OFF,537600,OFF,115200,OFF,OFF,OFF,OFF,OFF,53.72549019607843,66.281,-256,-256,-256,66.781,65.375,65.843,65.406,67.031,6385,3968,15205,OFF,MAXN_SUPER
2026-08-16 00:18:09.399413,0:15:15.090000,22,8,7,16,55,56,0.6496499277261862,0.0019718153641388406,0,10.5,OFF,115200,499200,OFF,537600,OFF,115200,OFF,OFF,OFF,OFF,OFF,53.72549019607843,66.375,-256,-256,-256,67.187,65.375,65.906,65.312,67.187,6192,3897,14896,OFF,MAXN_SUPER
2026-08-16 00:18:10.400552,0:15:16.090000,6,6,5,24,62,48,0.6486712144824912,0.0019718153641388406,0,16.0,OFF,115200,499200,OFF,537600,OFF,115200,OFF,OFF,OFF,OFF,OFF,53.72549019607843,66.25,-256,-256,-256,66.906,65.468,65.968,65.343,66.906,6038,3897,14689,OFF,MAXN_SUPER
2026-08-16 00:18:11.401631,0:15:17.100000,8,6,17,22,64,44,0.6503662472303596,0.0019718153641388406,0,14.2,OFF,115200,499200,OFF,537600,OFF,115200,OFF,OFF,OFF,OFF,OFF,53.72549019607843,66.031,-256,-256,-256,66.156,65.5,65.812,65.375,66.156,5470,3788,13939,OFF,MAXN_SUPER
2026-08-16 00:18:12.402808,0:15:18.100000,6,6,5,20,64,46,0.6503564909073637,0.0019718153641388406,0,8.8,OFF,115200,499200,OFF,537600,OFF,115200,OFF,OFF,OFF,OFF,OFF,53.72549019607843,66.156,-256,-256,-256,66.281,65.5,65.875,65.375,66.281,5548,3826,14032,OFF,MAXN_SUPER
2026-08-16 00:18:13.404003,0:15:19.100000,18,25,19,16,35,47,0.6517567800026188,0.0019718153641388406,0,16.3,OFF,115200,499200,OFF,537600,OFF,115200,OFF,OFF,OFF,OFF,OFF,53.72549019607843,66.312,-256,-256,-256,66.343,65.406,65.875,65.25,66.687,6038,3936,14805,OFF,MAXN_SUPER
2026-08-16 00:18:14.405365,0:15:20.100000,12,8,15,12,63,48,0.6518949089966135,0.0019718153641388406,0,11.7,OFF,115200,499200,OFF,537600,OFF,115200,OFF,OFF,OFF,OFF,OFF,53.72549019607843,66.25,-256,-256,-256,66.812,65.531,65.875,65.5,66.812,6038,3859,14689,OFF,MAXN_SUPER
2026-08-16 00:18:15.406770,0:15:21.100000,12,6,28,25,49,46,0.6522014629349587,0.0019718153641388406,0,60.3,OFF,115200,499200,OFF,537600,OFF,115200,OFF,OFF,OFF,OFF,OFF,53.72549019607843,66.156,-256,-256,-256,67.218,65.468,65.906,65.5,67.218,6489,4006,15398,OFF,MAXN_SUPER
2026-08-16 00:18:16.408176,0:15:22.100000,8,5,17,22,63,46,0.6523375379662174,0.0019718153641388406,0,9.9,OFF,115200,499200,OFF,537600,OFF,115200,OFF,OFF,OFF,OFF,OFF,53.72549019607843,66.218,-256,-256,-256,67.0,65.437,65.968,65.343,66.812,5702,3859,14264,OFF,MAXN_SUPER
2026-08-16 00:18:17.408564,0:15:23.100000,11,8,5,15,65,46,0.6527313853208419,0.0019718153641388406,0,12.2,OFF,115200,499200,OFF,537600,OFF,115200,OFF,OFF,OFF,OFF,OFF,53.72549019607843,66.375,-256,-256,-256,66.75,65.5,65.875,65.406,66.562,5548,3820,14109,OFF,MAXN_SUPER
2026-08-16 00:18:18.409793,0:15:24.100000,7,14,17,14,63,44,0.6528879999794603,0.0019718153641388406,0,77.9,OFF,115200,499200,OFF,537600,OFF,115200,OFF,OFF,OFF,OFF,OFF,53.72549019607843,66.187,-256,-256,-256,66.406,65.437,66.0,65.375,66.406,5663,3820,14186,OFF,MAXN_SUPER
2026-08-16 00:18:19.410726,0:15:25.100000,13,18,5,13,61,50,0.6523683474072571,0.0019718153641388406,0,99.4,OFF,115200,499200,OFF,537600,OFF,115200,OFF,OFF,OFF,OFF,OFF,53.72549019607843,66.125,-256,-256,-256,66.625,65.468,65.843,65.406,66.625,5846,3897,14573,OFF,MAXN_SUPER
2026-08-16 00:18:20.412086,0:15:26.110000,6,22,5,14,63,47,0.6536787756328131,0.0019718153641388406,0,99.4,OFF,115200,499200,OFF,537600,OFF,115200,OFF,OFF,OFF,OFF,OFF,53.72549019607843,66.468,-256,-256,-256,66.875,65.406,66.093,65.406,66.906,6038,3974,14882,OFF,MAXN_SUPER
2026-08-16 00:18:21.413662,0:15:27.110000,4,13,13,13,48,63,0.6514491990829057,0.0019718153641388406,0,99.4,OFF,115200,499200,OFF,537600,OFF,115200,OFF,OFF,OFF,OFF,OFF,53.72549019607843,66.031,-256,-256,-256,66.75,65.5,65.812,65.5,66.593,5961,3936,14650,OFF,MAXN_SUPER
2026-08-16 00:18:22.413370,0:15:28.110000,15,6,12,7,52,59,0.6525455016932356,0.0019718153641388406,0,99.8,OFF,128000,499200,OFF,537600,OFF,115200,OFF,OFF,OFF,OFF,OFF,53.72549019607843,66.312,-256,-256,-256,67.187,65.468,65.812,65.406,67.187,6038,4013,14882,OFF,MAXN_SUPER
2026-08-16 00:18:23.414474,0:15:29.110000,16,15,4,18,64,49,0.6527740050476134,0.0019718153641388406,0,99.7,OFF,115200,499200,OFF,537600,OFF,115200,OFF,OFF,OFF,OFF,OFF,53.72549019607843,66.062,-256,-256,-256,67.125,65.437,65.875,65.437,67.125,5923,3974,14727,OFF,MAXN_SUPER
2026-08-16 00:18:24.417227,0:15:30.110000,17,16,14,13,47,46,0.6540279492979298,0.0019718153641388406,0,99.7,OFF,115200,499200,OFF,537600,OFF,115200,OFF,OFF,OFF,OFF,OFF,53.72549019607843,66.093,-256,-256,-256,67.062,65.5,65.906,65.437,67.062,5884,3974,14727,OFF,MAXN_SUPER
2026-08-16 00:18:25.417730,0:15:31.110000,13,6,19,20,62,47,0.6540844332731693,0.0019718153641388406,0,58.9,OFF,115200,499200,OFF,537600,OFF,115200,OFF,OFF,OFF,OFF,OFF,53.72549019607843,66.031,-256,-256,-256,67.093,65.5,65.906,65.406,67.093,5740,3859,14341,OFF,MAXN_SUPER
2026-08-16 00:18:26.418940,0:15:32.110000,15,35,27,15,9,47,0.6535385926760824,0.0019718153641388406,0,13.6,OFF,115200,499200,OFF,537600,OFF,115200,OFF,OFF,OFF,OFF,OFF,53.72549019607843,66.125,-256,-256,-256,66.781,65.5,66.031,65.437,66.781,5548,3820,14070,OFF,MAXN_SUPER
2026-08-16 00:18:27.420063,0:15:33.110000,10,18,5,11,61,44,0.6532695235576689,0.0019718153641388406,0,99.7,OFF,115200,499200,OFF,537600,OFF,115200,OFF,OFF,OFF,OFF,OFF,53.72549019607843,66.25,-256,-256,-256,67.562,65.5,66.062,65.562,67.562,6566,4083,15552,OFF,MAXN_SUPER
2026-08-16 00:18:28.421822,0:15:34.110000,12,18,16,8,65,49,0.6539971398568901,0.0019718153641388406,0,99.8,OFF,115200,499200,OFF,537600,OFF,115200,OFF,OFF,OFF,OFF,OFF,53.72549019607843,66.468,-256,-256,-256,67.437,65.5,66.0,65.593,67.437,6489,4045,15475,OFF,MAXN_SUPER
2026-08-16 00:18:29.422729,0:15:35.120000,14,9,5,11,63,47,0.6539940589127862,0.0019718153641388406,0,99.8,OFF,115200,499200,OFF,537600,OFF,115200,OFF,OFF,OFF,OFF,OFF,53.72549019607843,66.437,-256,-256,-256,67.218,65.562,66.062,65.687,67.218,6451,4006,15321,OFF,MAXN_SUPER
2026-08-16 00:18:30.422643,0:15:36.120000,11,11,6,28,62,46,0.6542877755840315,0.0019718153641388406,0,99.8,OFF,153600,499200,OFF,537600,OFF,115200,OFF,OFF,OFF,OFF,OFF,53.72549019607843,66.468,-256,-256,-256,67.187,65.562,66.031,65.593,67.125,6231,4006,15166,OFF,MAXN_SUPER
2026-08-16 00:18:31.424927,0:15:37.120000,22,53,20,12,38,27,0.6546847038827598,0.0019718153641388406,0,99.8,OFF,115200,499200,OFF,537600,OFF,115200,OFF,OFF,OFF,OFF,OFF,53.72549019607843,66.375,-256,-256,-256,67.187,65.437,66.125,65.562,67.031,5961,3936,14689,OFF,MAXN_SUPER
2026-08-16 00:18:32.425372,0:15:38.120000,22,28,22,7,58,18,0.6548505613736902,0.0019718153641388406,0,99.8,OFF,115200,499200,OFF,537600,OFF,115200,OFF,OFF,OFF,OFF,OFF,53.72549019607843,66.406,-256,-256,-256,66.875,65.531,66.156,65.468,66.875,5702,3859,14380,OFF,MAXN_SUPER
2026-08-16 00:18:33.425530,0:15:39.120000,21,32,40,43,6,17,0.6537008557322249,0.0019718153641388406,0,17.2,OFF,115200,499200,OFF,537600,OFF,115200,OFF,OFF,OFF,OFF,OFF,53.72549019607843,66.531,-256,-256,-256,67.0,65.5,66.125,65.5,66.937,6528,4045,15552,OFF,MAXN_SUPER
2026-08-16 00:18:34.426507,0:15:40.120000,5,17,44,39,26,15,0.6548315622183825,0.0019718153641388406,0,99.7,OFF,115200,499200,OFF,537600,OFF,115200,OFF,OFF,OFF,OFF,OFF,53.72549019607843,66.656,-256,-256,-256,67.562,65.593,66.156,65.687,67.562,6835,4122,15950,OFF,MAXN_SUPER
2026-08-16 00:18:35.427754,0:15:41.120000,41,22,14,32,27,17,0.6545681414974929,0.0019718153641388406,0,99.5,OFF,115200,499200,OFF,537600,OFF,115200,OFF,OFF,OFF,OFF,OFF,53.72549019607843,66.531,-256,-256,-256,67.25,65.562,66.218,65.656,67.25,6566,4006,15359,OFF,MAXN_SUPER
2026-08-16 00:18:36.430335,0:15:42.120000,24,8,6,43,48,17,0.6537552857447284,0.0019718153641388406,0,99.6,OFF,115200,499200,OFF,537600,OFF,115200,OFF,OFF,OFF,OFF,OFF,53.72549019607843,66.75,-256,-256,-256,67.187,65.562,66.218,65.687,67.187,6346,3968,15050,OFF,MAXN_SUPER
2026-08-16 00:18:37.431314,0:15:43.130000,12,29,15,18,15,57,0.6547345124791073,0.0019718153641388406,0,99.8,OFF,115200,499200,OFF,537600,OFF,115200,OFF,OFF,OFF,OFF,OFF,53.72549019607843,66.406,-256,-256,-256,67.468,65.531,66.125,65.593,67.468,6038,3974,14857,OFF,MAXN_SUPER
2026-08-16 00:18:38.432553,0:15:44.130000,31,32,12,3,14,66,0.6547550521064671,0.0019718153641388406,0,57.0,OFF,115200,499200,OFF,537600,OFF,115200,OFF,OFF,OFF,OFF,OFF,53.72549019607843,66.312,-256,-256,-256,66.75,65.718,66.062,65.625,67.0,6154,3897,14727,OFF,MAXN_SUPER
2026-08-16 00:18:39.433844,0:15:45.130000,39,16,8,12,21,55,0.6557034693998064,0.0019718153641388406,0,61.2,OFF,115200,499200,OFF,537600,OFF,115200,OFF,OFF,OFF,OFF,OFF,53.72549019607843,66.406,-256,-256,-256,66.718,65.656,66.062,65.625,66.718,5884,3859,14418,OFF,MAXN_SUPER
2026-08-16 00:18:40.434807,0:15:46.130000,16,32,28,10,12,64,0.6553604576228976,0.0019718153641388406,0,99.5,OFF,115200,499200,OFF,537600,OFF,115200,OFF,OFF,OFF,OFF,OFF,53.72549019607843,66.468,-256,-256,-256,67.0,65.75,66.125,65.718,67.0,5884,3936,14611,OFF,MAXN_SUPER
2026-08-16 00:18:41.435216,0:15:47.130000,44,12,14,15,12,66,0.6550800917094362,0.0019718153641388406,0,99.7,OFF,115200,499200,OFF,537600,OFF,115200,OFF,OFF,OFF,OFF,OFF,53.72549019607843,66.312,-256,-256,-256,67.187,65.593,66.093,65.656,67.187,6000,3974,14819,OFF,MAXN_SUPER
2026-08-16 00:18:42.436792,0:15:48.130000,34,12,24,12,13,63,0.6545727629136489,0.0019718153641388406,0,99.8,OFF,115200,499200,OFF,537600,OFF,115200,OFF,OFF,OFF,OFF,OFF,53.72549019607843,66.468,-256,-256,-256,67.531,65.687,66.125,65.781,67.531,6231,3968,15050,OFF,MAXN_SUPER
2026-08-16 00:18:43.438126,0:15:49.130000,37,10,16,16,2,65,0.6563838445561001,0.0019718153641388406,0,99.6,OFF,115200,499200,OFF,537600,OFF,115200,OFF,OFF,OFF,OFF,OFF,53.72549019607843,66.343,-256,-256,-256,67.031,65.812,66.093,65.656,67.031,6077,3974,14857,OFF,MAXN_SUPER
2026-08-16 00:18:44.439482,0:15:50.130000,21,40,9,13,13,65,0.6576059523840089,0.0019718153641388406,0,99.5,OFF,115200,499200,OFF,537600,OFF,115200,OFF,OFF,OFF,OFF,OFF,53.72549019607843,66.468,-256,-256,-256,66.593,65.625,66.218,65.625,66.593,6000,3897,14727,OFF,MAXN_SUPER
2026-08-16 00:18:45.440536,0:15:51.130000,14,20,46,6,14,63,0.6563140098230767,0.0019718153641388406,0,99.6,OFF,115200,499200,OFF,537600,OFF,115200,OFF,OFF,OFF,OFF,OFF,53.72549019607843,66.562,-256,-256,-256,66.937,65.625,66.187,65.625,66.937,5961,3936,14727,OFF,MAXN_SUPER
2026-08-16 00:18:46.441625,0:15:52.140000,10,45,9,7,14,65,0.6566693453764015,0.0019718153641388406,0,99.7,OFF,115200,499200,OFF,537600,OFF,115200,OFF,OFF,OFF,OFF,OFF,53.72549019607843,66.718,-256,-256,-256,67.437,65.656,66.187,65.656,67.093,6000,3974,14805,OFF,MAXN_SUPER
2026-08-16 00:18:47.442795,0:15:53.140000,34,42,13,9,12,66,0.6571058124577975,0.0019718153641388406,0,99.7,OFF,115200,499200,OFF,537600,OFF,115200,OFF,OFF,OFF,OFF,OFF,53.72549019607843,66.562,-256,-256,-256,67.593,65.718,66.031,65.718,67.25,6269,4045,15243,OFF,MAXN_SUPER
2026-08-16 00:18:48.443966,0:15:54.140000,36,35,8,8,21,65,0.6571915654020247,0.0019718153641388406,0,99.5,OFF,115200,499200,OFF,537600,OFF,115200,OFF,OFF,OFF,OFF,OFF,53.72549019607843,66.468,-256,-256,-256,66.937,65.781,66.156,65.812,66.937,6269,3936,14935,OFF,MAXN_SUPER
2026-08-16 00:18:49.445081,0:15:55.140000,9,12,9,17,46,63,0.6526266332213068,0.0019718153641388406,0,13.1,OFF,115200,499200,OFF,537600,OFF,115200,OFF,OFF,OFF,OFF,OFF,53.72549019607843,66.5,-256,-256,-256,67.031,65.812,66.187,65.75,67.031,6038,3897,14650,OFF,MAXN_SUPER
2026-08-16 00:18:50.446644,0:15:56.140000,13,13,20,11,45,63,0.654010490614674,0.0019718153641388406,0,22.0,OFF,115200,499200,OFF,537600,OFF,115200,OFF,OFF,OFF,OFF,OFF,53.72549019607843,66.468,-256,-256,-256,66.75,65.718,66.312,65.687,66.75,5740,3859,14264,OFF,MAXN_SUPER
2026-08-16 00:18:51.447711,0:15:57.140000,17,13,4,4,46,64,0.6550836861442241,0.0019718153641388406,0,89.0,OFF,115200,499200,OFF,537600,OFF,115200,OFF,OFF,OFF,OFF,OFF,53.72549019607843,66.468,-256,-256,-256,66.75,65.625,66.281,65.562,66.75,5769,3897,14457,OFF,MAXN_SUPER
2026-08-16 00:18:52.448289,0:15:58.140000,6,13,20,15,48,62,0.6561661245060861,0.0019718153641388406,0,99.7,OFF,153600,499200,OFF,537600,OFF,115200,OFF,OFF,OFF,OFF,OFF,53.72549019607843,66.5,-256,-256,-256,67.625,65.687,66.25,65.75,67.531,6077,3974,14857,OFF,MAXN_SUPER
2026-08-16 00:18:53.449055,0:15:59.140000,9,13,6,19,65,47,0.6537424484776285,0.0019718153641388406,0,99.7,OFF,115200,499200,OFF,537600,OFF,115200,OFF,OFF,OFF,OFF,OFF,53.72549019607843,66.406,-256,-256,-256,67.343,65.718,66.125,65.562,67.531,5961,3974,14843,OFF,MAXN_SUPER
2026-08-16 00:18:54.449549,0:16:00.140000,36,28,12,11,20,46,0.6558210587664414,0.0019718153641388406,0,99.7,OFF,115200,499200,OFF,537600,OFF,115200,OFF,OFF,OFF,OFF,OFF,53.72549019607843,66.781,-256,-256,-256,67.687,65.718,66.375,65.812,67.687,6374,4006,15321,OFF,MAXN_SUPER
2026-08-16 00:18:55.451944,0:16:01.140000,21,49,22,9,26,44,0.6557933302695056,0.0019718153641388406,0,99.5,OFF,115200,499200,OFF,537600,OFF,115200,OFF,OFF,OFF,OFF,OFF,53.72549019607843,66.968,-256,-256,-256,67.281,65.687,66.312,65.843,67.281,6604,4006,15475,OFF,MAXN_SUPER
2026-08-16 00:18:56.453381,0:16:02.150000,14,49,6,13,11,56,0.6573517744954313,0.0019718153641388406,0,11.9,OFF,115200,499200,OFF,537600,OFF,115200,OFF,OFF,OFF,OFF,OFF,53.72549019607843,66.5,-256,-256,-256,66.968,65.75,66.156,65.843,66.906,6038,3859,14689,OFF,MAXN_SUPER
2026-08-16 00:18:57.454373,0:16:03.150000,22,50,19,6,5,63,0.6569615215755948,0.0019718153641388406,0,22.7,OFF,115200,499200,OFF,537600,OFF,115200,OFF,OFF,OFF,OFF,OFF,53.72549019607843,66.906,-256,-256,-256,67.562,65.937,66.25,65.812,67.562,6269,3929,14973,OFF,MAXN_SUPER
2026-08-16 00:18:58.455088,0:16:04.150000,18,46,18,6,8,53,0.6573322618494394,0.0019718153641388406,0,42.3,OFF,115200,499200,OFF,537600,OFF,115200,OFF,OFF,OFF,OFF,OFF,53.72549019607843,66.843,-256,-256,-256,67.562,65.875,66.406,65.812,67.75,6269,3929,14973,OFF,MAXN_SUPER
2026-08-16 00:18:59.454944,0:16:05.150000,15,22,47,22,37,12,0.6570411126316141,0.0019718153641388406,0,9.7,OFF,115200,499200,OFF,537600,OFF,115200,OFF,OFF,OFF,OFF,OFF,53.72549019607843,66.718,-256,-256,-256,67.281,65.812,66.343,65.875,67.281,5884,3820,14418,OFF,MAXN_SUPER
2026-08-16 00:19:00.455997,0:16:06.150000,11,41,44,10,63,21,0.6572316176753763,0.0019718153641388406,0,99.8,OFF,115200,499200,OFF,537600,OFF,115200,OFF,OFF,OFF,OFF,OFF,53.72549019607843,67.468,-256,-256,-256,67.843,65.812,66.218,65.968,67.718,7360,4231,16644,OFF,MAXN_SUPER
2026-08-16 00:19:01.458728,0:16:07.150000,27,16,100,7,60,35,0.6457417501302982,0.0019718153641388406,0,22.9,OFF,115200,499200,OFF,537600,OFF,115200,OFF,OFF,OFF,OFF,OFF,53.72549019607843,67.5,-256,-256,-256,67.718,65.906,66.343,66.062,67.718,7769,4262,17270,OFF,MAXN_SUPER
2026-08-16 00:19:02.458808,0:16:08.150000,26,22,90,27,31,64,0.6425529729826877,0.0019718153641388406,0,12.0,OFF,115200,499200,OFF,537600,OFF,115200,OFF,OFF,OFF,OFF,OFF,53.72549019607843,67.25,-256,-256,-256,67.687,65.875,66.468,66.062,67.687,7398,4115,16605,OFF,MAXN_SUPER
2026-08-16 00:19:03.460278,0:16:09.150000,25,45,6,15,19,56,0.6435373346239066,0.0019718153641388406,0,46.5,OFF,115200,499200,OFF,537600,OFF,115200,OFF,OFF,OFF,OFF,OFF,53.72549019607843,67.156,-256,-256,-256,67.656,65.937,66.406,66.0,67.656,6374,3929,15166,OFF,MAXN_SUPER
2026-08-16 00:19:04.462057,0:16:10.160000,29,14,30,20,13,63,0.6449401911725816,0.0019718153641388406,0,43.3,OFF,115200,499200,OFF,537600,OFF,115200,OFF,OFF,OFF,OFF,OFF,53.72549019607843,67.25,-256,-256,-256,67.468,65.906,66.375,66.125,67.656,6192,3891,14857,OFF,MAXN_SUPER
2026-08-16 00:19:05.463040,0:16:11.160000,21,6,42,10,14,64,0.6459486868759483,0.0019718153641388406,0,13.4,OFF,115200,499200,OFF,537600,OFF,115200,OFF,OFF,OFF,OFF,OFF,53.72549019607843,66.718,-256,-256,-256,67.218,65.968,66.406,65.937,67.218,5509,3820,13954,OFF,MAXN_SUPER
2026-08-16 00:19:06.464419,0:16:12.160000,16,8,36,14,13,64,0.6468021083927484,0.0019718153641388406,0,8.2,OFF,115200,499200,OFF,537600,OFF,115200,OFF,OFF,OFF,OFF,OFF,53.72549019607843,66.968,-256,-256,-256,66.718,66.0,66.343,65.812,66.968,5548,3820,14070,OFF,MAXN_SUPER
2026-08-16 00:19:07.465555,0:16:13.160000,17,29,24,19,42,26,0.6479923797982495,0.0019718153641388406,0,53.6,OFF,115200,499200,OFF,537600,OFF,115200,OFF,OFF,OFF,OFF,OFF,53.72549019607843,66.687,-256,-256,-256,67.25,65.906,66.531,65.937,67.25,5740,3859,14302,OFF,MAXN_SUPER
2026-08-16 00:19:08.465524,0:16:14.160000,18,39,12,3,66,10,0.6489284733151729,0.0019718153641388406,0,99.4,OFF,115200,499200,OFF,537600,OFF,115200,OFF,OFF,OFF,OFF,OFF,53.72549019607843,66.968,-256,-256,-256,67.125,65.906,66.5,65.875,67.125,5808,3897,14534,OFF,MAXN_SUPER
2026-08-16 00:19:09.467850,0:16:15.160000,40,19,21,16,50,12,0.6499369690185396,0.0019718153641388406,0,99.7,OFF,115200,499200,OFF,537600,OFF,115200,OFF,OFF,OFF,OFF,OFF,53.72549019607843,66.937,-256,-256,-256,67.75,66.0,66.375,65.968,67.75,6000,3974,14843,OFF,MAXN_SUPER
2026-08-16 00:19:10.468983,0:16:16.160000,26,9,10,42,14,47,0.6511190245730967,0.0019718153641388406,0,99.8,OFF,115200,499200,OFF,537600,OFF,115200,OFF,OFF,OFF,OFF,OFF,53.72549019607843,66.656,-256,-256,-256,67.593,65.812,66.343,65.906,67.593,5961,3974,14742,OFF,MAXN_SUPER
2026-08-16 00:19:11.469867,0:16:17.160000,11,45,13,5,13,64,0.6520813061149038,0.0019718153641388406,0,99.7,OFF,OFF,499200,OFF,537600,OFF,115200,OFF,OFF,OFF,OFF,OFF,53.72549019607843,66.468,-256,-256,-256,67.343,65.812,66.312,65.781,67.343,5663,3897,14380,OFF,MAXN_SUPER
2026-08-16 00:19:12.471387,0:16:18.160000,44,7,25,3,14,63,0.6529850497187355,0.0019718153641388406,0,25.1,OFF,OFF,499200,OFF,537600,OFF,115200,OFF,OFF,OFF,OFF,OFF,53.72549019607843,66.562,-256,-256,-256,67.312,65.812,66.375,65.812,67.312,5509,3788,13993,OFF,MAXN_SUPER
2026-08-16 00:19:13.473898,0:16:19.170000,14,42,6,4,12,62,0.6541024054471092,0.0019718153641388406,0,10.6,OFF,OFF,499200,OFF,537600,OFF,115200,OFF,OFF,OFF,OFF,OFF,53.72549019607843,66.593,-256,-256,-256,66.937,65.906,66.312,65.812,67.187,5432,3749,13877,OFF,MAXN_SUPER
2026-08-16 00:19:14.473393,0:16:20.170000,18,36,19,5,20,56,0.6549722586657971,0.0019718153641388406,0,10.1,OFF,OFF,499200,OFF,537600,OFF,115200,OFF,OFF,OFF,OFF,OFF,53.72549019607843,66.687,-256,-256,-256,67.406,65.812,66.281,65.843,67.25,5923,3782,14457,OFF,MAXN_SUPER
2026-08-16 00:19:15.473361,0:16:21.170000,17,47,55,4,0,15,0.6561055326053747,0.0019718153641388406,0,99.7,OFF,OFF,499200,OFF,537600,OFF,115200,OFF,OFF,OFF,OFF,OFF,53.72549019607843,66.718,-256,-256,-256,67.718,65.875,66.281,65.906,67.718,6451,3929,15243,OFF,MAXN_SUPER
2026-08-16 00:19:16.475913,0:16:22.170000,28,27,33,9,31,13,0.6568886058984675,0.0019718153641388406,0,90.0,OFF,OFF,499200,OFF,537600,OFF,115200,OFF,OFF,OFF,OFF,OFF,53.72549019607843,67.031,-256,-256,-256,67.593,65.968,66.375,65.968,67.312,6566,3968,15398,OFF,MAXN_SUPER
2026-08-16 00:19:17.476810,0:16:23.170000,10,46,4,19,44,22,0.6581974936519714,0.0019718153641388406,0,7.6,OFF,OFF,499200,OFF,537600,OFF,115200,OFF,OFF,OFF,OFF,OFF,53.72549019607843,66.75,-256,-256,-256,67.062,65.875,66.5,65.875,67.062,5961,3820,14457,OFF,MAXN_SUPER
2026-08-16 00:19:18.478096,0:16:24.170000,9,14,5,41,14,47,0.6421478288330154,0.0019718153641388406,0,0.0,OFF,OFF,499200,OFF,537600,OFF,115200,OFF,OFF,OFF,OFF,OFF,53.72549019607843,66.437,-256,-256,-256,66.5,65.812,66.406,65.625,66.5,4290,3296,11712,OFF,MAXN_SUPER
2026-08-16 00:19:19.479430,0:16:25.170000,5,8,18,28,31,0,0.6422844173549581,0.0019718153641388406,0,0.0,OFF,OFF,499200,OFF,537600,OFF,115200,OFF,OFF,OFF,OFF,OFF,53.72549019607843,65.625,-256,-256,-256,65.343,65.5,66.187,65.0,66.25,1290,1720,5992,OFF,MAXN_SUPER
2026-08-16 00:19:20.481105,0:16:26.170000,7,11,5,5,0,0,0.6423167672680499,0.0019718153641388406,0,0.0,OFF,OFF,499200,OFF,537600,OFF,115200,OFF,OFF,OFF,OFF,OFF,53.72549019607843,65.125,-256,-256,-256,65.062,65.25,66.0,64.687,66.0,706,1412,4864,OFF,MAXN_SUPER
2026-08-16 00:19:21.481702,0:16:27.180000,4,5,25,5,4,0,0.6425719721379954,0.0019718153641388406,0,0.0,OFF,OFF,499200,OFF,537600,OFF,115200,OFF,OFF,OFF,OFF,OFF,53.72549019607843,64.906,-256,-256,-256,64.781,64.906,65.718,64.437,65.718,744,1412,4904,OFF,MAXN_SUPER
2026-08-16 00:19:22.483098,0:16:28.180000,5,5,2,2,0,0,0.6428307714427292,0.0019718153641388406,0,0.0,OFF,OFF,499200,OFF,537600,OFF,115200,OFF,OFF,OFF,OFF,OFF,53.72549019607843,64.531,-256,-256,-256,64.437,64.875,65.593,64.281,65.593,628,1375,4754,OFF,MAXN_SUPER
2026-08-16 00:19:23.483763,0:16:29.180000,7,4,6,0,1,0,0.6429596576044119,0.0019718153641388406,0,0.0,OFF,OFF,499200,OFF,537600,OFF,115200,OFF,OFF,OFF,OFF,OFF,51.372549019607845,64.343,-256,-256,-256,64.187,64.718,65.437,64.0,65.375,590,1377,4683,OFF,MAXN_SUPER
2026-08-16 00:19:24.485202,0:16:30.180000,4,8,17,10,0,0,0.6434582570585713,0.0019718153641388406,0,0.0,OFF,OFF,499200,OFF,537600,OFF,115200,OFF,OFF,OFF,OFF,OFF,51.372549019607845,64.156,-256,-256,-256,64.187,64.531,65.281,63.843,65.281,707,1375,4841,OFF,MAXN_SUPER
2026-08-16 00:19:25.486506,0:16:31.180000,4,7,3,2,0,0,0.643489579990295,0.0019718153641388406,0,0.0,OFF,OFF,499200,OFF,537600,OFF,115200,OFF,OFF,OFF,OFF,OFF,51.372549019607845,63.906,-256,-256,-256,63.875,64.375,65.156,63.75,65.156,629,1377,4730,OFF,MAXN_SUPER
2026-08-16 00:19:26.487503,0:16:32.180000,5,15,18,2,0,0,0.6433915032696519,0.0019718153641388406,0,0.0,OFF,OFF,499200,OFF,537600,OFF,115200,OFF,OFF,OFF,OFF,OFF,51.372549019607845,63.937,-256,-256,-256,63.906,64.125,65.062,63.625,65.062,746,1377,4880,OFF,MAXN_SUPER
2026-08-16 00:19:27.489075,0:16:33.180000,3,4,4,5,0,0,0.6433915032696519,0.0019718153641388406,0,0.0,OFF,OFF,499200,OFF,537600,OFF,115200,OFF,OFF,OFF,OFF,OFF,49.411764705882355,63.843,-256,-256,-256,63.593,64.062,65.031,63.468,65.031,592,1382,4699,OFF,MAXN_SUPER
2026-08-16 00:19:28.490172,0:16:34.180000,4,4,33,3,0,0,0.641645121453384,0.0019718153641388406,0,0.0,OFF,OFF,499200,OFF,537600,OFF,115200,OFF,OFF,OFF,OFF,OFF,49.411764705882355,63.718,-256,-256,-256,63.531,63.843,64.718,63.25,64.718,708,1377,4849,OFF,MAXN_SUPER
2026-08-16 00:19:29.491613,0:16:35.180000,5,7,3,2,66,9,0.6307555245178964,0.0019718153641388406,0,0.0,OFF,OFF,499200,OFF,537600,OFF,115200,OFF,OFF,OFF,OFF,OFF,49.411764705882355,63.75,-256,-256,-256,63.375,63.812,64.656,63.156,64.656,1096,1449,5649,OFF,MAXN_SUPER
2026-08-16 00:19:30.493248,0:16:36.190000,2,3,4,5,100,0,0.6046096058702255,0.0019718153641388406,0,0.0,OFF,OFF,499200,OFF,537600,OFF,115200,OFF,OFF,OFF,OFF,OFF,49.411764705882355,63.843,-256,-256,-256,63.25,63.718,64.531,63.062,64.531,1212,1449,5757,OFF,MAXN_SUPER
2026-08-16 00:19:31.494666,0:16:37.190000,2,2,3,3,100,0,0.6046337399323732,0.0019718153641388406,0,0.0,OFF,OFF,499200,OFF,537600,OFF,115200,OFF,OFF,OFF,OFF,OFF,49.411764705882355,63.593,-256,-256,-256,63.312,63.531,64.5,63.093,64.5,1173,1449,5718,OFF,MAXN_SUPER
2026-08-16 00:19:32.495793,0:16:38.190000,5,2,4,2,64,37,0.5894107951146497,0.0019718153641388406,0,0.0,OFF,OFF,499200,OFF,537600,OFF,115200,OFF,OFF,OFF,OFF,OFF,49.411764705882355,63.437,-256,-256,-256,63.062,63.562,64.375,63.031,64.375,1251,1449,5757,OFF,MAXN_SUPER
2026-08-16 00:19:33.497433,0:16:39.190000,5,2,4,3,29,26,0.34097321889337623,0.0019718153641388406,0,0.0,OFF,OFF,499200,OFF,537600,OFF,115200,OFF,OFF,OFF,OFF,OFF,49.411764705882355,63.093,-256,-256,-256,63.125,63.312,64.375,62.718,64.375,826,1377,5006,OFF,MAXN_SUPER
2026-08-16 00:19:34.497942,0:16:40.190000,2,5,4,6,0,0,0.34077552498003805,0.0019718153641388406,0,0.0,OFF,OFF,499200,OFF,537600,OFF,115200,OFF,OFF,OFF,OFF,OFF,49.411764705882355,62.968,-256,-256,-256,62.968,63.187,64.25,62.593,64.25,630,1379,4730,OFF,MAXN_SUPER
2026-08-16 00:19:35.499062,0:16:41.190000,6,2,3,2,0,0,0.34111853675694687,0.0019718153641388406,0,0.0,OFF,OFF,499200,OFF,537600,OFF,115200,OFF,OFF,OFF,OFF,OFF,49.411764705882355,62.906,-256,-256,-256,62.656,63.125,64.031,62.375,64.031,592,1382,4667,OFF,MAXN_SUPER
