time,uptime,CPU1,CPU2,CPU3,CPU4,CPU5,CPU6,RAM,SWAP,EMC,GPU,APE,NVDEC,NVJPG,NVJPG1,OFA,SE,VIC,DLA0,DLA1,PVA,NVENC,NVJPG0,Fan pwmfan0,Temp cpu,Temp cv0,Temp cv1,Temp cv2,Temp gpu,Temp soc0,Temp soc1,Temp soc2,Temp tj,Power VDD_CPU_GPU_CV,Power VDD_SOC,Power TOT,jetson_clocks,nvp model
2026-08-16 01:17:05.799330,0:30:21.380000,15,17,17,16,25,28,0.33782552100048524,0.0021032697217480967,0,0.0,OFF,OFF,499200,OFF,537600,OFF,115200,OFF,OFF,OFF,OFF,OFF,46.27450980392157,61.531,-256,-256,-256,61.531,62.125,62.937,61.437,63.031,592,1342,4667,OFF,MAXN_SUPER
2026-08-16 01:17:06.596564,1:14:12.490000,2,2,1,2,1,1,0.3435540230711364,0.0021032697217480967,0,0.0,OFF,OFF,499200,OFF,537600,OFF,115200,OFF,OFF,OFF,OFF,OFF,38.03921568627451,55.187,-256,-256,-256,54.656,54.593,55.781,54.312,55.781,1762,2271,6904,ON,MAXN_SUPER
2026-08-16 01:17:07.596524,1:14:13.490000,20,34,3,5,4,2,0.34687117288974584,0.0021032697217480967,0,0.0,OFF,OFF,499200,OFF,537600,OFF,115200,OFF,OFF,OFF,OFF,OFF,38.03921568627451,54.875,-256,-256,-256,54.5,54.656,55.968,54.218,56.031,1605,2275,6787,ON,MAXN_SUPER
2026-08-16 01:17:08.597302,1:14:14.490000,3,0,2,2,0,0,0.34694922347371315,0.0021032697217480967,0,0.0,OFF,OFF,499200,OFF,537600,OFF,115200,OFF,OFF,OFF,OFF,OFF,38.03921568627451,54.781,-256,-256,-256,54.718,54.593,55.875,54.187,55.906,1527,2236,6590,ON,MAXN_SUPER
2026-08-16 01:17:09.598289,1:14:15.490000,2,1,2,2,0,1,0.3472044283436588,0.0021032697217480967,0,0.0,OFF,OFF,499200,OFF,537600,OFF,115200,OFF,OFF,OFF,OFF,OFF,38.03921568627451,54.718,-256,-256,-256,54.687,54.75,55.906,54.281,55.843,1488,2236,6512,ON,MAXN_SUPER
2026-08-16 01:17:10.599346,1:14:16.490000,2,2,3,2,0,1,0.3472028878716068,0.0021032697217480967,0,0.0,OFF,OFF,499200,OFF,537600,OFF,115200,OFF,OFF,OFF,OFF,OFF,38.03921568627451,54.718,-256,-256,-256,54.468,54.593,55.906,54.187,55.843,1488,2236,6512,ON,MAXN_SUPER
2026-08-16 01:17:11.600325,1:14:17.490000,18,17,91,15,14,14,0.36835356914537176,0.0021032697217480967,0,0.0,OFF,OFF,499200,OFF,537600,OFF,115200,OFF,OFF,OFF,OFF,OFF,38.03921568627451,55.343,-256,-256,-256,54.531,54.625,55.875,54.375,55.875,2268,2310,7559,ON,MAXN_SUPER
2026-08-16 01:17:12.601154,1:14:18.490000,3,6,100,5,0,1,0.3781643221537853,0.0021032697217480967,0,0.0,OFF,OFF,499200,OFF,537600,OFF,115200,OFF,OFF,OFF,OFF,OFF,38.03921568627451,55.843,-256,-256,-256,54.687,54.718,56.062,54.343,56.062,2189,2350,7598,ON,MAXN_SUPER
2026-08-16 01:17:13.601990,1:14:19.490000,2,4,100,0,0,1,0.38252077711680116,0.0021032697217480967,0,0.0,OFF,OFF,499200,OFF,537600,OFF,115200,OFF,OFF,OFF,OFF,OFF,38.03921568627451,55.812,-256,-256,-256,54.625,54.718,56.0,54.343,56.0,2189,2350,7598,ON,MAXN_SUPER
2026-08-16 01:17:14.602929,1:14:20.500000,2,2,100,2,0,2,0.38892914085306207,0.0021032697217480967,0,0.0,OFF,OFF,499200,OFF,537600,OFF,115200,OFF,OFF,OFF,OFF,OFF,38.03921568627451,55.656,-256,-256,-256,54.562,54.625,55.906,54.375,55.906,2189,2350,7559,ON,MAXN_SUPER
2026-08-16 01:17:15.603931,1:14:21.500000,3,2,100,2,0,0,0.3929934196168846,0.0021032697217480967,0,0.0,OFF,OFF,499200,OFF,537600,OFF,115200,OFF,OFF,OFF,OFF,OFF,38.03921568627451,55.718,-256,-256,-256,54.812,54.656,55.875,54.375,55.937,2189,2310,7598,ON,MAXN_SUPER
2026-08-16 01:17:16.604782,1:14:22.500000,9,8,100,7,5,0,0.39688003060404475,0.0021032697217480967,0,0.0,OFF,OFF,499200,OFF,537600,OFF,115200,OFF,OFF,OFF,OFF,OFF,38.03921568627451,55.875,-256,-256,-256,54.687,54.718,55.968,54.437,55.968,2307,2350,7755,ON,MAXN_SUPER
2026-08-16 01:17:17.605523,1:14:23.500000,5,6,75,3,29,2,0.4016375217912609,0.0021032697217480967,0,0.0,OFF,OFF,499200,OFF,537600,OFF,115200,OFF,OFF,OFF,OFF,OFF,38.03921568627451,55.031,-256,-256,-256,54.843,54.781,55.968,54.343,55.968,2072,2389,7637,ON,MAXN_SUPER
2026-08-16 01:17:18.606339,1:14:24.500000,2,3,0,1,82,1,0.4021212300155844,0.0021032697217480967,0,0.0,OFF,OFF,499200,OFF,537600,OFF,115200,OFF,OFF,OFF,OFF,OFF,38.03921568627451,55.187,-256,-256,-256,54.937,54.75,56.093,54.343,56.093,1919,2271,7140,ON,MAXN_SUPER
2026-08-16 01:17:19.607375,1:14:25.500000,2,14,2,0,2,0,0.40199337083526965,0.0021032697217480967,0,0.0,OFF,OFF,499200,OFF,537600,OFF,115200,OFF,OFF,OFF,OFF,OFF,38.03921568627451,55.062,-256,-256,-256,54.625,54.593,56.031,54.312,56.031,1684,2275,6787,ON,MAXN_SUPER
2026-08-16 01:17:20.608391,1:14:26.500000,3,19,1,3,0,0,0.4021823354069799,0.0021032697217480967,0,0.0,OFF,OFF,499200,OFF,537600,OFF,115200,OFF,OFF,OFF,OFF,OFF,38.03921568627451,54.968,-256,-256,-256,54.531,54.656,55.843,54.312,55.843,1605,2275,6708,ON,MAXN_SUPER
2026-08-16 01:17:21.609186,1:14:27.500000,20,14,2,10,0,0,0.4028267662153939,0.0021032697217480967,0,0.0,OFF,OFF,499200,OFF,537600,OFF,115200,OFF,OFF,OFF,OFF,OFF,36.470588235294116,54.843,-256,-256,-256,54.593,54.812,55.906,54.281,55.906,1723,2275,6826,ON,MAXN_SUPER
2026-08-16 01:17:22.610121,1:14:28.500000,2,25,3,14,8,1,0.4031774803525627,0.0021032697217480967,0,0.0,OFF,OFF,499200,OFF,537600,OFF,115200,OFF,OFF,OFF,OFF,OFF,36.470588235294116,55.187,-256,-256,-256,54.468,54.718,55.968,54.343,55.968,1919,2271,7140,ON,MAXN_SUPER
2026-08-16 01:17:23.611003,1:14:29.500000,8,3,3,3,99,0,0.4107314418048171,0.0021032697217480967,0,0.0,OFF,OFF,499200,OFF,537600,OFF,115200,OFF,OFF,OFF,OFF,OFF,36.470588235294116,55.312,-256,-256,-256,54.625,54.781,55.937,54.312,55.937,2111,2389,7637,ON,MAXN_SUPER
2026-08-16 01:17:24.612034,1:14:30.500000,6,1,1,2,98,0,0.4154550426068895,0.0021032697217480967,0,0.0,OFF,OFF,499200,OFF,537600,OFF,115200,OFF,OFF,OFF,OFF,OFF,36.470588235294116,55.531,-256,-256,-256,54.843,54.781,56.031,54.375,56.125,2189,2350,7598,ON,MAXN_SUPER
2026-08-16 01:17:25.612882,1:14:31.500000,89,2,2,1,13,0,0.420500088577143,0.0021032697217480967,0,0.0,OFF,OFF,499200,OFF,537600,OFF,115200,OFF,OFF,OFF,OFF,OFF,36.470588235294116,55.781,-256,-256,-256,54.656,54.718,56.187,54.562,56.187,2072,2389,7598,ON,MAXN_SUPER
2026-08-16 01:17:26.613584,1:14:32.500000,18,2,2,4,78,0,0.42402006721593055,0.0021032697217480967,0,0.0,OFF,OFF,499200,OFF,537600,OFF,115200,OFF,OFF,OFF,OFF,OFF,36.470588235294116,55.281,-256,-256,-256,54.906,54.843,56.031,54.375,56.062,1958,2310,7218,ON,MAXN_SUPER
2026-08-16 01:17:27.614690,1:14:33.500000,6,2,2,24,15,0,0.4282763914955673,0.0021032697217480967,0,0.0,OFF,OFF,499200,OFF,537600,OFF,115200,OFF,OFF,OFF,OFF,OFF,36.470588235294116,55.218,-256,-256,-256,54.718,54.906,56.093,54.375,56.093,1723,2271,6904,ON,MAXN_SUPER
2026-08-16 01:17:28.615967,1:14:34.500000,26,17,13,24,29,5,0.5065821803327933,0.0021032697217480967,0,5.2,OFF,115200,499200,OFF,537600,OFF,115200,OFF,OFF,OFF,OFF,OFF,36.470588235294116,56.062,-256,-256,-256,54.937,54.843,56.062,54.531,56.312,2615,2659,8641,ON,MAXN_SUPER
2026-08-16 01:17:29.617240,1:14:35.500000,42,27,35,28,23,73,0.5236963113396715,0.0021032697217480967,0,22.0,OFF,140800,499200,OFF,537600,OFF,115200,OFF,OFF,OFF,OFF,OFF,36.470588235294116,56.156,-256,-256,-256,56.656,55.281,56.25,55.125,56.656,5682,3490,13480,ON,MAXN_SUPER
2026-08-16 01:17:30.617836,1:14:36.500000,21,29,20,52,3,81,0.5239109504455816,0.0021032697217480967,0,78.2,OFF,115200,499200,OFF,537600,OFF,115200,OFF,OFF,OFF,OFF,OFF,36.470588235294116,56.187,-256,-256,-256,56.281,55.375,56.343,55.343,56.406,5837,3562,13845,ON,MAXN_SUPER
2026-08-16 01:17:31.619737,1:14:37.500000,13,29,12,64,1,56,0.5268357933816186,0.0021032697217480967,0,76.9,OFF,153600,499200,OFF,537600,OFF,115200,OFF,OFF,OFF,OFF,OFF,39.6078431372549,56.5,-256,-256,-256,56.406,55.531,56.5,55.531,56.5,5759,3523,13690,ON,MAXN_SUPER
2026-08-16 01:17:32.619655,1:14:38.500000,23,47,8,36,35,23,0.5293277636710476,0.0021032697217480967,0,58.1,OFF,115200,499200,OFF,537600,OFF,115200,OFF,OFF,OFF,OFF,OFF,39.6078431372549,56.843,-256,-256,-256,56.718,55.656,56.656,55.718,56.781,5798,3523,13729,ON,MAXN_SUPER
2026-08-16 01:17:33.620824,1:14:39.500000,20,28,14,23,57,34,0.532864174011723,0.0021032697217480967,0,55.6,OFF,179200,499200,OFF,537600,OFF,115200,OFF,OFF,OFF,OFF,OFF,39.6078431372549,56.781,-256,-256,-256,57.281,55.718,56.906,55.75,57.281,5914,3562,13845,ON,MAXN_SUPER
2026-08-16 01:17:34.621737,1:14:40.500000,8,6,15,20,62,57,0.5360930034326852,0.0021032697217480967,0,19.7,OFF,115200,499200,OFF,537600,OFF,115200,OFF,OFF,OFF,OFF,OFF,39.6078431372549,57.031,-256,-256,-256,57.312,55.875,56.968,55.937,57.312,5943,3600,14001,ON,MAXN_SUPER
2026-08-16 01:17:35.623772,1:14:41.500000,5,5,14,34,60,57,0.539365479561787,0.0021032697217480967,0,99.3,OFF,115200,499200,OFF,537600,OFF,115200,OFF,OFF,OFF,OFF,OFF,39.6078431372549,57.031,-256,-256,-256,57.25,56.156,56.968,56.125,57.25,5953,3562,13884,ON,MAXN_SUPER
2026-08-16 01:17:36.623901,1:14:42.500000,9,13,9,32,63,57,0.5401747408797636,0.0021032697217480967,0,67.7,OFF,179200,499200,OFF,537600,OFF,115200,OFF,OFF,OFF,OFF,OFF,39.6078431372549,56.875,-256,-256,-256,57.437,56.187,57.062,56.281,57.437,5875,3562,13768,ON,MAXN_SUPER
2026-08-16 01:17:37.624634,1:14:43.500000,8,6,8,33,63,56,0.5440962692334355,0.0021032697217480967,0,20.7,OFF,115200,499200,OFF,537600,OFF,115200,OFF,OFF,OFF,OFF,OFF,39.6078431372549,57.156,-256,-256,-256,57.781,56.312,57.218,56.281,57.781,5991,3600,14001,ON,MAXN_SUPER
2026-08-16 01:17:38.625867,1:14:44.500000,17,7,25,15,61,55,0.5475505210646716,0.0021032697217480967,0,19.1,OFF,115200,499200,OFF,537600,OFF,115200,OFF,OFF,OFF,OFF,OFF,39.6078431372549,57.25,-256,-256,-256,57.843,56.437,57.468,56.437,57.843,5981,3600,14001,ON,MAXN_SUPER
2026-08-16 01:17:39.626548,1:14:45.500000,6,13,16,11,60,59,0.5507932147341017,0.0021032697217480967,0,61.3,OFF,153600,499200,OFF,537600,OFF,115200,OFF,OFF,OFF,OFF,OFF,41.1764705882353,57.562,-256,-256,-256,57.687,56.5,57.468,56.468,57.687,5875,3562,13807,ON,MAXN_SUPER
2026-08-16 01:17:40.627519,1:14:46.500000,17,32,27,49,63,3,0.5539501554593046,0.0021032697217480967,0,26.2,OFF,115200,499200,OFF,537600,OFF,115200,OFF,OFF,OFF,OFF,OFF,41.1764705882353,57.843,-256,-256,-256,57.906,56.75,57.531,56.718,57.906,5981,3562,13962,ON,MAXN_SUPER
2026-08-16 01:17:41.628958,1:14:47.500000,19,45,24,13,64,3,0.5573576796382972,0.0021032697217480967,0,22.1,OFF,115200,499200,OFF,537600,OFF,115200,OFF,OFF,OFF,OFF,OFF,41.1764705882353,57.75,-256,-256,-256,58.187,56.843,57.593,56.968,58.187,5981,3639,14078,ON,MAXN_SUPER
2026-08-16 01:17:42.630627,1:14:48.500000,19,52,13,31,27,39,0.5604920267734043,0.0021032697217480967,0,59.8,OFF,166400,499200,OFF,537600,OFF,115200,OFF,OFF,OFF,OFF,OFF,41.1764705882353,58.093,-256,-256,-256,58.281,56.968,57.781,57.062,58.281,6020,3600,14039,ON,MAXN_SUPER
2026-08-16 01:17:43.630238,1:14:49.500000,29,22,19,41,4,61,0.5636926142067468,0.0021032697217480967,0,99.3,OFF,115200,499200,OFF,537600,OFF,115200,OFF,OFF,OFF,OFF,OFF,41.1764705882353,57.937,-256,-256,-256,58.312,56.906,57.968,57.062,58.312,5837,3562,13807,ON,MAXN_SUPER
2026-08-16 01:17:44.631365,1:14:50.500000,9,29,47,12,8,63,0.5671063002739473,0.0021032697217480967,0,17.2,OFF,192000,499200,OFF,537600,OFF,115200,OFF,OFF,OFF,OFF,OFF,41.1764705882353,57.906,-256,-256,-256,58.406,57.125,58.031,57.125,58.406,5875,3562,13884,ON,MAXN_SUPER
2026-08-16 01:17:45.632576,1:14:51.500000,16,56,37,4,5,61,0.570176974564239,0.0021032697217480967,0,22.0,OFF,115200,499200,OFF,537600,OFF,115200,OFF,OFF,OFF,OFF,OFF,41.1764705882353,58.312,-256,-256,-256,58.937,57.218,58.125,57.218,58.937,5981,3600,14039,ON,MAXN_SUPER
2026-08-16 01:17:46.633639,1:14:52.500000,7,37,32,25,7,62,0.5711361751619422,0.0021032697217480967,0,59.2,OFF,115200,499200,OFF,537600,OFF,115200,OFF,OFF,OFF,OFF,OFF,41.1764705882353,58.218,-256,-256,-256,58.75,57.218,58.187,57.406,58.75,5943,3562,13923,ON,MAXN_SUPER
2026-08-16 01:17:47.634720,1:14:53.500000,13,40,25,40,13,59,0.5752451276152722,0.0021032697217480967,0,60.0,OFF,153600,499200,OFF,537600,OFF,115200,OFF,OFF,OFF,OFF,OFF,43.13725490196079,58.406,-256,-256,-256,58.531,57.5,58.312,57.468,58.531,6020,3562,13923,ON,MAXN_SUPER
2026-08-16 01:17:48.635080,1:14:54.500000,22,35,14,35,7,61,0.5780682993958782,0.0021032697217480967,0,99.4,OFF,140800,499200,OFF,537600,OFF,115200,OFF,OFF,OFF,OFF,OFF,43.13725490196079,58.343,-256,-256,-256,58.531,57.437,58.343,57.5,58.531,5827,3562,13768,ON,MAXN_SUPER
2026-08-16 01:17:49.636020,1:14:55.500000,8,3,53,24,5,67,0.5792426525901754,0.0021032697217480967,0,42.9,OFF,115200,499200,OFF,537600,OFF,115200,OFF,OFF,OFF,OFF,OFF,43.13725490196079,58.562,-256,-256,-256,58.625,57.562,58.437,57.468,58.625,5527,3451,13186,ON,MAXN_SUPER
2026-08-16 01:17:50.636989,1:14:56.500000,10,27,15,50,44,20,0.5802927410389457,0.0021032697217480967,0,17.1,OFF,115200,499200,OFF,537600,OFF,115200,OFF,OFF,OFF,OFF,OFF,43.13725490196079,58.718,-256,-256,-256,58.812,57.562,58.562,57.562,58.812,5450,3451,13208,ON,MAXN_SUPER
2026-08-16 01:17:51.638493,1:14:57.500000,25,29,11,34,50,6,0.5801664223306828,0.0021032697217480967,0,85.0,OFF,115200,499200,OFF,537600,OFF,115200,OFF,OFF,OFF,OFF,OFF,43.13725490196079,58.718,-256,-256,-256,58.968,57.718,58.656,57.75,58.968,5450,3451,13169,ON,MAXN_SUPER
2026-08-16 01:17:52.638713,1:14:58.500000,17,34,48,13,27,27,0.5820093403955419,0.0021032697217480967,0,34.3,OFF,115200,499200,OFF,537600,OFF,115200,OFF,OFF,OFF,OFF,OFF,43.13725490196079,58.5,-256,-256,-256,58.906,57.968,58.687,57.75,58.906,5411,3412,13091,ON,MAXN_SUPER
2026-08-16 01:17:53.639939,1:14:59.500000,12,4,16,21,55,61,0.581785971948004,0.0021032697217480967,0,34.6,OFF,115200,499200,OFF,537600,OFF,115200,OFF,OFF,OFF,OFF,OFF,43.13725490196079,58.656,-256,-256,-256,59.031,57.843,58.75,57.906,59.187,5566,3451,13341,ON,MAXN_SUPER
2026-08-16 01:17:54.640819,1:15:00.500000,19,20,6,6,48,65,0.5811975116241453,0.0021032697217480967,0,33.8,OFF,115200,499200,OFF,537600,OFF,115200,OFF,OFF,OFF,OFF,OFF,43.13725490196079,58.687,-256,-256,-256,59.125,57.968,58.781,57.937,59.125,5411,3412,13014,ON,MAXN_SUPER
2026-08-16 01:17:55.642006,1:15:01.500000,16,11,17,6,57,54,0.5807230462321338,0.0021032697217480967,0,58.1,OFF,140800,499200,OFF,537600,OFF,115200,OFF,OFF,OFF,OFF,OFF,43.13725490196079,58.687,-256,-256,-256,59.031,57.937,58.968,58.0,59.031,5450,3451,13147,ON,MAXN_SUPER
2026-08-16 01:17:56.642659,1:15:02.510000,17,5,13,3,67,49,0.5814332038480992,0.0021032697217480967,0,30.9,OFF,115200,499200,OFF,537600,OFF,115200,OFF,OFF,OFF,OFF,OFF,43.13725490196079,59.0,-256,-256,-256,59.375,58.062,59.031,58.031,59.375,5527,3490,13341,ON,MAXN_SUPER
2026-08-16 01:17:57.643562,1:15:03.510000,19,12,11,12,67,53,0.581022924791587,0.0021032697217480967,0,85.8,OFF,115200,499200,OFF,537600,OFF,115200,OFF,OFF,OFF,OFF,OFF,43.13725490196079,58.875,-256,-256,-256,59.093,58.25,59.0,58.156,59.093,5411,3412,13130,ON,MAXN_SUPER
2026-08-16 01:17:58.644666,1:15:04.510000,15,4,12,5,66,49,0.5815769812396179,0.0021032697217480967,0,12.8,OFF,115200,499200,OFF,537600,OFF,115200,OFF,OFF,OFF,OFF,OFF,43.13725490196079,59.0,-256,-256,-256,59.656,58.156,59.093,58.156,59.468,5566,3451,13264,ON,MAXN_SUPER
2026-08-16 01:17:59.645720,1:15:05.510000,14,9,15,12,66,53,0.5812709407919567,0.0021032697217480967,0,38.1,OFF,153600,499200,OFF,537600,OFF,115200,OFF,OFF,OFF,OFF,OFF,43.13725490196079,59.062,-256,-256,-256,59.187,58.375,59.156,58.218,59.187,5489,3412,13130,ON,MAXN_SUPER
2026-08-16 01:18:00.646948,1:15:06.510000,8,17,14,16,67,51,0.5818162678983596,0.0021032697217480967,0,53.3,OFF,115200,499200,OFF,537600,OFF,115200,OFF,OFF,OFF,OFF,OFF,43.13725490196079,59.156,-256,-256,-256,59.875,58.406,59.218,58.375,59.875,5566,3490,13380,ON,MAXN_SUPER
2026-08-16 01:18:01.648380,1:15:07.510000,12,12,13,3,60,54,0.5821900891163082,0.0021032697217480967,0,23.6,OFF,192000,499200,OFF,537600,OFF,115200,OFF,OFF,OFF,OFF,OFF,43.13725490196079,59.406,-256,-256,-256,59.562,58.343,59.406,58.375,59.562,5373,3412,13091,ON,MAXN_SUPER
2026-08-16 01:18:02.648674,1:15:08.510000,14,13,12,6,64,53,0.5818326996002475,0.0021032697217480967,0,37.7,OFF,115200,499200,OFF,537600,OFF,115200,OFF,OFF,OFF,OFF,OFF,43.13725490196079,59.281,-256,-256,-256,59.75,58.5,59.468,58.531,59.75,5527,3484,13302,ON,MAXN_SUPER
2026-08-16 01:18:03.649367,1:15:09.510000,5,11,10,9,65,53,0.583830178360989,0.0021032697217480967,0,36.6,OFF,115200,499200,OFF,537600,OFF,115200,OFF,OFF,OFF,OFF,OFF,44.705882352941174,59.312,-256,-256,-256,60.031,58.75,59.437,58.562,60.031,5450,3451,13186,ON,MAXN_SUPER
2026-08-16 01:18:04.650369,1:15:10.510000,6,18,4,17,71,49,0.581675057960261,0.0021032697217480967,0,99.3,OFF,115200,499200,OFF,537600,OFF,115200,OFF,OFF,OFF,OFF,OFF,44.705882352941174,59.437,-256,-256,-256,59.937,58.687,59.531,58.718,59.937,5527,3451,13225,ON,MAXN_SUPER
2026-08-16 01:18:05.651269,1:15:11.510000,5,40,22,10,27,51,0.5816149795502336,0.0021032697217480967,0,13.3,OFF,115200,499200,OFF,537600,OFF,115200,OFF,OFF,OFF,OFF,OFF,44.705882352941174,59.375,-256,-256,-256,60.0,58.75,59.625,58.656,59.968,5450,3451,13225,ON,MAXN_SUPER
2026-08-16 01:18:06.653012,1:15:12.510000,16,43,11,21,53,30,0.5814783910282908,0.0021032697217480967,0,99.4,OFF,115200,499200,OFF,537600,OFF,115200,OFF,OFF,OFF,OFF,OFF,44.705882352941174,59.687,-256,-256,-256,59.812,58.843,59.75,58.781,59.812,5527,3451,13302,ON,MAXN_SUPER
2026-08-16 01:18:07.653134,1:15:13.510000,15,43,19,11,18,58,0.5817361633516563,0.0021032697217480967,0,17.7,OFF,128000,499200,OFF,537600,OFF,115200,OFF,OFF,OFF,OFF,OFF,44.705882352941174,59.812,-256,-256,-256,60.312,58.812,59.781,58.875,60.312,5527,3484,13341,ON,MAXN_SUPER
2026-08-16 01:18:08.653628,1:15:14.510000,21,49,6,15,0,65,0.5807820976607931,0.0021032697217480967,0,13.9,OFF,115200,499200,OFF,537600,OFF,115200,OFF,OFF,OFF,OFF,OFF,44.705882352941174,59.75,-256,-256,-256,60.218,58.843,59.843,58.781,60.218,5643,3523,13458,ON,MAXN_SUPER
2026-08-16 01:18:09.654607,1:15:15.510000,20,17,7,55,13,54,0.5805381895858954,0.0021032697217480967,0,96.7,OFF,140800,499200,OFF,537600,OFF,115200,OFF,OFF,OFF,OFF,OFF,44.705882352941174,59.687,-256,-256,-256,60.218,59.0,59.906,58.906,60.218,5489,3451,13147,ON,MAXN_SUPER
2026-08-16 01:18:10.655615,1:15:16.510000,13,42,8,27,57,14,0.5812873724938445,0.0021032697217480967,0,16.6,OFF,115200,499200,OFF,537600,OFF,115200,OFF,OFF,OFF,OFF,OFF,44.705882352941174,59.687,-256,-256,-256,60.437,59.093,59.906,59.0,60.437,5566,3484,13380,ON,MAXN_SUPER
2026-08-16 01:18:11.656719,1:15:17.510000,21,42,24,11,0,67,0.5807102089650339,0.0021032697217480967,0,99.1,OFF,140800,499200,OFF,537600,OFF,115200,OFF,OFF,OFF,OFF,OFF,44.705882352941174,59.906,-256,-256,-256,60.156,59.156,59.906,59.062,60.156,5527,3451,13186,ON,MAXN_SUPER
2026-08-16 01:18:12.657603,1:15:18.510000,10,24,46,15,1,70,0.5811995655868814,0.0021032697217480967,0,14.6,OFF,115200,499200,OFF,537600,OFF,115200,OFF,OFF,OFF,OFF,OFF,44.705882352941174,60.187,-256,-256,-256,60.781,59.187,60.125,59.187,60.781,5643,3484,13419,ON,MAXN_SUPER
2026-08-16 01:18:13.658654,1:15:19.510000,11,53,18,10,0,66,0.5811969981334614,0.0021032697217480967,0,68.3,OFF,115200,499200,OFF,537600,OFF,115200,OFF,OFF,OFF,OFF,OFF,44.705882352941174,60.031,-256,-256,-256,60.375,59.218,60.125,59.187,60.375,5450,3451,13147,ON,MAXN_SUPER
2026-08-16 01:18:14.659565,1:15:20.510000,12,32,30,50,28,15,0.5837680459882256,0.0021032697217480967,0,20.4,OFF,115200,499200,OFF,537600,OFF,115200,OFF,OFF,OFF,OFF,OFF,44.705882352941174,60.281,-256,-256,-256,60.312,59.25,60.25,59.187,60.375,5411,3451,13108,ON,MAXN_SUPER
2026-08-16 01:18:15.660669,1:15:21.510000,8,21,5,68,5,50,0.5823790536880185,0.0021032697217480967,0,44.5,OFF,115200,499200,OFF,537600,OFF,115200,OFF,OFF,OFF,OFF,OFF,44.705882352941174,60.093,-256,-256,-256,60.718,59.468,60.187,59.437,60.812,5527,3484,13264,ON,MAXN_SUPER
2026-08-16 01:18:16.661972,1:15:22.510000,12,18,12,67,4,52,0.5828052509557345,0.0021032697217480967,0,47.9,OFF,115200,499200,OFF,537600,OFF,115200,OFF,OFF,OFF,OFF,OFF,44.705882352941174,60.093,-256,-256,-256,60.843,59.406,60.156,59.468,60.843,5450,3451,13147,ON,MAXN_SUPER
2026-08-16 01:18:17.663343,1:15:23.510000,7,17,6,67,3,52,0.5821217948553369,0.0021032697217480967,0,88.4,OFF,115200,499200,OFF,537600,OFF,115200,OFF,OFF,OFF,OFF,OFF,44.705882352941174,60.312,-256,-256,-256,60.5,59.468,60.281,59.375,60.5,5373,3451,13052,ON,MAXN_SUPER
2026-08-16 01:18:18.663558,1:15:24.510000,24,6,17,56,54,10,0.581883535177963,0.0021032697217480967,0,72.1,OFF,140800,499200,OFF,537600,OFF,115200,OFF,OFF,OFF,OFF,OFF,44.705882352941174,60.343,-256,-256,-256,60.593,59.5,60.406,59.437,60.593,5411,3412,13070,ON,MAXN_SUPER
2026-08-16 01:18:19.664140,1:15:25.510000,12,18,12,6,64,56,0.5845454708837945,0.0021032697217480967,0,13.7,OFF,115200,499200,OFF,537600,OFF,115200,OFF,OFF,OFF,OFF,OFF,46.27450980392157,60.25,-256,-256,-256,60.843,59.593,60.375,59.468,60.843,5450,3451,13147,ON,MAXN_SUPER
2026-08-16 01:18:20.665255,1:15:26.510000,9,18,2,5,52,66,0.582744659055023,0.0021032697217480967,0,37.1,OFF,115200,499200,OFF,537600,OFF,115200,OFF,OFF,OFF,OFF,OFF,46.27450980392157,60.281,-256,-256,-256,60.937,59.625,60.5,59.468,61.187,5527,3484,13264,ON,MAXN_SUPER
2026-08-16 01:18:21.667009,1:15:27.510000,9,18,3,14,52,68,0.5820529871036815,0.0021032697217480967,0,87.8,OFF,115200,499200,OFF,537600,OFF,115200,OFF,OFF,OFF,OFF,OFF,46.27450980392157,60.218,-256,-256,-256,61.0,59.718,60.5,59.687,61.0,5450,3451,13186,ON,MAXN_SUPER
2026-08-16 01:18:22.667105,1:15:28.510000,7,18,5,3,54,67,0.582532073911849,0.0021032697217480967,0,60.5,OFF,115200,499200,OFF,537600,OFF,115200,OFF,OFF,OFF,OFF,OFF,46.27450980392157,60.281,-256,-256,-256,60.5,59.75,60.562,59.656,60.75,5334,3412,13031,ON,MAXN_SUPER
2026-08-16 01:18:23.668663,1:15:29.510000,7,19,6,12,52,69,0.5824940756012335,0.0021032697217480967,0,52.8,OFF,115200,499200,OFF,537600,OFF,115200,OFF,OFF,OFF,OFF,OFF,46.27450980392157,60.5,-256,-256,-256,61.093,59.843,60.562,59.687,61.093,5566,3484,13341,ON,MAXN_SUPER
2026-08-16 01:18:24.668883,1:15:30.510000,8,18,4,2,54,65,0.5819235874513147,0.0021032697217480967,0,83.1,OFF,115200,499200,OFF,537600,OFF,115200,OFF,OFF,OFF,OFF,OFF,46.27450980392157,60.562,-256,-256,-256,60.812,59.75,60.781,59.75,60.812,5411,3451,13070,ON,MAXN_SUPER
2026-08-16 01:18:25.669921,1:15:31.510000,8,20,5,21,50,67,0.5817002190037768,0.0021032697217480967,0,41.5,OFF,115200,499200,OFF,537600,OFF,115200,OFF,OFF,OFF,OFF,OFF,46.27450980392157,60.656,-256,-256,-256,60.812,59.812,60.687,59.781,60.812,5450,3412,13070,ON,MAXN_SUPER
2026-08-16 01:18:26.671299,1:15:32.510000,9,19,10,5,66,53,0.5816247358732294,0.0021032697217480967,0,73.6,OFF,115200,499200,OFF,537600,OFF,115200,OFF,OFF,OFF,OFF,OFF,46.27450980392157,60.593,-256,-256,-256,61.062,60.031,60.718,60.0,61.062,5605,3484,13380,ON,MAXN_SUPER
2026-08-16 01:18:27.671859,1:15:33.510000,12,13,14,5,64,53,0.5815379559476342,0.0021032697217480967,0,93.5,OFF,115200,499200,OFF,537600,OFF,115200,OFF,OFF,OFF,OFF,OFF,46.27450980392157,60.593,-256,-256,-256,61.093,60.125,60.75,59.968,61.093,5605,3484,13380,ON,MAXN_SUPER
2026-08-16 01:18:28.672726,1:15:34.510000,7,6,22,21,65,50,0.5792087622050317,0.0021032697217480967,0,99.4,OFF,115200,499200,OFF,537600,OFF,115200,OFF,OFF,OFF,OFF,OFF,46.27450980392157,60.656,-256,-256,-256,61.187,60.031,60.781,60.0,61.187,5605,3484,13380,ON,MAXN_SUPER
2026-08-16 01:18:29.673766,1:15:35.510000,8,4,10,12,66,53,0.5799184063303131,0.0021032697217480967,0,15.1,OFF,115200,499200,OFF,537600,OFF,115200,OFF,OFF,OFF,OFF,OFF,46.27450980392157,60.718,-256,-256,-256,61.531,60.093,60.843,60.031,61.531,5527,3490,13302,ON,MAXN_SUPER
2026-08-16 01:18:30.674600,1:15:36.510000,14,4,14,18,65,52,0.5790629308507771,0.0021032697217480967,0,99.4,OFF,115200,499200,OFF,537600,OFF,115200,OFF,OFF,OFF,OFF,OFF,46.27450980392157,61.031,-256,-256,-256,61.468,60.187,61.031,60.156,61.187,5566,3490,13302,ON,MAXN_SUPER
2026-08-16 01:18:31.675562,1:15:37.510000,18,8,26,18,63,56,0.5472419131635904,0.0021032697217480967,0,19.1,OFF,115200,499200,OFF,537600,OFF,115200,OFF,OFF,OFF,OFF,OFF,46.27450980392157,61.437,-256,-256,-256,61.812,60.156,61.062,60.25,61.812,6097,3639,14094,ON,MAXN_SUPER
2026-08-16 01:18:32.677094,1:15:38.510000,12,12,25,12,61,58,0.5509108041007366,0.0021032697217480967,0,52.6,OFF,115200,499200,OFF,537600,OFF,115200,OFF,OFF,OFF,OFF,OFF,46.27450980392157,60.875,-256,-256,-256,61.375,60.187,61.062,60.156,61.375,5904,3600,13923,ON,MAXN_SUPER
2026-08-16 01:18:33.677615,1:15:39.510000,18,9,27,6,61,57,0.5544199994351603,0.0021032697217480967,0,77.7,OFF,115200,499200,OFF,537600,OFF,115200,OFF,OFF,OFF,OFF,OFF,46.27450980392157,60.968,-256,-256,-256,61.375,60.343,61.031,60.375,61.375,5865,3600,13884,ON,MAXN_SUPER
2026-08-16 01:18:34.678665,1:15:40.510000,7,3,35,6,62,55,0.5578583330551925,0.0021032697217480967,0,28.9,OFF,115200,499200,OFF,537600,OFF,115200,OFF,OFF,OFF,OFF,OFF,46.27450980392157,61.125,-256,-256,-256,61.781,60.406,61.156,60.281,61.781,5865,3600,13861,ON,MAXN_SUPER
2026-08-16 01:18:35.679551,1:15:41.510000,7,18,26,9,62,57,0.5609654651840479,0.0021032697217480967,0,29.2,OFF,115200,499200,OFF,537600,OFF,115200,OFF,OFF,OFF,OFF,OFF,47.84313725490196,61.218,-256,-256,-256,61.781,60.468,61.218,60.437,61.937,5981,3600,14016,ON,MAXN_SUPER
2026-08-16 01:18:36.680955,1:15:42.510000,5,34,5,7,62,56,0.5642625888659815,0.0021032697217480967,0,22.4,OFF,179200,499200,OFF,537600,OFF,115200,OFF,OFF,OFF,OFF,OFF,47.84313725490196,61.187,-256,-256,-256,62.062,60.531,61.375,60.437,61.843,5981,3633,14055,ON,MAXN_SUPER
2026-08-16 01:18:37.681979,1:15:43.510000,8,13,24,7,60,57,0.5673984764731406,0.0021032697217480967,0,56.9,OFF,115200,499200,OFF,537600,OFF,115200,OFF,OFF,OFF,OFF,OFF,47.84313725490196,61.468,-256,-256,-256,61.843,60.562,61.406,60.437,61.843,5865,3600,13923,ON,MAXN_SUPER
2026-08-16 01:18:38.682582,1:15:44.510000,10,27,13,22,56,60,0.570502527657892,0.0021032697217480967,0,82.7,OFF,115200,499200,OFF,537600,OFF,115200,OFF,OFF,OFF,OFF,OFF,47.84313725490196,61.312,-256,-256,-256,61.875,60.656,61.343,60.656,61.937,5865,3600,13923,ON,MAXN_SUPER
2026-08-16 01:18:39.683487,1:15:45.510000,8,24,3,14,57,62,0.5737796252031497,0.0021032697217480967,0,30.4,OFF,140800,499200,OFF,537600,OFF,115200,OFF,OFF,OFF,OFF,OFF,47.84313725490196,61.125,-256,-256,-256,62.25,60.718,61.406,60.593,62.25,5943,3639,13939,ON,MAXN_SUPER
2026-08-16 01:18:40.684474,1:15:46.510000,19,26,5,14,55,61,0.5768518399654934,0.0021032697217480967,0,14.1,OFF,115200,499200,OFF,537600,OFF,115200,OFF,OFF,OFF,OFF,OFF,47.84313725490196,61.375,-256,-256,-256,62.093,60.718,61.375,60.781,62.093,6020,3639,14094,ON,MAXN_SUPER
2026-08-16 01:18:41.685638,1:15:47.510000,8,26,4,15,58,63,0.5799635935105047,0.0021032697217480967,0,21.4,OFF,115200,499200,OFF,537600,OFF,115200,OFF,OFF,OFF,OFF,OFF,47.84313725490196,61.562,-256,-256,-256,62.218,60.656,61.5,60.687,62.031,5943,3639,13939,ON,MAXN_SUPER
2026-08-16 01:18:42.687167,1:15:48.520000,8,19,5,19,53,62,0.5805879981822429,0.0021032697217480967,0,82.9,OFF,204800,499200,OFF,537600,OFF,115200,OFF,OFF,OFF,OFF,OFF,47.84313725490196,61.531,-256,-256,-256,61.875,60.656,61.593,60.687,61.875,5682,3523,13496,ON,MAXN_SUPER
2026-08-16 01:18:43.687587,1:15:49.520000,15,5,13,4,53,67,0.5807040470768259,0.0021032697217480967,0,15.8,OFF,115200,499200,OFF,537600,OFF,115200,OFF,OFF,OFF,OFF,OFF,47.84313725490196,61.656,-256,-256,-256,62.218,60.75,61.562,60.781,62.218,5527,3484,13341,ON,MAXN_SUPER
2026-08-16 01:18:44.688477,1:15:50.520000,5,15,13,15,53,66,0.5805746474244591,0.0021032697217480967,0,99.3,OFF,115200,499200,OFF,537600,OFF,115200,OFF,OFF,OFF,OFF,OFF,47.84313725490196,61.468,-256,-256,-256,61.937,60.968,61.562,60.781,61.937,5566,3484,13302,ON,MAXN_SUPER
2026-08-16 01:18:45.689870,1:15:51.520000,7,20,7,13,50,67,0.582872004744654,0.0021032697217480967,0,19.3,OFF,115200,499200,OFF,537600,OFF,115200,OFF,OFF,OFF,OFF,OFF,47.84313725490196,61.656,-256,-256,-256,61.875,60.812,61.656,60.718,61.875,5450,3484,13225,ON,MAXN_SUPER
2026-08-16 01:18:46.690461,1:15:52.520000,4,19,7,5,52,66,0.5813921245933795,0.0021032697217480967,0,44.7,OFF,153600,499200,OFF,537600,OFF,115200,OFF,OFF,OFF,OFF,OFF,47.84313725490196,61.562,-256,-256,-256,61.906,60.937,61.656,60.781,61.906,5527,3484,13264,ON,MAXN_SUPER
2026-08-16 01:18:47.691556,1:15:53.520000,14,13,5,12,52,66,0.5810686254624625,0.0021032697217480967,0,99.1,OFF,115200,499200,OFF,537600,OFF,115200,OFF,OFF,OFF,OFF,OFF,47.84313725490196,61.468,-256,-256,-256,61.937,60.906,61.75,60.781,61.937,5450,3446,13108,ON,MAXN_SUPER
2026-08-16 01:18:48.692553,1:15:54.520000,7,4,12,11,51,68,0.578639814527165,0.0021032697217480967,0,9.3,OFF,140800,499200,OFF,537600,OFF,115200,OFF,OFF,OFF,OFF,OFF,47.84313725490196,61.781,-256,-256,-256,62.531,60.843,61.718,60.906,62.531,5566,3523,13419,ON,MAXN_SUPER
2026-08-16 01:18:49.693419,1:15:55.520000,7,6,11,21,52,65,0.5786921905769324,0.0021032697217480967,0,96.2,OFF,115200,499200,OFF,537600,OFF,115200,OFF,OFF,OFF,OFF,OFF,47.84313725490196,61.687,-256,-256,-256,62.156,61.031,61.75,60.968,62.156,5566,3484,13302,ON,MAXN_SUPER
2026-08-16 01:18:50.694668,1:15:56.520000,9,9,14,10,52,66,0.5789925826270697,0.0021032697217480967,0,23.6,OFF,115200,499200,OFF,537600,OFF,115200,OFF,OFF,OFF,OFF,OFF,47.84313725490196,61.625,-256,-256,-256,62.187,61.062,61.718,61.031,62.187,5527,3484,13341,ON,MAXN_SUPER
2026-08-16 01:18:51.695418,1:15:57.520000,6,12,12,13,54,67,0.5794228878202577,0.0021032697217480967,0,53.4,OFF,115200,499200,OFF,537600,OFF,115200,OFF,OFF,OFF,OFF,OFF,47.84313725490196,61.687,-256,-256,-256,62.093,61.031,61.718,60.968,62.125,5527,3484,13302,ON,MAXN_SUPER
2026-08-16 01:18:52.696584,1:15:58.520000,6,4,12,22,51,65,0.5798511390507097,0.0021032697217480967,0,99.1,OFF,115200,499200,OFF,537600,OFF,115200,OFF,OFF,OFF,OFF,OFF,47.84313725490196,61.625,-256,-256,-256,62.031,61.093,61.875,60.968,62.031,5450,3446,13108,ON,MAXN_SUPER
2026-08-16 01:18:53.697902,1:15:59.520000,15,6,6,9,51,67,0.5800904257094516,0.0021032697217480967,0,35.0,OFF,128000,499200,OFF,537600,OFF,115200,OFF,OFF,OFF,OFF,OFF,47.84313725490196,62.0,-256,-256,-256,62.5,61.031,61.937,61.093,62.5,5566,3484,13419,ON,MAXN_SUPER
2026-08-16 01:18:54.698209,1:16:00.520000,14,4,14,12,52,65,0.57981776215625,0.0021032697217480967,0,96.5,OFF,115200,499200,OFF,537600,OFF,115200,OFF,OFF,OFF,OFF,OFF,47.84313725490196,61.718,-256,-256,-256,62.125,61.125,61.843,61.156,62.125,5527,3446,13264,ON,MAXN_SUPER
2026-08-16 01:18:55.699549,1:16:01.520000,8,7,5,17,52,67,0.579824437535142,0.0021032697217480967,0,16.6,OFF,153600,499200,OFF,537600,OFF,115200,OFF,OFF,OFF,OFF,OFF,47.84313725490196,61.843,-256,-256,-256,62.593,61.25,61.875,61.125,62.593,5527,3484,13302,ON,MAXN_SUPER
2026-08-16 01:18:56.700219,1:16:02.520000,5,5,5,21,52,66,0.5798685977339656,0.0021032697217480967,0,69.2,OFF,115200,499200,OFF,537600,OFF,115200,OFF,OFF,OFF,OFF,OFF,47.84313725490196,61.937,-256,-256,-256,62.343,61.312,61.906,61.125,62.343,5489,3484,13225,ON,MAXN_SUPER
2026-08-16 01:18:57.701584,1:16:03.520000,11,20,10,22,52,66,0.5801258565666473,0.0021032697217480967,0,90.5,OFF,115200,499200,OFF,537600,OFF,115200,OFF,OFF,OFF,OFF,OFF,47.84313725490196,61.843,-256,-256,-256,62.218,61.281,61.875,61.125,62.468,5450,3451,13108,ON,MAXN_SUPER
2026-08-16 01:18:58.702137,1:16:04.520000,6,5,5,20,52,67,0.5784585523157146,0.0021032697217480967,0,52.4,OFF,115200,499200,OFF,537600,OFF,115200,OFF,OFF,OFF,OFF,OFF,47.84313725490196,61.906,-256,-256,-256,62.5,61.281,61.968,61.156,62.5,5566,3484,13380,ON,MAXN_SUPER
2026-08-16 01:18:59.704131,1:16:05.520000,13,13,5,20,53,66,0.5785977082910774,0.0021032697217480967,0,99.2,OFF,217600,499200,OFF,537600,OFF,115200,OFF,OFF,OFF,OFF,OFF,47.84313725490196,62.125,-256,-256,-256,62.468,61.312,62.093,61.218,62.468,5566,3446,13264,ON,MAXN_SUPER
2026-08-16 01:19:00.704408,1:16:06.520000,7,4,6,19,51,69,0.5800909392001355,0.0021032697217480967,0,30.7,OFF,115200,499200,OFF,537600,OFF,115200,OFF,OFF,OFF,OFF,OFF,47.84313725490196,62.25,-256,-256,-256,62.25,61.437,62.0,61.312,62.25,5411,3446,13108,ON,MAXN_SUPER
2026-08-16 01:19:01.705291,1:16:07.520000,11,12,5,13,53,68,0.5806542384804784,0.0021032697217480967,0,16.7,OFF,140800,499200,OFF,537600,OFF,115200,OFF,OFF,OFF,OFF,OFF,47.84313725490196,62.093,-256,-256,-256,62.812,61.406,61.968,61.312,62.812,5566,3523,13380,ON,MAXN_SUPER
2026-08-16 01:19:02.706587,1:16:08.520000,11,12,7,21,53,66,0.5804442207907243,0.0021032697217480967,0,99.1,OFF,115200,499200,OFF,537600,OFF,115200,OFF,OFF,OFF,OFF,OFF,47.84313725490196,62.0,-256,-256,-256,62.593,61.468,62.125,61.281,62.437,5527,3484,13302,ON,MAXN_SUPER
2026-08-16 01:19:03.707370,1:16:09.520000,13,18,11,12,53,65,0.5806696432009982,0.0021032697217480967,0,14.0,OFF,115200,499200,OFF,537600,OFF,115200,OFF,OFF,OFF,OFF,OFF,47.84313725490196,62.093,-256,-256,-256,62.812,61.468,62.25,61.312,62.937,5750,3562,13690,ON,MAXN_SUPER
2026-08-16 01:19:04.708644,1:16:10.520000,10,16,12,12,54,65,0.581459905363667,0.0021032697217480967,0,26.5,OFF,166400,499200,OFF,537600,OFF,115200,OFF,OFF,OFF,OFF,OFF,47.84313725490196,62.093,-256,-256,-256,62.531,61.468,62.281,61.375,62.531,5527,3484,13302,ON,MAXN_SUPER
2026-08-16 01:19:05.709459,1:16:11.520000,10,14,11,4,51,67,0.579283731844895,0.0021032697217480967,0,45.3,OFF,115200,499200,OFF,537600,OFF,115200,OFF,OFF,OFF,OFF,OFF,47.84313725490196,62.187,-256,-256,-256,62.75,61.406,62.25,61.406,62.75,5566,3484,13380,ON,MAXN_SUPER
2026-08-16 01:19:06.711011,1:16:12.520000,12,20,11,4,53,65,0.5796529316466876,0.0021032697217480967,0,15.9,OFF,217600,499200,OFF,537600,OFF,115200,OFF,OFF,OFF,OFF,OFF,47.84313725490196,62.218,-256,-256,-256,63.125,61.5,62.281,61.468,63.125,5711,3523,13613,ON,MAXN_SUPER
2026-08-16 01:19:07.711300,1:16:13.520000,9,7,19,2,56,62,0.5805330546790555,0.0021032697217480967,0,25.1,OFF,140800,499200,OFF,537600,OFF,115200,OFF,OFF,OFF,OFF,OFF,47.84313725490196,62.031,-256,-256,-256,62.406,61.5,62.156,61.5,62.406,5450,3446,13186,ON,MAXN_SUPER
2026-08-16 01:19:08.712278,1:16:14.520000,5,5,23,6,67,52,0.5802259872500263,0.0021032697217480967,0,97.7,OFF,115200,499200,OFF,537600,OFF,115200,OFF,OFF,OFF,OFF,OFF,47.84313725490196,62.125,-256,-256,-256,62.718,61.562,62.25,61.5,62.687,5566,3484,13380,ON,MAXN_SUPER
2026-08-16 01:19:09.714039,1:16:15.520000,9,15,14,6,54,63,0.5811461625557458,0.0021032697217480967,0,27.3,OFF,128000,499200,OFF,537600,OFF,115200,OFF,OFF,OFF,OFF,OFF,49.411764705882355,62.156,-256,-256,-256,62.5,61.531,62.281,61.468,62.5,5450,3484,13264,ON,MAXN_SUPER
2026-08-16 01:19:10.714258,1:16:16.520000,9,14,20,5,59,59,0.5803610352999171,0.0021032697217480967,0,45.7,OFF,115200,499200,OFF,537600,OFF,115200,OFF,OFF,OFF,OFF,OFF,49.411764705882355,62.375,-256,-256,-256,62.812,61.531,62.343,61.468,62.812,5605,3484,13380,ON,MAXN_SUPER
2026-08-16 01:19:11.715448,1:16:17.520000,8,17,18,3,64,53,0.5802300951754983,0.0021032697217480967,0,89.8,OFF,166400,499200,OFF,537600,OFF,115200,OFF,OFF,OFF,OFF,OFF,49.411764705882355,62.312,-256,-256,-256,62.531,61.625,62.375,61.531,62.531,5411,3446,13147,ON,MAXN_SUPER
2026-08-16 01:19:12.716444,1:16:18.520000,6,8,14,5,66,50,0.5805720799710391,0.0021032697217480967,0,70.5,OFF,115200,499200,OFF,537600,OFF,115200,OFF,OFF,OFF,OFF,OFF,49.411764705882355,62.437,-256,-256,-256,62.937,61.593,62.375,61.625,63.093,5605,3484,13380,ON,MAXN_SUPER
2026-08-16 01:19:13.717382,1:16:19.520000,7,20,30,15,63,53,0.538503842194043,0.0021032697217480967,0,23.0,OFF,115200,499200,OFF,537600,OFF,115200,OFF,OFF,OFF,OFF,OFF,49.411764705882355,62.625,-256,-256,-256,63.156,61.718,62.437,61.718,63.156,6097,3633,14210,ON,MAXN_SUPER
2026-08-16 01:19:14.718219,1:16:20.520000,7,7,33,7,61,57,0.5416915923602856,0.0021032697217480967,0,62.2,OFF,140800,499200,OFF,537600,OFF,115200,OFF,OFF,OFF,OFF,OFF,49.411764705882355,62.406,-256,-256,-256,63.062,61.687,62.437,61.687,63.062,5943,3639,13977,ON,MAXN_SUPER
2026-08-16 01:19:15.719202,1:16:21.520000,13,24,9,5,62,57,0.5448269664767607,0.0021032697217480967,0,94.5,OFF,128000,499200,OFF,537600,OFF,115200,OFF,OFF,OFF,OFF,OFF,49.411764705882355,62.468,-256,-256,-256,63.031,61.656,62.531,61.718,63.156,5865,3600,13900,ON,MAXN_SUPER
2026-08-16 01:19:16.720384,1:16:22.520000,16,32,21,7,60,55,0.5480552824070389,0.0021032697217480967,0,87.7,OFF,115200,499200,OFF,537600,OFF,115200,OFF,OFF,OFF,OFF,OFF,49.411764705882355,62.687,-256,-256,-256,62.906,61.687,62.531,61.718,62.906,5943,3595,13977,ON,MAXN_SUPER
2026-08-16 01:19:17.721757,1:16:23.520000,6,34,6,6,62,57,0.5516558790832138,0.0021032697217480967,0,24.9,OFF,115200,499200,OFF,537600,OFF,115200,OFF,OFF,OFF,OFF,OFF,49.411764705882355,62.593,-256,-256,-256,63.093,61.718,62.562,61.75,63.093,5904,3633,13977,ON,MAXN_SUPER
2026-08-16 01:19:18.722266,1:16:24.520000,12,57,33,6,62,5,0.554990487585079,0.0021032697217480967,0,17.2,OFF,OFF,499200,OFF,537600,OFF,115200,OFF,OFF,OFF,OFF,OFF,49.411764705882355,62.718,-256,-256,-256,63.187,61.812,62.593,61.937,63.187,5904,3600,13900,ON,MAXN_SUPER
2026-08-16 01:19:19.724228,1:16:25.520000,5,13,50,25,61,0,0.5581279156642901,0.0021032697217480967,0,51.5,OFF,OFF,499200,OFF,537600,OFF,115200,OFF,OFF,OFF,OFF,OFF,49.411764705882355,62.718,-256,-256,-256,63.375,61.75,62.593,61.843,63.375,5865,3523,13745,ON,MAXN_SUPER
2026-08-16 01:19:20.724123,1:16:26.520000,6,53,16,19,53,0,0.5451638163654616,0.0021032697217480967,0,0.0,OFF,OFF,499200,OFF,537600,OFF,115200,OFF,OFF,OFF,OFF,OFF,49.411764705882355,62.75,-256,-256,-256,62.406,61.75,62.593,61.812,62.75,4878,3219,12159,ON,MAXN_SUPER
2026-08-16 01:19:21.724977,1:16:27.520000,8,32,6,14,15,2,0.5457076029998126,0.0021032697217480967,0,0.0,OFF,OFF,499200,OFF,537600,OFF,115200,OFF,OFF,OFF,OFF,OFF,49.411764705882355,62.093,-256,-256,-256,61.843,61.625,62.593,61.343,62.593,2108,2385,7559,ON,MAXN_SUPER
2026-08-16 01:19:22.725939,1:16:28.520000,3,3,4,4,3,3,0.5462919553981992,0.0021032697217480967,0,0.0,OFF,OFF,499200,OFF,537600,OFF,115200,OFF,OFF,OFF,OFF,OFF,49.411764705882355,61.656,-256,-256,-256,61.593,61.5,62.437,61.125,62.437,1603,2310,6776,ON,MAXN_SUPER
2026-08-16 01:19:23.726770,1:16:29.520000,12,3,1,10,0,0,0.5464845144046974,0.0021032697217480967,0,0.0,OFF,OFF,499200,OFF,537600,OFF,115200,OFF,OFF,OFF,OFF,OFF,49.411764705882355,61.5,-256,-256,-256,61.75,61.437,62.312,60.968,62.312,1603,2310,6776,ON,MAXN_SUPER
2026-08-16 01:19:24.727710,1:16:30.520000,2,2,2,3,0,0,0.5466139140570642,0.0021032697217480967,0,0.0,OFF,OFF,499200,OFF,537600,OFF,115200,OFF,OFF,OFF,OFF,OFF,49.411764705882355,61.281,-256,-256,-256,61.406,61.218,62.281,60.906,62.281,1566,2310,6658,ON,MAXN_SUPER
2026-08-16 01:19:25.728563,1:16:31.520000,4,2,1,12,0,0,0.5466786138832477,0.0021032697217480967,0,0.0,OFF,OFF,499200,OFF,537600,OFF,115200,OFF,OFF,OFF,OFF,OFF,49.411764705882355,61.281,-256,-256,-256,61.218,61.093,62.218,60.687,62.218,1642,2310,6815,ON,MAXN_SUPER
2026-08-16 01:19:26.729345,1:16:32.520000,3,3,3,6,0,0,0.5467700152249988,0.0021032697217480967,0,0.0,OFF,OFF,499200,OFF,537600,OFF,115200,OFF,OFF,OFF,OFF,OFF,49.411764705882355,61.062,-256,-256,-256,61.031,60.968,62.125,60.656,62.125,1605,2310,6747,ON,MAXN_SUPER
2026-08-16 01:19:27.730286,1:16:33.520000,3,2,2,3,0,0,0.5468994148773656,0.0021032697217480967,0,0.0,OFF,OFF,499200,OFF,537600,OFF,115200,OFF,OFF,OFF,OFF,OFF,49.411764705882355,61.062,-256,-256,-256,61.093,60.843,62.031,60.468,62.031,1566,2271,6669,ON,MAXN_SUPER
2026-08-16 01:19:28.731337,1:16:34.520000,3,11,1,2,0,0,0.546964114703549,0.0021032697217480967,0,0.0,OFF,OFF,499200,OFF,537600,OFF,115200,OFF,OFF,OFF,OFF,OFF,49.411764705882355,61.031,-256,-256,-256,60.843,60.906,61.843,60.531,61.843,1566,2271,6669,ON,MAXN_SUPER
2026-08-16 01:19:29.732511,1:16:35.520000,2,20,1,4,0,0,0.547061164442824,0.0021032697217480967,0,0.0,OFF,OFF,499200,OFF,537600,OFF,115200,OFF,OFF,OFF,OFF,OFF,46.27450980392157,60.906,-256,-256,-256,60.906,60.781,61.843,60.437,61.843,1720,2310,6893,ON,MAXN_SUPER
2026-08-16 01:19:30.733249,1:16:36.520000,7,22,2,5,0,0,0.5388453134988999,0.0021032697217480967,0,0.0,OFF,OFF,499200,OFF,537600,OFF,115200,OFF,OFF,OFF,OFF,OFF,46.27450980392157,60.843,-256,-256,-256,60.968,60.718,61.687,60.281,61.687,1720,2310,6932,ON,MAXN_SUPER
2026-08-16 01:19:31.734186,1:16:37.520000,3,3,2,4,25,0,0.5388324762318,0.0021032697217480967,0,0.0,OFF,OFF,499200,OFF,537600,OFF,115200,OFF,OFF,OFF,OFF,OFF,46.27450980392157,60.656,-256,-256,-256,60.656,60.656,61.781,60.218,61.781,1681,2310,6854,ON,MAXN_SUPER
2026-08-16 01:19:32.734981,1:16:38.520000,5,12,2,3,32,0,0.5388078286789681,0.0021032697217480967,0,0.0,OFF,OFF,499200,OFF,537600,OFF,115200,OFF,OFF,OFF,OFF,OFF,46.27450980392157,61.031,-256,-256,-256,60.906,60.593,61.687,60.156,61.687,1876,2310,7089,ON,MAXN_SUPER
2026-08-16 01:19:33.735967,1:16:39.520000,4,12,3,5,21,10,0.5433517077416423,0.0021032697217480967,0,0.0,OFF,OFF,499200,OFF,537600,OFF,115200,OFF,OFF,OFF,OFF,OFF,46.27450980392157,60.593,-256,-256,-256,60.562,60.656,61.531,60.156,61.531,1798,2310,7011,ON,MAXN_SUPER
2026-08-16 01:19:34.737185,1:16:40.520000,15,33,18,13,3,0,0.5874810971241954,0.0021032697217480967,0,99.6,OFF,115200,499200,OFF,537600,OFF,115200,OFF,OFF,OFF,OFF,OFF,46.27450980392157,61.562,-256,-256,-256,62.062,60.562,61.5,60.468,62.062,5373,3412,13147,ON,MAXN_SUPER
2026-08-16 01:19:35.738098,1:16:41.520000,22,38,27,34,34,58,0.5740605046072952,0.0021032697217480967,0,99.5,OFF,115200,499200,OFF,537600,OFF,115200,OFF,OFF,OFF,OFF,OFF,46.27450980392157,61.531,-256,-256,-256,62.625,60.781,61.625,60.937,62.625,7296,4199,16594,ON,MAXN_SUPER
2026-08-16 01:19:36.738981,1:16:42.520000,5,20,10,30,13,72,0.5757806983986793,0.0021032697217480967,0,99.7,OFF,115200,499200,OFF,537600,OFF,115200,OFF,OFF,OFF,OFF,OFF,46.27450980392157,61.781,-256,-256,-256,63.0,60.968,61.75,61.187,63.0,7590,4276,16913,ON,MAXN_SUPER
2026-08-16 01:19:37.739861,1:16:43.520000,25,3,9,24,13,75,0.5771332328603228,0.0021032697217480967,0,65.8,OFF,115200,499200,OFF,537600,OFF,115200,OFF,OFF,OFF,OFF,OFF,46.27450980392157,62.156,-256,-256,-256,62.468,61.218,62.0,61.468,62.468,7372,4199,16671,ON,MAXN_SUPER
2026-08-16 01:19:38.741231,1:16:44.520000,35,5,9,5,13,73,0.5777946088613087,0.0021032697217480967,0,99.6,OFF,115200,499200,OFF,537600,OFF,115200,OFF,OFF,OFF,OFF,OFF,46.27450980392157,62.25,-256,-256,-256,63.625,61.312,62.031,61.562,63.625,7705,4307,17337,ON,MAXN_SUPER
2026-08-16 01:19:39.742396,1:16:45.520000,37,9,5,14,13,71,0.5793237841182466,0.0021032697217480967,0,47.3,OFF,115200,499200,OFF,537600,OFF,115200,OFF,OFF,OFF,OFF,OFF,49.411764705882355,62.5,-256,-256,-256,63.406,61.5,62.218,61.656,63.406,7475,4192,16836,ON,MAXN_SUPER
2026-08-16 01:19:40.743351,1:16:46.520000,33,4,9,3,12,75,0.5806701566916822,0.0021032697217480967,0,99.5,OFF,115200,499200,OFF,537600,OFF,115200,OFF,OFF,OFF,OFF,OFF,49.411764705882355,62.406,-256,-256,-256,63.281,61.562,62.156,61.718,63.281,7513,4231,16952,ON,MAXN_SUPER
2026-08-16 01:19:41.744217,1:16:47.530000,11,37,4,6,11,72,0.5808072587043089,0.0021032697217480967,0,99.7,OFF,140800,499200,OFF,537600,OFF,115200,OFF,OFF,OFF,OFF,OFF,49.411764705882355,62.5,-256,-256,-256,63.906,61.75,62.312,61.875,63.812,7705,4269,17260,ON,MAXN_SUPER
2026-08-16 01:19:42.745194,1:16:48.530000,23,17,4,14,12,73,0.5824119170917942,0.0021032697217480967,0,18.4,OFF,115200,499200,OFF,537600,OFF,115200,OFF,OFF,OFF,OFF,OFF,49.411764705882355,62.687,-256,-256,-256,63.593,61.656,62.375,61.906,63.593,7449,4192,16798,ON,MAXN_SUPER
2026-08-16 01:19:43.746161,1:16:49.530000,25,13,5,8,12,75,0.5836458352054348,0.0021032697217480967,0,99.6,OFF,115200,499200,OFF,537600,OFF,115200,OFF,OFF,OFF,OFF,OFF,49.411764705882355,62.937,-256,-256,-256,63.75,61.75,62.531,62.031,63.75,7667,4307,17144,ON,MAXN_SUPER
2026-08-16 01:19:44.747227,1:16:50.530000,27,26,3,8,12,72,0.5851298232821811,0.0021032697217480967,0,99.7,OFF,115200,499200,OFF,537600,OFF,115200,OFF,OFF,OFF,OFF,OFF,49.411764705882355,62.75,-256,-256,-256,64.093,61.875,62.5,62.125,64.093,7590,4231,16990,ON,MAXN_SUPER
2026-08-16 01:19:45.747947,1:16:51.530000,6,34,4,8,13,74,0.5865537329489,0.0021032697217480967,0,42.4,OFF,115200,499200,OFF,537600,OFF,115200,OFF,OFF,OFF,OFF,OFF,49.411764705882355,62.875,-256,-256,-256,63.593,61.812,62.625,62.218,63.375,7372,4192,16721,ON,MAXN_SUPER
2026-08-16 01:19:46.749272,1:16:52.530000,27,29,5,8,7,73,0.5873486165277246,0.0021032697217480967,0,99.7,OFF,115200,499200,OFF,537600,OFF,115200,OFF,OFF,OFF,OFF,OFF,49.411764705882355,63.062,-256,-256,-256,64.25,62.125,62.656,62.312,64.25,7782,4307,17414,ON,MAXN_SUPER
2026-08-16 01:19:47.750773,1:16:53.530000,10,3,6,15,35,71,0.588727852504936,0.0021032697217480967,0,35.0,OFF,115200,499200,OFF,537600,OFF,115200,OFF,OFF,OFF,OFF,OFF,49.411764705882355,63.062,-256,-256,-256,64.312,62.156,62.75,62.218,64.312,7513,4231,16875,ON,MAXN_SUPER
2026-08-16 01:19:48.751234,1:16:54.530000,16,3,12,13,23,75,0.5899242857986449,0.0021032697217480967,0,99.5,OFF,115200,499200,OFF,537600,OFF,115200,OFF,OFF,OFF,OFF,OFF,49.411764705882355,63.25,-256,-256,-256,63.843,62.312,63.0,62.593,63.843,7513,4231,16913,ON,MAXN_SUPER
2026-08-16 01:19:49.752184,1:16:55.530000,24,10,11,36,7,67,0.5916075082607813,0.0021032697217480967,0,99.7,OFF,115200,499200,OFF,537600,OFF,115200,OFF,OFF,OFF,OFF,OFF,49.411764705882355,63.187,-256,-256,-256,64.437,62.312,62.937,62.531,64.437,7667,4307,17144,ON,MAXN_SUPER
2026-08-16 01:19:50.753136,1:16:56.530000,20,28,8,8,68,11,0.5931418184245593,0.0021032697217480967,0,23.0,OFF,115200,499200,OFF,537600,OFF,115200,OFF,OFF,OFF,OFF,OFF,49.411764705882355,63.312,-256,-256,-256,64.5,62.343,63.093,62.531,64.312,7437,4231,16798,ON,MAXN_SUPER
2026-08-16 01:19:51.754281,1:16:57.530000,14,12,4,9,31,74,0.5944774076936309,0.0021032697217480967,0,99.5,OFF,115200,499200,OFF,537600,OFF,115200,OFF,OFF,OFF,OFF,OFF,50.98039215686274,63.375,-256,-256,-256,64.625,62.593,63.156,62.781,64.625,7743,4307,17337,ON,MAXN_SUPER
2026-08-16 01:19:52.755166,1:16:58.530000,7,14,6,7,34,73,0.5957919438446588,0.0021032697217480967,0,99.7,OFF,140800,499200,OFF,537600,OFF,115200,OFF,OFF,OFF,OFF,OFF,50.98039215686274,63.531,-256,-256,-256,64.625,62.687,63.156,62.781,64.625,7628,4269,17106,ON,MAXN_SUPER
2026-08-16 01:19:53.756315,1:16:59.530000,7,22,9,5,33,73,0.5971059665050027,0.0021032697217480967,0,53.5,OFF,115200,499200,OFF,537600,OFF,115200,OFF,OFF,OFF,OFF,OFF,50.98039215686274,63.562,-256,-256,-256,64.125,62.718,63.281,62.937,64.125,7513,4231,16875,ON,MAXN_SUPER
2026-08-16 01:19:54.757627,1:17:00.530000,14,3,7,4,33,73,0.598155541463089,0.0021032697217480967,0,99.5,OFF,115200,499200,OFF,537600,OFF,115200,OFF,OFF,OFF,OFF,OFF,50.98039215686274,63.875,-256,-256,-256,65.125,62.812,63.406,63.062,65.125,7820,4346,17385,ON,MAXN_SUPER
2026-08-16 01:19:55.758343,1:17:01.530000,16,4,10,5,33,71,0.5995424798005602,0.0021032697217480967,0,99.8,OFF,115200,499200,OFF,537600,OFF,115200,OFF,OFF,OFF,OFF,OFF,50.98039215686274,64.031,-256,-256,-256,64.875,62.75,63.437,63.031,64.875,7628,4269,17029,ON,MAXN_SUPER
2026-08-16 01:19:56.759344,1:17:02.530000,16,15,11,6,33,75,0.5985026611654698,0.0021032697217480967,0,86.6,OFF,115200,499200,OFF,537600,OFF,115200,OFF,OFF,OFF,OFF,OFF,50.98039215686274,63.906,-256,-256,-256,64.5,63.062,63.5,63.125,64.5,7552,4231,16952,ON,MAXN_SUPER
2026-08-16 01:19:57.760687,1:17:03.530000,19,13,10,13,34,73,0.6000492951056635,0.0021032697217480967,0,99.7,OFF,115200,499200,OFF,537600,OFF,115200,OFF,OFF,OFF,OFF,OFF,50.98039215686274,63.875,-256,-256,-256,65.406,63.093,63.593,63.156,65.218,7807,4307,17424,ON,MAXN_SUPER
2026-08-16 01:19:58.761840,1:17:04.530000,30,16,15,6,6,71,0.6016755201018765,0.0021032697217480967,0,23.1,OFF,115200,499200,OFF,537600,OFF,115200,OFF,OFF,OFF,OFF,OFF,50.98039215686274,64.031,-256,-256,-256,64.906,63.218,63.625,63.406,64.906,7475,4231,16836,ON,MAXN_SUPER
2026-08-16 01:19:59.762746,1:17:05.530000,35,3,15,8,1,73,0.6005027073796314,0.0021032697217480967,0,99.7,OFF,115200,499200,OFF,537600,OFF,115200,OFF,OFF,OFF,OFF,OFF,50.98039215686274,64.218,-256,-256,-256,65.625,63.156,63.781,63.312,65.625,7705,4346,17260,ON,MAXN_SUPER
2026-08-16 01:20:00.764020,1:17:06.530000,23,16,16,29,1,70,0.6027820925258863,0.0021032697217480967,0,52.0,OFF,115200,499200,OFF,537600,OFF,115200,OFF,OFF,OFF,OFF,OFF,50.98039215686274,64.593,-256,-256,-256,65.281,63.312,63.906,63.406,65.281,7552,4231,16952,ON,MAXN_SUPER
2026-08-16 01:20:01.764897,1:17:07.530000,25,19,16,6,1,75,0.6043662112860118,0.0021032697217480967,0,99.4,OFF,115200,499200,OFF,537600,OFF,115200,OFF,OFF,OFF,OFF,OFF,50.98039215686274,64.343,-256,-256,-256,64.968,63.375,63.812,63.5,64.968,7667,4269,17144,ON,MAXN_SUPER
2026-08-16 01:20:02.766297,1:17:08.530000,27,21,16,19,0,60,0.6061131065929637,0.0021032697217480967,0,99.7,OFF,128000,499200,OFF,537600,OFF,115200,OFF,OFF,OFF,OFF,OFF,50.98039215686274,64.531,-256,-256,-256,65.437,63.562,63.906,63.656,65.437,7628,4269,17067,ON,MAXN_SUPER
2026-08-16 01:20:03.766614,1:17:09.530000,18,22,34,37,26,28,0.6075221250298466,0.0021032697217480967,0,88.6,OFF,115200,499200,OFF,537600,OFF,115200,OFF,OFF,OFF,OFF,OFF,50.98039215686274,64.312,-256,-256,-256,65.218,63.468,63.937,63.656,65.218,7590,4231,16952,ON,MAXN_SUPER
2026-08-16 01:20:04.768052,1:17:10.530000,11,2,7,10,33,73,0.6089629798891374,0.0021032697217480967,0,99.7,OFF,115200,499200,OFF,537600,OFF,115200,OFF,OFF,OFF,OFF,OFF,50.98039215686274,64.625,-256,-256,-256,65.656,63.531,64.031,63.75,65.656,7807,4300,17414,ON,MAXN_SUPER
2026-08-16 01:20:05.768772,1:17:11.530000,17,7,11,15,33,73,0.6102759755681133,0.0021032697217480967,0,15.2,OFF,115200,499200,OFF,537600,OFF,115200,OFF,OFF,OFF,OFF,OFF,50.98039215686274,65.281,-256,-256,-256,65.812,63.562,64.156,63.906,65.625,7769,4231,17260,ON,MAXN_SUPER
2026-08-16 01:20:06.769677,1:17:12.530000,7,9,5,15,31,74,0.6114231137561587,0.0021032697217480967,0,88.9,OFF,115200,499200,OFF,537600,OFF,115200,OFF,OFF,OFF,OFF,OFF,50.98039215686274,64.718,-256,-256,-256,65.687,63.562,64.218,63.812,65.687,7667,4269,17039,ON,MAXN_SUPER
2026-08-16 01:20:07.770779,1:17:13.530000,21,4,6,2,36,72,0.6127366229258185,0.0021032697217480967,0,99.7,OFF,115200,499200,OFF,537600,OFF,115200,OFF,OFF,OFF,OFF,OFF,50.98039215686274,64.625,-256,-256,-256,65.875,63.625,64.25,64.031,65.875,7730,4300,17308,ON,MAXN_SUPER
2026-08-16 01:20:08.771878,1:17:14.530000,20,9,12,2,35,72,0.6141158589030299,0.0021032697217480967,0,17.0,OFF,115200,499200,OFF,537600,OFF,115200,OFF,OFF,OFF,OFF,OFF,50.98039215686274,64.781,-256,-256,-256,65.718,63.937,64.25,63.937,65.718,7590,4231,16990,ON,MAXN_SUPER
2026-08-16 01:20:09.772742,1:17:15.530000,20,8,3,3,31,75,0.615297400966903,0.0021032697217480967,0,99.4,OFF,115200,499200,OFF,537600,OFF,115200,OFF,OFF,OFF,OFF,OFF,50.98039215686274,64.937,-256,-256,-256,65.656,64.0,64.281,64.031,65.656,7654,4307,17106,ON,MAXN_SUPER
2026-08-16 01:20:10.773992,1:17:16.530000,5,22,12,6,33,72,0.6148676092643989,0.0021032697217480967,0,99.7,OFF,115200,499200,OFF,537600,OFF,115200,OFF,OFF,OFF,OFF,OFF,50.98039215686274,64.906,-256,-256,-256,65.937,63.937,64.343,64.125,65.937,7807,4300,17347,ON,MAXN_SUPER
2026-08-16 01:20:11.774821,1:17:17.530000,5,18,3,5,33,73,0.6167901183852772,0.0021032697217480967,0,19.8,OFF,115200,499200,OFF,537600,OFF,115200,OFF,OFF,OFF,OFF,OFF,50.98039215686274,65.218,-256,-256,-256,65.75,63.937,64.562,64.093,65.75,7552,4231,16875,ON,MAXN_SUPER
2026-08-16 01:20:12.775709,1:17:18.530000,5,16,3,4,30,76,0.618004523852926,0.0021032697217480967,0,99.5,OFF,115200,499200,OFF,537600,OFF,115200,OFF,OFF,OFF,OFF,OFF,50.98039215686274,65.406,-256,-256,-256,65.937,64.031,64.531,64.343,65.937,7705,4307,17154,ON,MAXN_SUPER
2026-08-16 01:20:13.776922,1:17:19.530000,6,20,11,4,36,70,0.6198073896444334,0.0021032697217480967,0,99.7,OFF,115200,499200,OFF,537600,OFF,115200,OFF,OFF,OFF,OFF,OFF,50.98039215686274,65.0,-256,-256,-256,66.406,64.25,64.562,64.343,66.125,7667,4269,17144,ON,MAXN_SUPER
2026-08-16 01:20:14.778280,1:17:20.530000,9,20,2,5,33,74,0.6210069038822463,0.0021032697217480967,0,33.2,OFF,115200,499200,OFF,537600,OFF,115200,OFF,OFF,OFF,OFF,OFF,50.98039215686274,65.031,-256,-256,-256,65.593,64.187,64.625,64.312,65.593,7475,4231,16836,ON,MAXN_SUPER
2026-08-16 01:20:15.779330,1:17:21.530000,13,19,15,6,34,73,0.6223912747662975,0.0021032697217480967,0,99.8,OFF,115200,499200,OFF,537600,OFF,115200,OFF,OFF,OFF,OFF,OFF,50.98039215686274,65.437,-256,-256,-256,66.687,64.312,64.718,64.437,66.687,7922,4339,17578,ON,MAXN_SUPER
2026-08-16 01:20:16.780099,1:17:22.530000,20,6,32,9,36,43,0.6224847300707846,0.0021032697217480967,0,45.4,OFF,140800,499200,OFF,537600,OFF,115200,OFF,OFF,OFF,OFF,OFF,50.98039215686274,65.75,-256,-256,-256,66.343,64.281,64.812,64.531,66.343,7628,4269,17029,ON,MAXN_SUPER
2026-08-16 01:20:17.781099,1:17:23.530000,9,13,38,17,54,13,0.6237956717870246,0.0021032697217480967,0,99.4,OFF,115200,499200,OFF,537600,OFF,115200,OFF,OFF,OFF,OFF,OFF,53.72549019607843,65.5,-256,-256,-256,66.156,64.375,64.843,64.562,66.156,7667,4269,17067,ON,MAXN_SUPER
2026-08-16 01:20:18.782072,1:17:24.530000,14,3,3,15,69,34,0.6254008436651938,0.0021032697217480967,0,99.8,OFF,115200,499200,OFF,537600,OFF,115200,OFF,OFF,OFF,OFF,OFF,53.72549019607843,65.5,-256,-256,-256,66.5,64.406,64.875,64.625,66.5,7807,4346,17347,ON,MAXN_SUPER
2026-08-16 01:20:19.783164,1:17:25.530000,31,62,5,10,0,30,0.6267621074684653,0.0021032697217480967,0,26.1,OFF,115200,499200,OFF,537600,OFF,115200,OFF,OFF,OFF,OFF,OFF,53.72549019607843,65.781,-256,-256,-256,66.5,64.531,64.937,64.781,66.5,7552,4231,16990,ON,MAXN_SUPER
2026-08-16 01:20:20.784301,1:17:26.530000,16,16,12,74,30,1,0.625918442274661,0.0021032697217480967,0,99.5,OFF,115200,499200,OFF,537600,OFF,115200,OFF,OFF,OFF,OFF,OFF,53.72549019607843,65.75,-256,-256,-256,66.531,64.562,64.968,64.843,66.531,7807,4339,17385,ON,MAXN_SUPER
2026-08-16 01:20:21.785659,1:17:27.530000,41,10,10,10,52,16,0.6272817600406685,0.0021032697217480967,0,99.7,OFF,115200,499200,OFF,537600,OFF,115200,OFF,OFF,OFF,OFF,OFF,53.72549019607843,65.468,-256,-256,-256,66.843,64.656,64.937,64.781,66.843,7705,4307,17193,ON,MAXN_SUPER
2026-08-16 01:20:22.786510,1:17:28.530000,26,3,15,14,74,14,0.6286065660053762,0.0021032697217480967,0,88.6,OFF,115200,499200,OFF,537600,OFF,115200,OFF,OFF,OFF,OFF,OFF,53.72549019607843,65.937,-256,-256,-256,66.343,64.562,65.156,64.906,66.343,7475,4192,16836,ON,MAXN_SUPER
2026-08-16 01:20:23.787598,1:17:29.530000,8,16,8,74,32,1,0.6302230346785933,0.0021032697217480967,0,99.7,OFF,115200,499200,OFF,537600,OFF,115200,OFF,OFF,OFF,OFF,OFF,53.72549019607843,66.031,-256,-256,-256,66.781,64.625,65.125,64.937,66.781,7807,4339,17424,ON,MAXN_SUPER
2026-08-16 01:20:24.788371,1:17:30.530000,15,4,19,72,35,8,0.6317301298361194,0.0021032697217480967,0,85.0,OFF,115200,499200,OFF,537600,OFF,115200,OFF,OFF,OFF,OFF,OFF,53.72549019607843,65.937,-256,-256,-256,66.968,64.875,65.093,65.0,66.968,7705,4231,17078,ON,MAXN_SUPER
2026-08-16 01:20:25.789617,1:17:31.530000,35,25,6,52,15,4,0.6290491949749801,0.0021032697217480967,0,99.5,OFF,115200,499200,OFF,537600,OFF,115200,OFF,OFF,OFF,OFF,OFF,53.72549019607843,66.031,-256,-256,-256,66.937,64.75,65.156,65.0,66.937,7692,4307,17154,ON,MAXN_SUPER
2026-08-16 01:20:26.790765,1:17:32.530000,8,30,8,54,35,3,0.6306138010891137,0.0021032697217480967,0,99.7,OFF,115200,499200,OFF,537600,OFF,115200,OFF,OFF,OFF,OFF,OFF,53.72549019607843,65.968,-256,-256,-256,66.875,64.812,65.218,65.0,66.875,7769,4339,17270,ON,MAXN_SUPER
2026-08-16 01:20:27.791739,1:17:33.530000,38,24,11,66,13,4,0.6319504173395534,0.0021032697217480967,0,40.2,OFF,115200,499200,OFF,537600,OFF,115200,OFF,OFF,OFF,OFF,OFF,53.72549019607843,66.375,-256,-256,-256,66.375,64.75,65.343,65.0,66.375,7552,4231,16913,ON,MAXN_SUPER
2026-08-16 01:20:28.792713,1:17:34.530000,25,5,30,44,5,31,0.6332690614160532,0.0021032697217480967,0,99.8,OFF,115200,499200,OFF,537600,OFF,115200,OFF,OFF,OFF,OFF,OFF,53.72549019607843,66.343,-256,-256,-256,67.156,64.906,65.406,65.156,67.156,7845,4377,17462,ON,MAXN_SUPER
2026-08-16 01:20:29.794010,1:17:35.530000,10,5,62,28,11,35,0.6346472704118965,0.0021032697217480967,0,54.0,OFF,115200,499200,OFF,537600,OFF,115200,OFF,OFF,OFF,OFF,OFF,53.72549019607843,66.25,-256,-256,-256,67.156,65.0,65.375,65.156,66.906,7628,4269,17106,ON,MAXN_SUPER
2026-08-16 01:20:30.794799,1:17:36.530000,70,7,16,9,18,17,0.6358914583392171,0.0021032697217480967,0,93.5,OFF,115200,499200,OFF,537600,OFF,115200,OFF,OFF,OFF,OFF,OFF,53.72549019607843,66.187,-256,-256,-256,66.5,65.031,65.406,65.218,66.5,7513,4231,16913,ON,MAXN_SUPER
2026-08-16 01:20:31.796270,1:17:37.530000,75,3,9,10,38,7,0.6372208857200808,0.0021032697217480967,0,99.8,OFF,115200,499200,OFF,537600,OFF,115200,OFF,OFF,OFF,OFF,OFF,53.72549019607843,66.218,-256,-256,-256,67.312,65.031,65.468,65.375,67.312,7884,4339,17501,ON,MAXN_SUPER
2026-08-16 01:20:32.797315,1:17:38.530000,33,12,54,24,7,15,0.6386946039831473,0.0021032697217480967,0,25.7,OFF,115200,499200,OFF,537600,OFF,115200,OFF,OFF,OFF,OFF,OFF,53.72549019607843,66.281,-256,-256,-256,67.25,65.093,65.718,65.312,67.125,7513,4231,16913,ON,MAXN_SUPER
2026-08-16 01:20:33.797926,1:17:39.530000,69,40,14,5,2,6,0.6398078517860489,0.0021032697217480967,0,99.5,OFF,115200,499200,OFF,537600,OFF,115200,OFF,OFF,OFF,OFF,OFF,53.72549019607843,66.406,-256,-256,-256,67.25,65.062,65.531,65.5,67.25,7654,4300,17222,ON,MAXN_SUPER
2026-08-16 01:20:34.799121,1:17:40.530000,24,21,6,24,50,28,0.6413940245089104,0.0021032697217480967,0,67.1,OFF,115200,499200,OFF,537600,OFF,115200,OFF,OFF,OFF,OFF,OFF,53.72549019607843,66.156,-256,-256,-256,67.125,65.031,65.625,65.281,67.125,7628,4231,17029,ON,MAXN_SUPER
2026-08-16 01:20:35.800006,1:17:41.530000,6,50,5,16,45,18,0.6424410320135767,0.0021032697217480967,0,86.6,OFF,115200,499200,OFF,537600,OFF,115200,OFF,OFF,OFF,OFF,OFF,53.72549019607843,66.406,-256,-256,-256,66.718,65.218,65.593,65.437,66.718,7513,4231,16913,ON,MAXN_SUPER
2026-08-16 01:20:36.801282,1:17:42.530000,14,19,22,15,35,43,0.6437838101522243,0.0021032697217480967,0,99.7,OFF,115200,499200,OFF,537600,OFF,115200,OFF,OFF,OFF,OFF,OFF,53.72549019607843,66.343,-256,-256,-256,67.468,65.375,65.5,65.437,67.468,7884,4339,17501,ON,MAXN_SUPER
2026-08-16 01:20:37.802237,1:17:43.530000,6,11,37,19,2,70,0.6451938555704753,0.0021032697217480967,0,24.6,OFF,115200,499200,OFF,537600,OFF,115200,OFF,OFF,OFF,OFF,OFF,55.294117647058826,66.437,-256,-256,-256,67.406,65.312,65.687,65.468,67.406,7552,4231,17029,ON,MAXN_SUPER
2026-08-16 01:20:38.803538,1:17:44.530000,32,14,7,8,1,75,0.6466608984546498,0.0021032697217480967,0,99.6,OFF,115200,499200,OFF,537600,OFF,115200,OFF,OFF,OFF,OFF,OFF,55.294117647058826,66.75,-256,-256,-256,67.531,65.343,65.781,65.531,67.531,7730,4300,17308,ON,MAXN_SUPER
2026-08-16 01:20:39.804415,1:17:45.530000,29,21,14,47,3,31,0.6430094662007595,0.0021032697217480967,0,44.1,OFF,115200,499200,OFF,537600,OFF,115200,OFF,OFF,OFF,OFF,OFF,55.294117647058826,66.593,-256,-256,-256,67.5,65.281,65.875,65.562,67.5,7590,4231,16952,ON,MAXN_SUPER
2026-08-16 01:20:40.806153,1:17:46.530000,13,11,16,33,66,3,0.6450680503528965,0.0021032697217480967,0,99.4,OFF,115200,499200,OFF,537600,OFF,115200,OFF,OFF,OFF,OFF,OFF,55.294117647058826,66.625,-256,-256,-256,67.125,65.5,65.718,65.656,67.281,7616,4262,17183,ON,MAXN_SUPER
2026-08-16 01:20:41.806496,1:17:47.530000,19,24,7,25,71,2,0.6467985139579605,0.0021032697217480967,0,99.7,OFF,115200,499200,OFF,537600,OFF,115200,OFF,OFF,OFF,OFF,OFF,55.294117647058826,66.593,-256,-256,-256,67.718,65.5,65.812,65.687,67.5,7730,4262,17270,ON,MAXN_SUPER
2026-08-16 01:20:42.807678,1:17:48.530000,13,20,4,37,73,1,0.6458259626024735,0.0021032697217480967,0,56.1,OFF,140800,499200,OFF,537600,OFF,115200,OFF,OFF,OFF,OFF,OFF,55.294117647058826,66.812,-256,-256,-256,67.312,65.562,65.843,65.687,67.312,7552,4231,16913,ON,MAXN_SUPER
2026-08-16 01:20:43.808811,1:17:49.530000,5,17,4,35,74,3,0.6467199498833093,0.0021032697217480967,0,99.6,OFF,115200,499200,OFF,537600,OFF,115200,OFF,OFF,OFF,OFF,OFF,55.294117647058826,66.75,-256,-256,-256,67.656,65.562,65.843,65.812,67.656,7807,4339,17424,ON,MAXN_SUPER
2026-08-16 01:20:44.810149,1:17:50.530000,12,16,14,32,72,4,0.6466906809143215,0.0021032697217480967,0,99.3,OFF,115200,499200,OFF,537600,OFF,115200,OFF,OFF,OFF,OFF,OFF,55.294117647058826,66.906,-256,-256,-256,67.687,65.531,66.062,65.687,67.687,7692,4300,17154,ON,MAXN_SUPER
2026-08-16 01:20:45.811324,1:17:51.530000,10,7,6,32,50,34,0.6465417686159629,0.0021032697217480967,0,75.2,OFF,140800,499200,OFF,537600,OFF,115200,OFF,OFF,OFF,OFF,OFF,55.294117647058826,66.906,-256,-256,-256,67.093,65.5,66.062,65.687,67.093,7475,4231,16952,ON,MAXN_SUPER
2026-08-16 01:20:46.811957,1:17:52.530000,8,13,6,36,12,73,0.6466151977837742,0.0021032697217480967,0,99.7,OFF,115200,499200,OFF,537600,OFF,115200,OFF,OFF,OFF,OFF,OFF,55.294117647058826,66.906,-256,-256,-256,67.968,65.562,66.031,65.718,67.968,7960,4377,17616,ON,MAXN_SUPER
2026-08-16 01:20:47.813324,1:17:53.530000,11,35,5,2,53,32,0.646638304864554,0.0021032697217480967,0,48.5,OFF,115200,499200,OFF,537600,OFF,115200,OFF,OFF,OFF,OFF,OFF,55.294117647058826,66.937,-256,-256,-256,67.812,65.625,66.062,65.812,67.812,7692,4262,17193,ON,MAXN_SUPER
2026-08-16 01:20:48.814577,1:17:54.530000,16,35,6,3,75,12,0.6463805325411883,0.0021689969005527247,0,99.5,OFF,166400,499200,OFF,537600,OFF,115200,OFF,OFF,OFF,OFF,OFF,55.294117647058826,66.937,-256,-256,-256,67.218,65.718,66.187,65.937,67.25,7616,4231,16990,ON,MAXN_SUPER
2026-08-16 01:20:49.815230,1:17:55.530000,11,5,10,29,73,13,0.6470075046663466,0.0021689969005527247,0,99.8,OFF,115200,499200,OFF,537600,OFF,115200,OFF,OFF,OFF,OFF,OFF,55.294117647058826,67.187,-256,-256,-256,68.125,65.75,66.218,65.937,68.125,7884,4377,17501,ON,MAXN_SUPER
2026-08-16 01:20:50.816584,1:17:56.530000,13,30,8,4,72,13,0.6466927348770575,0.0021689969005527247,0,61.3,OFF,115200,499200,OFF,537600,OFF,115200,OFF,OFF,OFF,OFF,OFF,55.294117647058826,66.75,-256,-256,-256,67.781,65.781,66.25,65.906,67.781,7616,4262,17154,ON,MAXN_SUPER
2026-08-16 01:20:51.817759,1:17:57.530000,16,32,9,3,75,10,0.6466213596719822,0.0021689969005527247,0,99.5,OFF,115200,499200,OFF,537600,OFF,115200,OFF,OFF,OFF,OFF,OFF,55.294117647058826,67.0,-256,-256,-256,67.718,65.781,66.187,65.968,67.718,7730,4300,17193,ON,MAXN_SUPER
2026-08-16 01:20:52.818721,1:17:58.530000,6,35,10,5,72,14,0.6461879735346902,0.0021689969005527247,0,99.7,OFF,115200,499200,OFF,537600,OFF,115200,OFF,OFF,OFF,OFF,OFF,55.294117647058826,67.125,-256,-256,-256,67.968,65.812,66.218,65.968,67.968,7769,4300,17347,ON,MAXN_SUPER
2026-08-16 01:20:53.820317,1:17:59.530000,14,35,8,5,74,11,0.6475538587541175,0.0021689969005527247,0,41.8,OFF,115200,499200,OFF,537600,OFF,115200,OFF,OFF,OFF,OFF,OFF,55.294117647058826,67.312,-256,-256,-256,67.687,65.937,66.375,66.031,67.687,7577,4231,17001,ON,MAXN_SUPER
2026-08-16 01:20:54.820881,1:18:00.530000,10,34,15,8,74,12,0.623860885103892,0.0021689969005527247,0,99.8,OFF,115200,499200,OFF,537600,OFF,115200,OFF,OFF,OFF,OFF,OFF,55.294117647058826,67.218,-256,-256,-256,68.187,65.906,66.406,66.093,68.187,7922,4339,17578,ON,MAXN_SUPER
2026-08-16 01:20:55.821657,1:18:01.530000,33,12,10,7,22,64,0.6256391033425676,0.0021689969005527247,0,18.7,OFF,115200,499200,OFF,537600,OFF,115200,OFF,OFF,OFF,OFF,OFF,55.294117647058826,67.625,-256,-256,-256,67.906,65.968,66.375,66.093,67.906,7654,4231,17078,ON,MAXN_SUPER
2026-08-16 01:20:56.822723,1:18:02.530000,7,11,8,34,12,75,0.6269192356177679,0.0021689969005527247,0,75.4,OFF,140800,499200,OFF,537600,OFF,115200,OFF,OFF,OFF,OFF,OFF,55.294117647058826,67.156,-256,-256,-256,67.562,66.0,66.343,66.218,67.562,7654,4262,17039,ON,MAXN_SUPER
2026-08-16 01:20:57.823857,1:18:03.530000,30,4,9,10,13,73,0.6284140069988781,0.0021689969005527247,0,99.8,OFF,115200,499200,OFF,537600,OFF,115200,OFF,OFF,OFF,OFF,OFF,55.294117647058826,67.062,-256,-256,-256,68.312,66.093,66.437,66.218,68.312,7807,4339,17462,ON,MAXN_SUPER
2026-08-16 01:20:58.825322,1:18:04.530000,34,9,16,6,11,72,0.6297742438207815,0.0021689969005527247,0,24.4,OFF,115200,499200,OFF,537600,OFF,115200,OFF,OFF,OFF,OFF,OFF,55.294117647058826,67.187,-256,-256,-256,67.781,66.062,66.375,66.218,67.781,7501,4231,16952,ON,MAXN_SUPER
2026-08-16 01:20:59.826049,1:18:05.530000,32,10,3,4,11,75,0.6310364039220419,0.0021689969005527247,0,99.6,OFF,115200,499200,OFF,537600,OFF,115200,OFF,OFF,OFF,OFF,OFF,55.294117647058826,67.0,-256,-256,-256,68.218,66.062,66.375,66.25,68.218,7769,4300,17308,ON,MAXN_SUPER
2026-08-16 01:21:00.827294,1:18:06.530000,27,17,12,5,15,72,0.6322569712778986,0.0021689969005527247,0,75.0,OFF,115200,499200,OFF,537600,OFF,115200,OFF,OFF,OFF,OFF,OFF,55.294117647058826,67.437,-256,-256,-256,68.187,66.0,66.406,66.218,68.187,7654,4262,17154,ON,MAXN_SUPER
2026-08-16 01:21:01.828260,1:18:07.530000,6,34,9,4,14,74,0.6335350495903628,0.0021689969005527247,0,87.3,OFF,115200,499200,OFF,537600,OFF,115200,OFF,OFF,OFF,OFF,OFF,55.294117647058826,67.156,-256,-256,-256,67.625,66.093,66.531,66.25,67.625,7475,4231,16875,ON,MAXN_SUPER
2026-08-16 01:21:02.829482,1:18:08.530000,7,32,10,5,12,74,0.6349748774682855,0.0021689969005527247,0,99.7,OFF,115200,499200,OFF,537600,OFF,115200,OFF,OFF,OFF,OFF,OFF,55.294117647058826,67.312,-256,-256,-256,68.281,66.062,66.437,66.343,68.281,7845,4339,17539,ON,MAXN_SUPER
2026-08-16 01:21:03.830594,1:18:09.530000,34,7,12,6,62,24,0.6362868461658935,0.0021689969005527247,0,32.3,OFF,115200,499200,OFF,537600,OFF,115200,OFF,OFF,OFF,OFF,OFF,55.294117647058826,67.437,-256,-256,-256,68.218,66.281,66.531,66.437,68.218,7577,4262,17001,ON,MAXN_SUPER
2026-08-16 01:21:04.832187,1:18:10.530000,17,23,8,3,75,12,0.6374370652980428,0.0021689969005527247,0,96.4,OFF,166400,499200,OFF,537600,OFF,115200,OFF,OFF,OFF,OFF,OFF,55.294117647058826,67.281,-256,-256,-256,68.062,66.218,66.531,66.437,68.062,7654,4262,17116,ON,MAXN_SUPER
2026-08-16 01:21:05.832756,1:18:11.530000,11,37,31,13,72,12,0.5963578105784216,0.0021689969005527247,0,99.7,OFF,115200,499200,OFF,537600,OFF,115200,OFF,OFF,OFF,OFF,OFF,56.86274509803921,67.375,-256,-256,-256,68.406,66.343,66.687,66.5,68.406,7884,4300,17539,ON,MAXN_SUPER
2026-08-16 01:21:06.833757,1:18:12.530000,6,16,26,3,73,13,0.5984246105815025,0.0021689969005527247,0,28.6,OFF,115200,499200,OFF,537600,OFF,115200,OFF,OFF,OFF,OFF,OFF,56.86274509803921,67.875,-256,-256,-256,68.25,66.281,66.593,66.375,68.25,7577,4262,17001,ON,MAXN_SUPER
2026-08-16 01:21:07.835120,1:18:13.530000,25,8,25,4,75,11,0.5997237420120105,0.0021689969005527247,0,99.7,OFF,115200,499200,OFF,537600,OFF,115200,OFF,OFF,OFF,OFF,OFF,56.86274509803921,67.5,-256,-256,-256,68.343,66.281,66.687,66.562,68.343,7845,4339,17424,ON,MAXN_SUPER
2026-08-16 01:21:08.836099,1:18:14.530000,36,11,14,4,64,21,0.6014239096667189,0.0021689969005527247,0,99.7,OFF,115200,499200,OFF,537600,OFF,115200,OFF,OFF,OFF,OFF,OFF,56.86274509803921,67.5,-256,-256,-256,68.593,66.468,66.656,66.625,68.593,7616,4262,17078,ON,MAXN_SUPER
2026-08-16 01:21:09.837802,1:18:15.530000,36,4,8,14,74,12,0.6027528235568986,0.0021689969005527247,0,71.1,OFF,128000,499200,OFF,537600,OFF,115200,OFF,OFF,OFF,OFF,OFF,56.86274509803921,67.375,-256,-256,-256,67.875,66.375,66.687,66.562,67.875,7539,4224,17001,ON,MAXN_SUPER
2026-08-16 01:21:10.838214,1:18:16.530000,35,10,15,4,65,21,0.6041541396335217,0.0021689969005527247,0,99.7,OFF,115200,499200,OFF,537600,OFF,115200,OFF,OFF,OFF,OFF,OFF,56.86274509803921,67.375,-256,-256,-256,68.437,66.375,66.687,66.593,68.437,7769,4300,17385,ON,MAXN_SUPER
2026-08-16 01:21:11.839288,1:18:17.530000,37,8,4,5,72,14,0.6060314615742084,0.0021689969005527247,0,23.4,OFF,115200,499200,OFF,537600,OFF,115200,OFF,OFF,OFF,OFF,OFF,56.86274509803921,67.937,-256,-256,-256,68.187,66.375,66.812,66.625,68.187,7539,4269,16962,ON,MAXN_SUPER
2026-08-16 01:21:12.841285,1:18:18.530000,16,25,13,4,70,20,0.6072530559114331,0.0021689969005527247,0,99.5,OFF,153600,499200,OFF,537600,OFF,115200,OFF,OFF,OFF,OFF,OFF,56.86274509803921,67.562,-256,-256,-256,68.406,66.406,66.781,66.656,68.406,7845,4300,17424,ON,MAXN_SUPER
2026-08-16 01:21:13.841515,1:18:19.540000,9,30,4,6,19,72,0.6086954512427758,0.0021689969005527247,0,99.8,OFF,115200,499200,OFF,537600,OFF,115200,OFF,OFF,OFF,OFF,OFF,56.86274509803921,67.687,-256,-256,-256,68.437,66.468,66.843,66.625,68.437,7730,4300,17231,ON,MAXN_SUPER
2026-08-16 01:21:14.842727,1:18:20.540000,6,35,4,2,18,74,0.6102636517916974,0.0021689969005527247,0,23.2,OFF,115200,499200,OFF,537600,OFF,115200,OFF,OFF,OFF,OFF,OFF,56.86274509803921,67.625,-256,-256,-256,68.281,66.5,66.843,66.718,68.281,7539,4269,16924,ON,MAXN_SUPER
2026-08-16 01:21:15.844320,1:18:21.540000,36,3,14,6,19,73,0.6112038532340927,0.0021689969005527247,0,99.8,OFF,115200,499200,OFF,537600,OFF,115200,OFF,OFF,OFF,OFF,OFF,56.86274509803921,67.531,-256,-256,-256,68.687,66.687,66.75,66.718,68.687,7884,4339,17539,ON,MAXN_SUPER
2026-08-16 01:21:16.845183,1:18:22.540000,36,3,5,3,18,72,0.6126447080933834,0.0021689969005527247,0,54.7,OFF,115200,499200,OFF,537600,OFF,115200,OFF,OFF,OFF,OFF,OFF,56.86274509803921,67.593,-256,-256,-256,68.5,66.625,66.812,66.781,68.687,7577,4262,17078,ON,MAXN_SUPER
2026-08-16 01:21:17.846526,1:18:23.540000,33,4,14,2,17,74,0.6136778513495819,0.0021689969005527247,0,99.5,OFF,115200,499200,OFF,537600,OFF,115200,OFF,OFF,OFF,OFF,OFF,56.86274509803921,67.906,-256,-256,-256,68.5,66.562,67.093,66.781,68.5,7616,4262,17078,ON,MAXN_SUPER
2026-08-16 01:21:18.847467,1:18:24.540000,5,33,6,6,20,73,0.614865555301663,0.0021689969005527247,0,99.7,OFF,115200,499200,OFF,537600,OFF,115200,OFF,OFF,OFF,OFF,OFF,56.86274509803921,67.687,-256,-256,-256,68.937,66.468,66.875,66.75,68.937,7845,4339,17462,ON,MAXN_SUPER
2026-08-16 01:21:19.848427,1:18:25.540000,34,9,11,6,61,23,0.6161739295644829,0.0021689969005527247,0,40.8,OFF,115200,499200,OFF,537600,OFF,115200,OFF,OFF,OFF,OFF,OFF,56.86274509803921,68.25,-256,-256,-256,68.656,66.593,67.093,66.843,68.656,7692,4262,17154,ON,MAXN_SUPER
2026-08-16 01:21:20.849546,1:18:26.540000,12,28,5,8,76,13,0.6171572642243338,0.0021689969005527247,0,98.7,OFF,115200,499200,OFF,537600,OFF,115200,OFF,OFF,OFF,OFF,OFF,56.86274509803921,68.156,-256,-256,-256,68.5,66.687,67.093,66.843,68.5,7692,4300,17231,ON,MAXN_SUPER
2026-08-16 01:21:21.850802,1:18:27.540000,29,7,14,16,71,13,0.6189575625624212,0.0021689969005527247,0,99.7,OFF,115200,499200,OFF,537600,OFF,115200,OFF,OFF,OFF,OFF,OFF,56.86274509803921,67.937,-256,-256,-256,68.718,66.468,67.093,66.843,68.875,7845,4300,17462,ON,MAXN_SUPER
2026-08-16 01:21:22.851990,1:18:28.550000,35,8,17,5,26,59,0.6202263980425735,0.0021689969005527247,0,22.0,OFF,115200,499200,OFF,537600,OFF,115200,OFF,OFF,OFF,OFF,OFF,56.86274509803921,68.281,-256,-256,-256,68.437,66.562,67.093,66.906,68.437,7577,4224,17001,ON,MAXN_SUPER
2026-08-16 01:21:23.853384,1:18:29.550000,24,10,6,8,12,76,0.6213468347150511,0.0021689969005527247,0,99.5,OFF,166400,499200,OFF,537600,OFF,115200,OFF,OFF,OFF,OFF,OFF,56.86274509803921,67.906,-256,-256,-256,68.75,66.718,67.093,66.968,68.687,7769,4339,17385,ON,MAXN_SUPER
2026-08-16 01:21:24.853902,1:18:30.550000,20,24,3,18,13,71,0.6226890993630148,0.0021689969005527247,0,99.7,OFF,115200,499200,OFF,537600,OFF,115200,OFF,OFF,OFF,OFF,OFF,56.86274509803921,67.875,-256,-256,-256,68.718,66.937,67.156,67.0,68.718,7730,4300,17231,ON,MAXN_SUPER
2026-08-16 01:21:25.855248,1:18:31.550000,29,7,4,11,14,75,0.6238583176504721,0.0021689969005527247,0,33.1,OFF,115200,499200,OFF,537600,OFF,115200,OFF,OFF,OFF,OFF,OFF,56.86274509803921,68.218,-256,-256,-256,68.531,66.906,67.156,66.968,68.531,7501,4262,16924,ON,MAXN_SUPER
2026-08-16 01:21:26.856350,1:18:32.550000,6,3,34,13,12,75,0.625261687689831,0.0021689969005527247,0,99.8,OFF,115200,499200,OFF,537600,OFF,115200,OFF,OFF,OFF,OFF,OFF,56.86274509803921,68.218,-256,-256,-256,68.843,66.75,67.031,67.031,68.843,7870,4377,17654,ON,MAXN_SUPER
2026-08-16 01:21:27.857272,1:18:33.550000,40,4,4,13,14,72,0.6266013848843748,0.0021689969005527247,0,59.1,OFF,115200,499200,OFF,537600,OFF,115200,OFF,OFF,OFF,OFF,OFF,56.86274509803921,68.156,-256,-256,-256,69.156,66.843,67.125,66.968,69.156,7654,4300,17193,ON,MAXN_SUPER
2026-08-16 01:21:28.858298,1:18:34.550000,34,4,0,10,12,75,0.6280283754951976,0.0021689969005527247,0,21.1,OFF,115200,499200,OFF,537600,OFF,115200,OFF,OFF,OFF,OFF,OFF,56.86274509803921,68.218,-256,-256,-256,68.343,66.75,67.312,67.031,68.343,7501,4262,16962,ON,MAXN_SUPER
2026-08-16 01:21:29.859353,1:18:35.550000,37,4,4,19,13,72,0.6292273762423265,0.0021689969005527247,0,99.7,OFF,115200,499200,OFF,537600,OFF,115200,OFF,OFF,OFF,OFF,OFF,56.86274509803921,68.093,-256,-256,-256,68.906,66.687,67.218,67.062,68.906,7845,4339,17501,ON,MAXN_SUPER
2026-08-16 01:21:30.860580,1:18:36.550000,35,6,4,9,13,72,0.630484914927431,0.0021689969005527247,0,35.5,OFF,115200,499200,OFF,537600,OFF,115200,OFF,OFF,OFF,OFF,OFF,56.86274509803921,68.25,-256,-256,-256,68.906,66.812,67.25,66.968,68.906,7654,4262,17078,ON,MAXN_SUPER
2026-08-16 01:21:31.861851,1:18:37.560000,13,4,22,18,12,75,0.6318071534387187,0.0021689969005527247,0,99.5,OFF,115200,499200,OFF,537600,OFF,115200,OFF,OFF,OFF,OFF,OFF,56.86274509803921,68.281,-256,-256,-256,68.562,66.968,67.187,67.031,68.562,7654,4262,17154,ON,MAXN_SUPER
2026-08-16 01:21:32.863940,1:18:38.560000,9,6,34,2,15,72,0.6331535260121544,0.0021689969005527247,0,99.8,OFF,115200,499200,OFF,537600,OFF,115200,OFF,OFF,OFF,OFF,OFF,56.86274509803921,68.0,-256,-256,-256,69.031,66.968,67.218,67.156,69.187,7845,4377,17501,ON,MAXN_SUPER
2026-08-16 01:21:33.864206,1:18:39.560000,8,12,23,15,17,73,0.634597461815549,0.0021689969005527247,0,42.6,OFF,115200,499200,OFF,537600,OFF,115200,OFF,OFF,OFF,OFF,OFF,56.86274509803921,68.687,-256,-256,-256,68.875,66.875,67.281,67.062,69.031,7692,4262,17154,ON,MAXN_SUPER
2026-08-16 01:21:34.865233,1:18:40.560000,28,19,11,5,58,27,0.6357461404756464,0.0021689969005527247,0,99.4,OFF,115200,499200,OFF,537600,OFF,115200,OFF,OFF,OFF,OFF,OFF,56.86274509803921,68.125,-256,-256,-256,68.718,66.937,67.281,67.25,68.718,7730,4339,17308,ON,MAXN_SUPER
2026-08-16 01:21:35.866198,1:18:41.560000,37,9,0,6,65,21,0.6369954633098069,0.0021689969005527247,0,99.7,OFF,115200,499200,OFF,537600,OFF,115200,OFF,OFF,OFF,OFF,OFF,56.86274509803921,68.437,-256,-256,-256,69.218,67.0,67.218,67.25,69.093,7730,4300,17308,ON,MAXN_SUPER
2026-08-16 01:21:36.867332,1:18:42.560000,26,18,20,5,73,12,0.6381862482059919,0.0021689969005527247,0,84.2,OFF,115200,499200,OFF,537600,OFF,115200,OFF,OFF,OFF,OFF,OFF,56.86274509803921,68.406,-256,-256,-256,68.437,66.968,67.406,67.281,68.593,7501,4231,16808,ON,MAXN_SUPER
2026-08-16 01:21:37.869155,1:18:43.560000,37,29,8,9,45,12,0.6396142657981827,0.0021689969005527247,0,99.8,OFF,115200,499200,OFF,537600,OFF,115200,OFF,OFF,OFF,OFF,OFF,56.86274509803921,68.187,-256,-256,-256,69.218,66.968,67.406,67.406,69.218,7832,4377,17501,ON,MAXN_SUPER
2026-08-16 01:21:38.869585,1:18:44.560000,45,28,48,9,5,14,0.6408625616509752,0.0021689969005527247,0,37.4,OFF,115200,499200,OFF,537600,OFF,115200,OFF,OFF,OFF,OFF,OFF,56.86274509803921,68.656,-256,-256,-256,69.375,67.062,67.437,67.25,69.375,7577,4262,17078,ON,MAXN_SUPER
2026-08-16 01:21:39.871245,1:18:45.560000,33,10,18,9,64,13,0.6418525716897181,0.0021689969005527247,0,99.6,OFF,153600,499200,OFF,537600,OFF,115200,OFF,OFF,OFF,OFF,OFF,56.86274509803921,68.468,-256,-256,-256,69.0,66.968,67.312,67.312,69.0,7730,4339,17347,ON,MAXN_SUPER
2026-08-16 01:21:40.871685,1:18:46.570000,37,8,3,7,72,13,0.6428189611569972,0.0021689969005527247,0,99.7,OFF,115200,499200,OFF,537600,OFF,115200,OFF,OFF,OFF,OFF,OFF,56.86274509803921,68.312,-256,-256,-256,69.093,67.031,67.468,67.343,69.093,7692,4300,17308,ON,MAXN_SUPER
2026-08-16 01:21:41.872950,1:18:47.570000,34,9,13,6,74,12,0.6440261777550701,0.0021689969005527247,0,41.9,OFF,115200,499200,OFF,537600,OFF,115200,OFF,OFF,OFF,OFF,OFF,56.86274509803921,68.312,-256,-256,-256,68.593,67.156,67.375,67.343,68.593,7539,4224,17001,ON,MAXN_SUPER
2026-08-16 01:21:42.874191,1:18:48.570000,11,9,28,3,65,23,0.6458182602422136,0.0021689969005527247,0,99.8,OFF,115200,499200,OFF,537600,OFF,115200,OFF,OFF,OFF,OFF,OFF,56.86274509803921,68.406,-256,-256,-256,69.156,67.187,67.406,67.312,69.156,7884,4377,17616,ON,MAXN_SUPER
2026-08-16 01:21:43.875203,1:18:49.570000,21,19,15,4,72,12,0.6470152070266065,0.0021689969005527247,0,16.8,OFF,115200,499200,OFF,537600,OFF,115200,OFF,OFF,OFF,OFF,OFF,56.86274509803921,68.406,-256,-256,-256,69.218,67.156,67.375,67.437,69.218,7577,4262,17039,ON,MAXN_SUPER
2026-08-16 01:21:44.876202,1:18:50.570000,37,27,13,5,44,12,0.6480272971647612,0.0021689969005527247,0,99.5,OFF,115200,499200,OFF,537600,OFF,115200,OFF,OFF,OFF,OFF,OFF,56.86274509803921,68.562,-256,-256,-256,68.937,67.125,67.468,67.406,68.937,7692,4339,17308,ON,MAXN_SUPER
2026-08-16 01:21:45.877512,1:18:51.570000,31,14,27,3,50,13,0.6493777776636688,0.0021689969005527247,0,99.7,OFF,115200,499200,OFF,537600,OFF,115200,OFF,OFF,OFF,OFF,OFF,56.86274509803921,68.25,-256,-256,-256,69.437,67.187,67.656,67.437,69.437,7769,4339,17347,ON,MAXN_SUPER
2026-08-16 01:21:46.878619,1:18:52.570000,36,29,30,10,32,11,0.6506229925723572,0.0021689969005527247,0,36.0,OFF,115200,499200,OFF,537600,OFF,115200,OFF,OFF,OFF,OFF,OFF,56.86274509803921,69.031,-256,-256,-256,68.687,67.093,67.531,67.406,69.031,7501,4262,16924,ON,MAXN_SUPER
2026-08-16 01:21:47.879858,1:18:53.570000,31,32,50,14,0,12,0.6506003989822615,0.0021689969005527247,0,99.7,OFF,115200,499200,OFF,537600,OFF,115200,OFF,OFF,OFF,OFF,OFF,56.86274509803921,68.781,-256,-256,-256,69.281,67.093,67.562,67.437,69.531,7730,4339,17270,ON,MAXN_SUPER
2026-08-16 01:21:48.880624,1:18:54.570000,32,56,33,20,1,10,0.6503523829818918,0.0021689969005527247,0,99.5,OFF,115200,499200,OFF,537600,OFF,115200,OFF,OFF,OFF,OFF,OFF,56.86274509803921,68.593,-256,-256,-256,68.906,67.156,67.531,67.437,68.906,7501,4224,16924,ON,MAXN_SUPER
2026-08-16 01:21:49.881758,1:18:55.580000,7,4,7,68,37,6,0.6536726137446052,0.0021689969005527247,0,27.7,OFF,115200,499200,OFF,537600,OFF,115200,OFF,OFF,OFF,OFF,OFF,56.86274509803921,68.312,-256,-256,-256,68.656,67.218,67.5,67.437,68.656,7130,4154,16297,ON,MAXN_SUPER
2026-08-16 01:21:50.883060,1:18:56.580000,7,5,10,68,26,20,0.6513896341635622,0.0021689969005527247,0,7.5,OFF,115200,499200,OFF,537600,OFF,115200,OFF,OFF,OFF,OFF,OFF,56.86274509803921,68.593,-256,-256,-256,69.0,67.25,67.593,67.312,69.0,7207,4115,16374,ON,MAXN_SUPER
2026-08-16 01:21:51.884688,1:18:57.580000,10,36,8,5,37,38,0.6520119848725644,0.0021689969005527247,0,87.9,OFF,140800,499200,OFF,537600,OFF,115200,OFF,OFF,OFF,OFF,OFF,56.86274509803921,68.25,-256,-256,-256,69.218,67.343,67.531,67.406,69.218,7283,4192,16528,ON,MAXN_SUPER
2026-08-16 01:21:52.885543,1:18:58.580000,10,9,3,7,70,35,0.6523585910842613,0.0021689969005527247,0,99.7,OFF,217600,499200,OFF,537600,OFF,115200,OFF,OFF,OFF,OFF,OFF,56.86274509803921,68.343,-256,-256,-256,69.375,67.25,67.5,67.437,69.375,7437,4231,16693,ON,MAXN_SUPER
2026-08-16 01:21:53.886123,1:18:59.580000,15,4,3,6,70,38,0.6522425421896784,0.0021689969005527247,0,99.7,OFF,115200,499200,OFF,537600,OFF,115200,OFF,OFF,OFF,OFF,OFF,56.86274509803921,68.281,-256,-256,-256,69.312,67.187,67.593,67.468,69.312,7577,4262,16924,ON,MAXN_SUPER
2026-08-16 01:21:54.887226,1:19:00.580000,4,8,4,7,70,37,0.6524119941153967,0.0021689969005527247,0,99.6,OFF,115200,499200,OFF,537600,OFF,115200,OFF,OFF,OFF,OFF,OFF,56.86274509803921,68.75,-256,-256,-256,69.312,67.156,67.625,67.312,69.312,7539,4262,16924,ON,MAXN_SUPER
2026-08-16 01:21:55.888378,1:19:01.580000,16,5,4,8,70,39,0.6525763111342753,0.0021689969005527247,0,99.4,OFF,115200,499200,OFF,537600,OFF,115200,OFF,OFF,OFF,OFF,OFF,56.86274509803921,68.531,-256,-256,-256,69.25,67.156,67.593,67.468,69.031,7424,4231,16731,ON,MAXN_SUPER
2026-08-16 01:21:56.889381,1:19:02.580000,6,6,3,8,70,37,0.6521285472578314,0.0021689969005527247,0,91.4,OFF,115200,499200,OFF,537600,OFF,115200,OFF,OFF,OFF,OFF,OFF,56.86274509803921,68.406,-256,-256,-256,68.687,67.156,67.562,67.375,68.687,7245,4154,16412,ON,MAXN_SUPER
2026-08-16 01:21:57.890480,1:19:03.580000,12,4,3,6,68,39,0.6519642302389529,0.0021689969005527247,0,24.3,OFF,115200,499200,OFF,537600,OFF,115200,OFF,OFF,OFF,OFF,OFF,56.86274509803921,68.437,-256,-256,-256,68.718,67.218,67.625,67.375,68.718,7053,4115,16104,ON,MAXN_SUPER
2026-08-16 01:21:58.891674,1:19:04.590000,13,10,5,5,68,36,0.6520771981894319,0.0021689969005527247,0,12.2,OFF,115200,499200,OFF,537600,OFF,115200,OFF,OFF,OFF,OFF,OFF,56.86274509803921,68.437,-256,-256,-256,69.187,67.281,67.625,67.343,69.187,7168,4154,16297,ON,MAXN_SUPER
2026-08-16 01:21:59.892705,1:19:05.590000,10,5,4,3,68,38,0.6518830987108817,0.0021689969005527247,0,46.7,OFF,128000,499200,OFF,537600,OFF,115200,OFF,OFF,OFF,OFF,OFF,56.86274509803921,68.312,-256,-256,-256,69.156,67.312,67.625,67.437,69.156,7283,4154,16489,ON,MAXN_SUPER
2026-08-16 01:22:00.894024,1:19:06.590000,21,11,7,4,71,35,0.651413254735026,0.0021689969005527247,0,99.7,OFF,115200,499200,OFF,537600,OFF,115200,OFF,OFF,OFF,OFF,OFF,56.86274509803921,68.593,-256,-256,-256,69.343,67.281,67.531,67.406,69.218,7539,4224,16962,ON,MAXN_SUPER
2026-08-16 01:22:01.895044,1:19:07.590000,13,5,7,3,70,34,0.6511488070327685,0.0021689969005527247,0,99.6,OFF,115200,499200,OFF,537600,OFF,115200,OFF,OFF,OFF,OFF,OFF,56.86274509803921,68.531,-256,-256,-256,69.281,67.343,67.562,67.468,69.281,7616,4262,17078,ON,MAXN_SUPER
2026-08-16 01:22:02.896135,1:19:08.590000,16,13,3,3,68,36,0.6521804098169149,0.0021689969005527247,0,23.1,OFF,115200,499200,OFF,537600,OFF,115200,OFF,OFF,OFF,OFF,OFF,56.86274509803921,68.593,-256,-256,-256,68.625,67.25,67.593,67.437,68.625,7283,4154,16489,ON,MAXN_SUPER
2026-08-16 01:22:03.897309,1:19:09.590000,10,11,4,6,69,38,0.6487102397744748,0.0021689969005527247,0,90.0,OFF,115200,499200,OFF,537600,OFF,115200,OFF,OFF,OFF,OFF,OFF,56.86274509803921,68.593,-256,-256,-256,69.25,67.187,67.687,67.437,69.312,7386,4231,16654,ON,MAXN_SUPER
2026-08-16 01:22:04.898260,1:19:10.590000,11,5,4,1,71,37,0.6489988215388802,0.0021689969005527247,0,99.7,OFF,115200,499200,OFF,537600,OFF,115200,OFF,OFF,OFF,OFF,OFF,56.86274509803921,68.531,-256,-256,-256,69.5,67.187,67.656,67.437,69.5,7463,4224,16808,ON,MAXN_SUPER
2026-08-16 01:22:05.899729,1:19:11.590000,8,14,6,4,69,36,0.6493654538872529,0.0021689969005527247,0,99.7,OFF,115200,499200,OFF,537600,OFF,115200,OFF,OFF,OFF,OFF,OFF,56.86274509803921,68.531,-256,-256,-256,69.593,67.187,67.656,67.5,69.593,7577,4262,16962,ON,MAXN_SUPER
2026-08-16 01:22:06.900738,1:19:12.590000,30,7,4,7,71,11,0.6501254200995659,0.0021689969005527247,0,99.5,OFF,115200,499200,OFF,537600,OFF,115200,OFF,OFF,OFF,OFF,OFF,56.86274509803921,68.875,-256,-256,-256,69.312,67.187,67.656,67.593,69.312,7539,4262,16924,ON,MAXN_SUPER
2026-08-16 01:22:07.901756,1:19:13.600000,8,11,39,11,44,38,0.6505244023610302,0.0021689969005527247,0,18.9,OFF,204800,499200,OFF,537600,OFF,115200,OFF,OFF,OFF,OFF,OFF,56.86274509803921,68.968,-256,-256,-256,69.343,67.375,67.656,67.593,69.343,7501,4224,16847,ON,MAXN_SUPER
2026-08-16 01:22:08.902656,1:19:14.600000,13,8,4,4,73,34,0.6499020516520279,0.0021689969005527247,0,99.7,OFF,115200,499200,OFF,537600,OFF,115200,OFF,OFF,OFF,OFF,OFF,56.86274509803921,68.531,-256,-256,-256,69.5,67.343,67.656,67.531,69.5,7730,4339,17347,ON,MAXN_SUPER
2026-08-16 01:22:09.904150,1:19:15.600000,4,14,14,8,71,35,0.6506383972928771,0.0021689969005527247,0,39.6,OFF,115200,499200,OFF,537600,OFF,115200,OFF,OFF,OFF,OFF,OFF,56.86274509803921,68.75,-256,-256,-256,68.968,67.437,67.656,67.562,68.968,7424,4224,16885,ON,MAXN_SUPER
2026-08-16 01:22:10.904853,1:19:16.600000,10,11,7,14,72,36,0.6466891404422695,0.0021689969005527247,0,99.8,OFF,115200,499200,OFF,537600,OFF,115200,OFF,OFF,OFF,OFF,OFF,56.86274509803921,68.656,-256,-256,-256,69.5,67.343,67.687,67.687,69.5,7807,4339,17347,ON,MAXN_SUPER
2026-08-16 01:22:11.906228,1:19:17.600000,13,4,8,5,72,34,0.6488427203709457,0.0021689969005527247,0,28.7,OFF,128000,499200,OFF,537600,OFF,115200,OFF,OFF,OFF,OFF,OFF,56.86274509803921,68.656,-256,-256,-256,69.156,67.406,67.656,67.625,69.156,7386,4231,16731,ON,MAXN_SUPER
2026-08-16 01:22:12.907114,1:19:18.600000,17,8,6,9,70,36,0.648162345214652,0.0021689969005527247,0,99.7,OFF,115200,499200,OFF,537600,OFF,115200,OFF,OFF,OFF,OFF,OFF,56.86274509803921,68.656,-256,-256,-256,69.468,67.5,67.781,67.656,69.593,7616,4262,17039,ON,MAXN_SUPER
2026-08-16 01:22:13.908364,1:19:19.600000,4,11,7,3,72,35,0.6484591428300012,0.0021689969005527247,0,99.7,OFF,115200,499200,OFF,537600,OFF,115200,OFF,OFF,OFF,OFF,OFF,56.86274509803921,68.781,-256,-256,-256,69.656,67.375,67.875,67.687,69.656,7654,4300,17116,ON,MAXN_SUPER
2026-08-16 01:22:14.909492,1:19:20.600000,12,13,7,12,70,36,0.6486532423085514,0.0021689969005527247,0,93.3,OFF,115200,499200,OFF,537600,OFF,115200,OFF,OFF,OFF,OFF,OFF,56.86274509803921,68.875,-256,-256,-256,69.156,67.468,67.781,67.687,69.156,7577,4224,16885,ON,MAXN_SUPER
2026-08-16 01:22:15.910644,1:19:21.600000,11,3,6,10,69,37,0.6493767506823007,0.0021689969005527247,0,13.6,OFF,115200,499200,OFF,537600,OFF,115200,OFF,OFF,OFF,OFF,OFF,56.86274509803921,68.812,-256,-256,-256,69.312,67.468,67.875,67.656,69.312,7424,4185,16693,ON,MAXN_SUPER
2026-08-16 01:22:16.911700,1:19:22.610000,18,2,5,6,72,34,0.6467748933864967,0.0021689969005527247,0,99.7,OFF,115200,499200,OFF,537600,OFF,115200,OFF,OFF,OFF,OFF,OFF,56.86274509803921,69.031,-256,-256,-256,69.656,67.437,67.875,67.656,69.656,7730,4339,17308,ON,MAXN_SUPER
2026-08-16 01:22:17.913124,1:19:23.610000,10,13,4,10,71,36,0.6465700106035827,0.0021689969005527247,0,97.1,OFF,153600,499200,OFF,537600,OFF,115200,OFF,OFF,OFF,OFF,OFF,56.86274509803921,68.812,-256,-256,-256,69.0,67.531,67.937,67.75,69.156,7424,4231,16654,ON,MAXN_SUPER
2026-08-16 01:22:18.913595,1:19:24.610000,6,13,9,4,71,35,0.6478460349533108,0.0021689969005527247,0,99.7,OFF,115200,499200,OFF,537600,OFF,115200,OFF,OFF,OFF,OFF,OFF,56.86274509803921,68.75,-256,-256,-256,69.593,67.562,67.812,67.75,69.468,7616,4262,17039,ON,MAXN_SUPER
2026-08-16 01:22:19.914760,1:19:25.610000,13,3,14,3,72,36,0.6469037795481796,0.0021689969005527247,0,99.5,OFF,115200,499200,OFF,537600,OFF,115200,OFF,OFF,OFF,OFF,OFF,56.86274509803921,68.875,-256,-256,-256,69.156,67.593,67.781,67.843,69.156,7616,4262,17078,ON,MAXN_SUPER
2026-08-16 01:22:20.916462,1:19:26.610000,14,4,8,4,70,38,0.6464801497338835,0.0021689969005527247,0,13.1,OFF,179200,499200,OFF,537600,OFF,115200,OFF,OFF,OFF,OFF,OFF,56.86274509803921,68.781,-256,-256,-256,69.437,67.531,67.812,67.812,69.437,7463,4224,16770,ON,MAXN_SUPER
2026-08-16 01:22:21.917174,1:19:27.610000,16,17,5,6,71,34,0.6481233199226683,0.0021689969005527247,0,99.7,OFF,115200,499200,OFF,537600,OFF,115200,OFF,OFF,OFF,OFF,OFF,56.86274509803921,69.218,-256,-256,-256,69.656,67.5,67.812,67.781,69.593,7692,4262,17116,ON,MAXN_SUPER
2026-08-16 01:22:22.918093,1:19:28.610000,18,3,7,3,72,35,0.6491446528931348,0.0021689969005527247,0,82.8,OFF,115200,499200,OFF,537600,OFF,115200,OFF,OFF,OFF,OFF,OFF,56.86274509803921,68.843,-256,-256,-256,69.187,67.5,67.937,67.718,69.187,7463,4262,16770,ON,MAXN_SUPER
2026-08-16 01:22:23.919138,1:19:29.610000,8,10,4,2,69,38,0.6488458013150497,0.0021689969005527247,0,14.9,OFF,115200,499200,OFF,537600,OFF,115200,OFF,OFF,OFF,OFF,OFF,56.86274509803921,68.906,-256,-256,-256,69.562,67.406,68.0,67.625,69.562,7424,4224,16731,ON,MAXN_SUPER
2026-08-16 01:22:24.920307,1:19:30.610000,14,14,5,6,70,35,0.6477002035990562,0.0021689969005527247,0,99.7,OFF,115200,499200,OFF,537600,OFF,115200,OFF,OFF,OFF,OFF,OFF,56.86274509803921,68.875,-256,-256,-256,69.656,67.5,67.906,67.843,69.656,7756,4339,17270,ON,MAXN_SUPER
2026-08-16 01:22:25.921883,1:19:31.620000,8,8,9,2,72,36,0.6497074386827937,0.0021689969005527247,0,59.3,OFF,115200,499200,OFF,537600,OFF,115200,OFF,OFF,OFF,OFF,OFF,56.86274509803921,68.781,-256,-256,-256,69.093,67.5,67.875,67.781,69.093,7309,4231,16616,ON,MAXN_SUPER
2026-08-16 01:22:26.923362,1:19:32.620000,21,7,11,2,70,36,0.6488909884952412,0.0021689969005527247,0,99.7,OFF,115200,499200,OFF,537600,OFF,115200,OFF,OFF,OFF,OFF,OFF,56.86274509803921,68.812,-256,-256,-256,69.625,67.75,67.875,67.906,69.625,7577,4262,17001,ON,MAXN_SUPER
2026-08-16 01:22:27.923781,1:19:33.620000,9,4,9,3,73,34,0.6467178959205733,0.0021689969005527247,0,99.6,OFF,115200,499200,OFF,537600,OFF,115200,OFF,OFF,OFF,OFF,OFF,56.86274509803921,68.875,-256,-256,-256,69.656,67.625,67.937,67.812,69.656,7616,4300,17039,ON,MAXN_SUPER
2026-08-16 01:22:28.924829,1:19:34.620000,8,11,18,4,69,40,0.648594190879892,0.0021689969005527247,0,13.5,OFF,115200,499200,OFF,537600,OFF,115200,OFF,OFF,OFF,OFF,OFF,56.86274509803921,68.843,-256,-256,-256,69.468,67.593,67.812,67.75,69.468,7463,4224,16808,ON,MAXN_SUPER
2026-08-16 01:22:29.926277,1:19:35.620000,18,10,4,11,57,48,0.6494316941854883,0.0021689969005527247,0,99.7,OFF,115200,499200,OFF,537600,OFF,115200,OFF,OFF,OFF,OFF,OFF,56.86274509803921,68.843,-256,-256,-256,69.781,67.593,67.812,67.906,69.781,7807,4339,17347,ON,MAXN_SUPER
2026-08-16 01:22:30.927351,1:19:36.620000,21,3,4,2,35,71,0.6492134606447902,0.0021689969005527247,0,20.1,OFF,115200,499200,OFF,537600,OFF,115200,OFF,OFF,OFF,OFF,OFF,56.86274509803921,69.031,-256,-256,-256,69.625,67.531,68.093,67.812,69.625,7577,4262,16924,ON,MAXN_SUPER
2026-08-16 01:22:31.927913,1:19:37.620000,21,11,6,4,35,73,0.6488986908555011,0.0021689969005527247,0,99.8,OFF,115200,499200,OFF,537600,OFF,115200,OFF,OFF,OFF,OFF,OFF,56.86274509803921,69.0,-256,-256,-256,69.75,67.562,68.093,67.906,69.75,7832,4377,17424,ON,MAXN_SUPER
2026-08-16 01:22:32.929597,1:19:38.620000,13,9,7,6,37,70,0.6466634659080698,0.0021689969005527247,0,22.7,OFF,115200,499200,OFF,537600,OFF,115200,OFF,OFF,OFF,OFF,OFF,56.86274509803921,69.25,-256,-256,-256,69.468,67.687,68.156,67.875,69.468,7501,4224,16808,ON,MAXN_SUPER
2026-08-16 01:22:33.930291,1:19:39.620000,35,22,14,5,2,71,0.6498142447450647,0.0021689969005527247,0,99.7,OFF,115200,499200,OFF,537600,OFF,115200,OFF,OFF,OFF,OFF,OFF,56.86274509803921,68.906,-256,-256,-256,69.687,67.593,67.906,67.843,69.687,7654,4300,17154,ON,MAXN_SUPER
2026-08-16 01:22:34.931361,1:19:40.630000,13,35,6,11,0,72,0.6466665468521737,0.0021689969005527247,0,56.3,OFF,140800,499200,OFF,537600,OFF,115200,OFF,OFF,OFF,OFF,OFF,56.86274509803921,69.312,-256,-256,-256,69.156,67.687,68.093,67.875,69.312,7424,4224,16731,ON,MAXN_SUPER
2026-08-16 01:22:35.932543,1:19:41.630000,29,13,12,14,1,71,0.6460370072735956,0.0021689969005527247,0,99.7,OFF,115200,499200,OFF,537600,OFF,115200,OFF,OFF,OFF,OFF,OFF,56.86274509803921,69.093,-256,-256,-256,69.75,67.656,68.062,67.875,69.75,7730,4339,17347,ON,MAXN_SUPER
2026-08-16 01:22:36.933625,1:19:42.630000,35,16,19,7,0,73,0.6484555483952132,0.0021689969005527247,0,53.6,OFF,115200,499200,OFF,537600,OFF,115200,OFF,OFF,OFF,OFF,OFF,56.86274509803921,69.125,-256,-256,-256,69.343,67.718,68.031,67.906,69.343,7424,4262,16847,ON,MAXN_SUPER
2026-08-16 01:22:37.934776,1:19:43.630000,15,35,9,4,0,72,0.6492755930175537,0.0021689969005527247,0,99.7,OFF,115200,499200,OFF,537600,OFF,115200,OFF,OFF,OFF,OFF,OFF,56.86274509803921,68.843,-256,-256,-256,69.781,67.718,67.968,67.906,69.781,7692,4339,17231,ON,MAXN_SUPER
2026-08-16 01:22:38.935893,1:19:44.630000,33,24,16,6,0,72,0.6466018470259903,0.0021689969005527247,0,65.6,OFF,115200,499200,OFF,537600,OFF,115200,OFF,OFF,OFF,OFF,OFF,56.86274509803921,68.937,-256,-256,-256,69.187,67.75,68.156,68.031,69.187,7501,4224,16808,ON,MAXN_SUPER
2026-08-16 01:22:39.936938,1:19:45.630000,13,10,11,4,33,72,0.6487179421347348,0.0021689969005527247,0,99.7,OFF,115200,499200,OFF,537600,OFF,115200,OFF,OFF,OFF,OFF,OFF,56.86274509803921,68.906,-256,-256,-256,69.781,67.687,68.125,67.937,69.781,7730,4300,17231,ON,MAXN_SUPER
2026-08-16 01:22:40.937963,1:19:46.630000,14,10,4,2,34,72,0.646747164889561,0.0021689969005527247,0,90.0,OFF,115200,499200,OFF,537600,OFF,115200,OFF,OFF,OFF,OFF,OFF,56.86274509803921,69.156,-256,-256,-256,69.218,67.687,68.156,67.937,69.218,7501,4262,16885,ON,MAXN_SUPER
2026-08-16 01:22:41.939231,1:19:47.630000,17,8,17,13,37,70,0.6494111545581285,0.0021689969005527247,0,65.1,OFF,115200,499200,OFF,537600,OFF,115200,OFF,OFF,OFF,OFF,OFF,56.86274509803921,69.031,-256,-256,-256,69.843,67.687,68.093,67.937,69.843,7654,4262,17039,ON,MAXN_SUPER
2026-08-16 01:22:42.940444,1:19:48.630000,3,4,17,4,32,73,0.6494794488190998,0.0021689969005527247,0,99.6,OFF,115200,499200,OFF,537600,OFF,115200,OFF,OFF,OFF,OFF,OFF,56.86274509803921,69.0,-256,-256,-256,69.468,67.812,68.093,68.031,69.468,7654,4300,17193,ON,MAXN_SUPER
2026-08-16 01:22:43.941483,1:19:49.640000,6,5,20,13,35,72,0.6468673217096159,0.0021689969005527247,0,99.7,OFF,115200,499200,OFF,537600,OFF,115200,OFF,OFF,OFF,OFF,OFF,56.86274509803921,69.093,-256,-256,-256,69.968,67.781,68.187,67.937,69.718,7730,4339,17193,ON,MAXN_SUPER
2026-08-16 01:22:44.942938,1:19:50.640000,7,5,18,12,32,74,0.648483790382833,0.0021689969005527247,0,43.1,OFF,115200,499200,OFF,537600,OFF,115200,OFF,OFF,OFF,OFF,OFF,56.86274509803921,69.093,-256,-256,-256,69.125,67.781,68.031,67.937,69.125,7501,4262,16962,ON,MAXN_SUPER
2026-08-16 01:22:45.943817,1:19:51.640000,15,7,5,11,34,73,0.6500155330931908,0.0021689969005527247,0,99.8,OFF,115200,499200,OFF,537600,OFF,115200,OFF,OFF,OFF,OFF,OFF,56.86274509803921,69.187,-256,-256,-256,70.156,67.843,68.156,68.062,70.156,7985,4370,17664,ON,MAXN_SUPER
2026-08-16 01:22:46.944784,1:19:52.640000,16,5,7,11,36,71,0.6503780575160916,0.0021689969005527247,0,21.6,OFF,115200,499200,OFF,537600,OFF,115200,OFF,OFF,OFF,OFF,OFF,56.86274509803921,69.062,-256,-256,-256,69.656,67.781,68.125,67.937,69.656,7539,4262,16962,ON,MAXN_SUPER
2026-08-16 01:22:47.945873,1:19:53.640000,3,6,17,3,29,74,0.6491097355266232,0.0021689969005527247,0,99.6,OFF,115200,499200,OFF,537600,OFF,115200,OFF,OFF,OFF,OFF,OFF,56.86274509803921,69.093,-256,-256,-256,70.125,67.812,68.156,68.062,69.875,7794,4377,17385,ON,MAXN_SUPER
2026-08-16 01:22:48.946951,1:19:54.640000,10,4,16,13,35,72,0.6474932668534061,0.0021689969005527247,0,99.8,OFF,115200,499200,OFF,537600,OFF,115200,OFF,OFF,OFF,OFF,OFF,56.86274509803921,69.375,-256,-256,-256,69.875,67.781,68.187,67.968,69.875,7692,4300,17154,ON,MAXN_SUPER
2026-08-16 01:22:49.948032,1:19:55.640000,6,6,20,2,32,75,0.6474378098595346,0.0021689969005527247,0,66.8,OFF,115200,499200,OFF,537600,OFF,115200,OFF,OFF,OFF,OFF,OFF,56.86274509803921,69.25,-256,-256,-256,69.218,67.812,68.218,68.031,69.25,7539,4262,16962,ON,MAXN_SUPER
2026-08-16 01:22:50.949420,1:19:56.640000,13,4,14,12,34,73,0.647296599921436,0.0021689969005527247,0,99.8,OFF,115200,499200,OFF,537600,OFF,115200,OFF,OFF,OFF,OFF,OFF,56.86274509803921,69.187,-256,-256,-256,70.125,67.812,68.187,68.093,70.125,7947,4370,17625,ON,MAXN_SUPER
2026-08-16 01:22:51.950351,1:19:57.640000,15,6,8,4,34,72,0.6477751732389195,0.0021689969005527247,0,23.7,OFF,115200,499200,OFF,537600,OFF,115200,OFF,OFF,OFF,OFF,OFF,56.86274509803921,69.375,-256,-256,-256,69.718,67.781,68.156,68.0,69.718,7616,4262,17154,ON,MAXN_SUPER
2026-08-16 01:22:52.950996,1:19:58.650000,14,7,10,3,29,76,0.6468986446413396,0.0021689969005527247,0,91.4,OFF,140800,499200,OFF,537600,OFF,115200,OFF,OFF,OFF,OFF,OFF,56.86274509803921,69.187,-256,-256,-256,69.812,67.968,68.187,68.187,69.812,7730,4339,17270,ON,MAXN_SUPER
2026-08-16 01:22:53.952203,1:19:59.650000,16,4,20,4,35,72,0.6484026588547618,0.0021689969005527247,0,99.8,OFF,115200,499200,OFF,537600,OFF,115200,OFF,OFF,OFF,OFF,OFF,56.86274509803921,69.312,-256,-256,-256,70.156,67.937,68.218,68.156,70.156,7832,4339,17395,ON,MAXN_SUPER
2026-08-16 01:22:54.953598,1:20:00.650000,5,4,22,4,65,43,0.6475189413876059,0.0021689969005527247,0,17.0,OFF,115200,499200,OFF,537600,OFF,115200,OFF,OFF,OFF,OFF,OFF,56.86274509803921,69.25,-256,-256,-256,69.75,68.031,68.218,68.25,69.625,7577,4300,17039,ON,MAXN_SUPER
2026-08-16 01:22:55.954493,1:20:01.650000,17,6,17,6,75,32,0.6461391919197106,0.0021689969005527247,0,99.8,OFF,115200,499200,OFF,537600,OFF,115200,OFF,OFF,OFF,OFF,OFF,56.86274509803921,69.343,-256,-256,-256,70.125,68.031,68.218,68.25,70.125,7947,4408,17548,ON,MAXN_SUPER
2026-08-16 01:22:56.955314,1:20:02.650000,19,10,12,3,71,35,0.6460436826524875,0.0021689969005527247,0,36.4,OFF,115200,499200,OFF,537600,OFF,115200,OFF,OFF,OFF,OFF,OFF,56.86274509803921,69.531,-256,-256,-256,70.0,67.937,68.312,68.187,70.343,7641,4300,17193,ON,MAXN_SUPER
2026-08-16 01:22:57.957192,1:20:03.650000,26,2,9,6,75,32,0.6475872356485772,0.0021689969005527247,0,65.8,OFF,115200,499200,OFF,537600,OFF,115200,OFF,OFF,OFF,OFF,OFF,56.86274509803921,69.468,-256,-256,-256,69.562,67.937,68.375,68.218,69.562,7730,4300,17231,ON,MAXN_SUPER
2026-08-16 01:22:58.957604,1:20:04.650000,4,5,21,2,72,34,0.6490013889923002,0.0021689969005527247,0,99.7,OFF,115200,499200,OFF,537600,OFF,115200,OFF,OFF,OFF,OFF,OFF,56.86274509803921,69.281,-256,-256,-256,70.062,68.0,68.406,68.25,70.062,7832,4377,17472,ON,MAXN_SUPER
2026-08-16 01:22:59.959086,1:20:05.650000,12,4,20,7,63,31,0.6501505811430817,0.0021689969005527247,0,22.1,OFF,115200,499200,OFF,537600,OFF,115200,OFF,OFF,OFF,OFF,OFF,56.86274509803921,69.406,-256,-256,-256,69.875,67.937,68.375,68.25,69.875,7501,4262,16924,ON,MAXN_SUPER
2026-08-16 01:23:00.960878,1:20:06.650000,14,3,11,13,33,73,0.649457882210372,0.0022347240793573527,0,99.8,OFF,115200,499200,OFF,537600,OFF,115200,OFF,OFF,OFF,OFF,OFF,56.86274509803921,69.406,-256,-256,-256,70.125,68.031,68.312,68.343,70.125,7832,4377,17472,ON,MAXN_SUPER
2026-08-16 01:23:01.961126,1:20:07.660000,18,6,6,8,35,71,0.6496648189560221,0.0022347240793573527,0,97.9,OFF,115200,499200,OFF,537600,OFF,115200,OFF,OFF,OFF,OFF,OFF,56.86274509803921,69.406,-256,-256,-256,70.125,68.25,68.375,68.343,70.125,7654,4300,17116,ON,MAXN_SUPER
2026-08-16 01:23:02.963084,1:20:08.660000,19,3,9,9,30,75,0.6482558005191391,0.0022347240793573527,0,99.5,OFF,153600,499200,OFF,537600,OFF,115200,OFF,OFF,OFF,OFF,OFF,56.86274509803921,69.312,-256,-256,-256,70.0,68.031,68.281,68.375,69.843,7718,4300,17280,ON,MAXN_SUPER
2026-08-16 01:23:03.963278,1:20:09.660000,4,5,6,16,35,72,0.6493002405703855,0.0022347240793573527,0,99.7,OFF,115200,499200,OFF,537600,OFF,115200,OFF,OFF,OFF,OFF,OFF,56.86274509803921,69.343,-256,-256,-256,70.312,68.093,68.312,68.312,70.312,7692,4300,17154,ON,MAXN_SUPER
2026-08-16 01:23:04.964486,1:20:10.660000,14,6,3,19,32,74,0.6483538772397822,0.0022347240793573527,0,89.0,OFF,115200,499200,OFF,537600,OFF,115200,OFF,OFF,OFF,OFF,OFF,56.86274509803921,69.5,-256,-256,-256,69.843,68.156,68.531,68.281,69.593,7577,4262,16924,ON,MAXN_SUPER
2026-08-16 01:23:05.965994,1:20:11.660000,7,6,8,13,33,73,0.647828062779371,0.0022347240793573527,0,99.7,OFF,115200,499200,OFF,537600,OFF,115200,OFF,OFF,OFF,OFF,OFF,56.86274509803921,69.437,-256,-256,-256,70.468,68.093,68.5,68.375,70.468,7870,4370,17510,ON,MAXN_SUPER
2026-08-16 01:23:06.967020,1:20:12.660000,4,4,12,11,64,42,0.649789597192233,0.0022347240793573527,0,57.1,OFF,115200,499200,OFF,537600,OFF,115200,OFF,OFF,OFF,OFF,OFF,56.86274509803921,69.375,-256,-256,-256,70.125,68.093,68.531,68.218,70.125,7654,4300,17116,ON,MAXN_SUPER
2026-08-16 01:23:07.967977,1:20:13.660000,15,4,18,3,48,58,0.6502897371184443,0.0022347240793573527,0,99.6,OFF,115200,499200,OFF,537600,OFF,115200,OFF,OFF,OFF,OFF,OFF,56.86274509803921,69.625,-256,-256,-256,70.125,68.031,68.437,68.375,70.125,7794,4339,17356,ON,MAXN_SUPER
2026-08-16 01:23:08.968915,1:20:14.660000,7,14,19,5,38,69,0.6507652294918239,0.0022347240793573527,0,16.1,OFF,153600,499200,OFF,537600,OFF,115200,OFF,OFF,OFF,OFF,OFF,56.86274509803921,69.531,-256,-256,-256,70.125,67.968,68.468,68.281,70.125,7463,4224,16847,ON,MAXN_SUPER
2026-08-16 01:23:09.970186,1:20:15.660000,6,5,15,11,32,71,0.6507303121253123,0.0022347240793573527,0,99.7,OFF,115200,499200,OFF,537600,OFF,115200,OFF,OFF,OFF,OFF,OFF,56.86274509803921,69.5,-256,-256,-256,70.156,68.062,68.5,68.406,70.156,7577,4262,17001,ON,MAXN_SUPER
2026-08-16 01:23:10.971161,1:20:16.670000,12,3,7,16,34,70,0.6508217134670634,0.0022347240793573527,0,99.6,OFF,115200,499200,OFF,537600,OFF,115200,OFF,OFF,OFF,OFF,OFF,56.86274509803921,69.375,-256,-256,-256,70.375,68.031,68.5,68.406,70.375,7679,4339,17231,ON,MAXN_SUPER
2026-08-16 01:23:11.972831,1:20:17.670000,4,7,12,11,36,70,0.6489536343586887,0.0022347240793573527,0,41.7,OFF,115200,499200,OFF,537600,OFF,115200,OFF,OFF,OFF,OFF,OFF,56.86274509803921,69.312,-256,-256,-256,69.468,68.187,68.5,68.343,69.468,7309,4192,16539,ON,MAXN_SUPER
2026-08-16 01:23:12.973973,1:20:18.670000,9,3,10,13,38,69,0.6475672095119014,0.0022347240793573527,0,14.6,OFF,115200,499200,OFF,537600,OFF,115200,OFF,OFF,OFF,OFF,OFF,56.86274509803921,69.5,-256,-256,-256,70.218,68.187,68.375,68.375,70.062,7386,4185,16693,ON,MAXN_SUPER
2026-08-16 01:23:13.974492,1:20:19.670000,15,5,8,9,33,72,0.6478912221335025,0.0022347240793573527,0,99.8,OFF,115200,499200,OFF,537600,OFF,115200,OFF,OFF,OFF,OFF,OFF,56.86274509803921,69.593,-256,-256,-256,70.312,68.156,68.468,68.437,70.312,7756,4339,17424,ON,MAXN_SUPER
2026-08-16 01:23:14.976148,1:20:20.670000,10,4,7,27,35,70,0.6494435044712201,0.0022347240793573527,0,16.1,OFF,204800,499200,OFF,537600,OFF,115200,OFF,OFF,OFF,OFF,OFF,56.86274509803921,69.531,-256,-256,-256,70.093,68.093,68.625,68.343,70.093,7539,4224,16962,ON,MAXN_SUPER
2026-08-16 01:23:15.976960,1:20:21.670000,28,5,5,15,54,28,0.6464390704791638,0.0022347240793573527,0,99.7,OFF,115200,499200,OFF,537600,OFF,115200,OFF,OFF,OFF,OFF,OFF,56.86274509803921,69.625,-256,-256,-256,70.406,68.187,68.437,68.437,70.406,7692,4339,17193,ON,MAXN_SUPER
2026-08-16 01:23:16.978003,1:20:22.670000,37,9,11,11,72,1,0.6500350457391827,0.0022347240793573527,0,92.6,OFF,115200,499200,OFF,537600,OFF,115200,OFF,OFF,OFF,OFF,OFF,56.86274509803921,69.875,-256,-256,-256,69.812,68.093,68.562,68.5,70.125,7463,4262,16885,ON,MAXN_SUPER
2026-08-16 01:23:17.979356,1:20:23.670000,9,10,40,14,69,0,0.6505926966220016,0.0022347240793573527,0,15.6,OFF,115200,499200,OFF,537600,OFF,115200,OFF,OFF,OFF,OFF,OFF,59.6078431372549,69.875,-256,-256,-256,70.062,68.218,68.562,68.406,70.062,7309,4185,16577,ON,MAXN_SUPER
2026-08-16 01:23:18.980342,1:20:24.670000,12,7,38,4,68,0,0.6511344292936165,0.0022347240793573527,0,13.6,OFF,115200,499200,OFF,537600,OFF,115200,OFF,OFF,OFF,OFF,OFF,59.6078431372549,69.5,-256,-256,-256,70.093,68.375,68.5,68.406,70.093,7271,4154,16462,ON,MAXN_SUPER
2026-08-16 01:23:19.981909,1:20:25.680000,28,6,31,14,56,0,0.6511251864613046,0.0022347240793573527,0,98.1,OFF,153600,499200,OFF,537600,OFF,115200,OFF,OFF,OFF,OFF,OFF,59.6078431372549,69.468,-256,-256,-256,70.218,68.156,68.5,68.468,70.218,7271,4147,16462,ON,MAXN_SUPER
2026-08-16 01:23:20.982494,1:20:26.680000,52,13,39,7,20,0,0.6476021268784131,0.0022347240793573527,0,99.7,OFF,115200,499200,OFF,537600,OFF,115200,OFF,OFF,OFF,OFF,OFF,59.6078431372549,69.656,-256,-256,-256,70.25,68.312,68.531,68.406,70.25,7386,4224,16693,ON,MAXN_SUPER
2026-08-16 01:23:21.984630,1:20:27.680000,16,13,32,17,56,20,0.6484493865070053,0.0022347240793573527,0,69.5,OFF,166400,499200,OFF,537600,OFF,115200,OFF,OFF,OFF,OFF,OFF,59.6078431372549,69.843,-256,-256,-256,69.687,68.218,68.5,68.375,69.843,7616,4262,17001,ON,MAXN_SUPER
2026-08-16 01:23:22.984686,1:20:28.680000,36,20,16,8,9,63,0.6504145153546552,0.0022347240793573527,0,99.7,OFF,115200,499200,OFF,537600,OFF,115200,OFF,OFF,OFF,OFF,OFF,59.6078431372549,69.5,-256,-256,-256,70.25,68.218,68.437,68.437,70.25,7909,4370,17548,ON,MAXN_SUPER
2026-08-16 01:23:23.986696,1:20:29.680000,23,3,26,14,68,5,0.6506650988084449,0.0022347240793573527,0,21.9,OFF,153600,499200,OFF,537600,OFF,115200,OFF,OFF,OFF,OFF,OFF,59.6078431372549,70.218,-256,-256,-256,70.125,68.218,68.625,68.406,70.218,7539,4262,16885,ON,MAXN_SUPER
2026-08-16 01:23:24.987310,1:20:30.680000,15,4,36,14,21,51,0.6504478922491149,0.0022347240793573527,0,99.7,OFF,179200,499200,OFF,537600,OFF,115200,OFF,OFF,OFF,OFF,OFF,59.6078431372549,69.5,-256,-256,-256,70.218,68.187,68.593,68.468,70.218,7501,4262,16962,ON,MAXN_SUPER
2026-08-16 01:23:25.987925,1:20:31.680000,17,25,19,4,0,70,0.6512879630081311,0.0022347240793573527,0,99.7,OFF,115200,499200,OFF,537600,OFF,115200,OFF,OFF,OFF,OFF,OFF,59.6078431372549,69.656,-256,-256,-256,70.468,68.093,68.562,68.375,70.468,7577,4262,17039,ON,MAXN_SUPER
2026-08-16 01:23:26.989011,1:20:32.680000,20,16,9,16,8,70,0.6481895602209037,0.0022347240793573527,0,99.7,OFF,115200,499200,OFF,537600,OFF,115200,OFF,OFF,OFF,OFF,OFF,59.6078431372549,69.656,-256,-256,-256,70.125,68.093,68.5,68.343,70.343,7539,4262,16924,ON,MAXN_SUPER
2026-08-16 01:23:27.989952,1:20:33.680000,5,3,7,10,36,69,0.6495754715770069,0.0022347240793573527,0,73.7,OFF,OFF,499200,OFF,537600,OFF,115200,OFF,OFF,OFF,OFF,OFF,59.6078431372549,69.437,-256,-256,-256,69.625,68.25,68.468,68.312,69.625,7309,4192,16539,ON,MAXN_SUPER
2026-08-16 01:23:28.991227,1:20:34.690000,8,3,7,2,39,70,0.6528946753583523,0.0022347240793573527,0,17.5,OFF,OFF,499200,OFF,537600,OFF,115200,OFF,OFF,OFF,OFF,OFF,59.6078431372549,69.468,-256,-256,-256,69.437,68.0,68.437,68.375,69.468,7130,4115,16181,ON,MAXN_SUPER
2026-08-16 01:23:29.992252,1:20:35.690000,13,8,6,3,39,68,0.649781894831973,0.0022347240793573527,0,17.1,OFF,OFF,499200,OFF,537600,OFF,115200,OFF,OFF,OFF,OFF,OFF,59.6078431372549,69.5,-256,-256,-256,69.75,68.062,68.375,68.25,69.75,7168,4115,16220,ON,MAXN_SUPER
2026-08-16 01:23:30.993392,1:20:36.690000,3,7,3,2,37,69,0.6498640533414123,0.0022347240793573527,0,13.8,OFF,OFF,499200,OFF,537600,OFF,115200,OFF,OFF,OFF,OFF,OFF,59.6078431372549,69.218,-256,-256,-256,69.937,68.0,68.468,68.187,70.093,7207,4077,16297,ON,MAXN_SUPER
2026-08-16 01:23:31.994621,1:20:37.690000,3,9,7,14,37,70,0.6507400684483082,0.0022347240793573527,0,99.7,OFF,OFF,499200,OFF,537600,OFF,115200,OFF,OFF,OFF,OFF,OFF,59.6078431372549,69.437,-256,-256,-256,70.156,68.0,68.468,68.187,70.0,7245,4077,16424,ON,MAXN_SUPER
2026-08-16 01:23:32.995723,1:20:38.690000,4,6,3,2,63,43,0.6476041808411491,0.0022347240793573527,0,99.7,OFF,OFF,499200,OFF,537600,OFF,115200,OFF,OFF,OFF,OFF,OFF,59.6078431372549,69.375,-256,-256,-256,70.25,68.062,68.562,68.25,70.25,7463,4147,16693,ON,MAXN_SUPER
2026-08-16 01:23:33.996625,1:20:39.690000,3,10,3,11,69,35,0.6323011314767222,0.0022347240793573527,0,99.6,OFF,OFF,499200,OFF,537600,OFF,115200,OFF,OFF,OFF,OFF,OFF,59.6078431372549,69.375,-256,-256,-256,69.843,67.875,68.468,68.156,69.843,7577,4185,16924,ON,MAXN_SUPER
2026-08-16 01:23:34.997643,1:20:40.690000,4,5,7,3,26,21,0.6138103319460527,0.0022347240793573527,0,0.0,OFF,OFF,499200,OFF,537600,OFF,115200,OFF,OFF,OFF,OFF,OFF,59.6078431372549,68.5,-256,-256,-256,68.062,67.875,68.281,67.531,68.5,2529,2611,8354,ON,MAXN_SUPER
2026-08-16 01:23:35.998643,1:20:41.690000,4,12,7,13,3,0,0.614747965935028,0.0022347240793573527,0,0.0,OFF,OFF,499200,OFF,537600,OFF,115200,OFF,OFF,OFF,OFF,OFF,56.470588235294116,67.968,-256,-256,-256,67.875,67.531,68.125,67.25,68.125,1756,2385,7038,ON,MAXN_SUPER
2026-08-16 01:23:36.999594,1:20:42.690000,4,11,4,4,0,0,0.6149733883453019,0.0022347240793573527,0,0.0,OFF,OFF,499200,OFF,537600,OFF,115200,OFF,OFF,OFF,OFF,OFF,56.470588235294116,67.625,-256,-256,-256,67.375,67.343,67.875,66.937,67.875,1639,2346,6882,ON,MAXN_SUPER
2026-08-16 01:23:38.000818,1:20:43.690000,2,2,2,1,0,0,0.6151335974387084,0.0022347240793573527,0,0.0,OFF,OFF,499200,OFF,537600,OFF,115200,OFF,OFF,OFF,OFF,OFF,56.470588235294116,67.687,-256,-256,-256,67.062,67.125,67.875,66.75,67.875,1600,2346,6804,ON,MAXN_SUPER
2026-08-16 01:23:39.001647,1:20:44.700000,2,13,1,2,0,0,0.6153872618366021,0.0022347240793573527,0,0.0,OFF,OFF,499200,OFF,537600,OFF,115200,OFF,OFF,OFF,OFF,OFF,56.470588235294116,67.437,-256,-256,-256,67.062,66.937,67.781,66.562,67.781,1678,2346,6882,ON,MAXN_SUPER
2026-08-16 01:23:40.002692,1:20:45.700000,2,4,2,2,0,0,0.6154185847683259,0.0022347240793573527,0,0.0,OFF,OFF,499200,OFF,537600,OFF,115200,OFF,OFF,OFF,OFF,OFF,56.470588235294116,67.093,-256,-256,-256,66.75,66.75,67.593,66.343,67.593,1600,2346,6815,ON,MAXN_SUPER
2026-08-16 01:23:41.003792,1:20:46.700000,2,3,4,2,0,0,0.6156434936879158,0.0022347240793573527,0,0.0,OFF,OFF,499200,OFF,537600,OFF,115200,OFF,OFF,OFF,OFF,OFF,56.470588235294116,67.125,-256,-256,-256,66.781,66.656,67.343,66.218,67.375,1603,2346,6776,ON,MAXN_SUPER
2026-08-16 01:23:42.004787,1:20:47.700000,6,2,1,3,19,0,0.6157395164458229,0.0022347240793573527,0,0.0,OFF,OFF,499200,OFF,537600,OFF,115200,OFF,OFF,OFF,OFF,OFF,54.90196078431372,66.968,-256,-256,-256,66.531,66.531,67.281,66.125,67.281,1795,2346,7077,ON,MAXN_SUPER
2026-08-16 01:23:43.005768,1:20:48.700000,2,8,0,3,28,0,0.6048550544171752,0.0022347240793573527,0,0.0,OFF,OFF,499200,OFF,537600,OFF,115200,OFF,OFF,OFF,OFF,OFF,54.90196078431372,67.031,-256,-256,-256,66.531,66.531,67.062,66.031,67.156,1834,2420,7312,ON,MAXN_SUPER
2026-08-16 01:23:44.006888,1:20:49.700000,2,0,2,2,100,0,0.5787019468999284,0.0022347240793573527,0,0.0,OFF,OFF,499200,OFF,537600,OFF,115200,OFF,OFF,OFF,OFF,OFF,54.90196078431372,66.656,-256,-256,-256,66.281,66.343,67.062,65.875,67.062,1948,2498,7703,ON,MAXN_SUPER
2026-08-16 01:23:45.007789,1:20:50.700000,3,1,2,2,0,100,0.5771630153199946,0.0022347240793573527,0,0.0,OFF,OFF,499200,OFF,537600,OFF,115200,OFF,OFF,OFF,OFF,OFF,54.90196078431372,66.562,-256,-256,-256,66.406,66.125,66.906,65.687,66.906,1987,2498,7742,ON,MAXN_SUPER
2026-08-16 01:23:46.008851,1:20:51.700000,65,3,3,4,0,30,0.34677052871568276,0.0022347240793573527,0,0.0,OFF,OFF,499200,OFF,537600,OFF,115200,OFF,OFF,OFF,OFF,OFF,54.90196078431372,66.593,-256,-256,-256,66.343,66.062,66.906,65.562,66.906,1991,2420,7586,ON,MAXN_SUPER
2026-08-16 01:23:47.009768,1:20:52.700000,2,3,3,5,0,0,0.3466616686906758,0.0022347240793573527,0,0.0,OFF,OFF,499200,OFF,537600,OFF,115200,OFF,OFF,OFF,OFF,OFF,54.90196078431372,66.375,-256,-256,-256,65.906,65.875,66.718,65.437,66.718,1639,2346,6921,ON,MAXN_SUPER
2026-08-16 01:23:48.010656,1:20:53.710000,0,3,2,0,0,0,0.3466293187775841,0.0022347240793573527,0,0.0,OFF,OFF,499200,OFF,537600,OFF,115200,OFF,OFF,OFF,OFF,OFF,52.94117647058823,66.093,-256,-256,-256,65.75,65.75,66.5,65.281,66.5,1603,2346,6776,ON,MAXN_SUPER
