time,uptime,CPU1,CPU2,CPU3,CPU4,CPU5,CPU6,RAM,SWAP,EMC,GPU,APE,NVDEC,NVJPG,NVJPG1,OFA,SE,VIC,DLA0,DLA1,PVA,NVENC,NVJPG0,Fan pwmfan0,Temp cpu,Temp cv0,Temp cv1,Temp cv2,Temp gpu,Temp soc0,Temp soc1,Temp soc2,Temp tj,Power VDD_CPU_GPU_CV,Power VDD_SOC,Power TOT,jetson_clocks,nvp model
2026-08-15 23:39:53.755981,12:04:39.680000,2,2,2,2,2,2,0.2797646158704566,0.0013145435760925602,0,0.0,OFF,OFF,499200,OFF,537600,OFF,115200,OFF,OFF,OFF,OFF,OFF,31.372549019607842,52.437,-256,-256,-256,51.375,52.0,53.093,51.468,53.093,867,1379,5093,OFF,MAXN_SUPER
2026-08-15 23:39:54.765740,12:04:40.680000,12,34,30,14,5,3,0.2844009232562498,0.0013145435760925602,0,0.0,OFF,OFF,499200,OFF,537600,OFF,115200,OFF,OFF,OFF,OFF,OFF,31.372549019607842,52.0,-256,-256,-256,51.593,51.843,53.218,51.437,53.218,825,1377,5116,OFF,MAXN_SUPER
2026-08-15 23:39:55.767610,12:04:41.680000,5,5,3,3,0,1,0.28472288191511486,0.0013145435760925602,0,0.0,OFF,OFF,499200,OFF,537600,OFF,115200,OFF,OFF,OFF,OFF,OFF,33.333333333333336,51.937,-256,-256,-256,51.375,51.875,53.156,51.343,53.156,593,1384,4706,OFF,MAXN_SUPER
2026-08-15 23:39:56.768599,12:04:42.680000,3,2,3,2,0,1,0.28491698139366506,0.0013145435760925602,0,0.0,OFF,OFF,499200,OFF,537600,OFF,115200,OFF,OFF,OFF,OFF,OFF,33.333333333333336,51.937,-256,-256,-256,51.625,52.0,53.125,51.312,53.125,553,1346,4555,OFF,MAXN_SUPER
2026-08-15 23:39:57.769890,12:04:43.680000,2,2,2,5,2,0,0.28491698139366506,0.0013145435760925602,0,0.0,OFF,OFF,499200,OFF,537600,OFF,115200,OFF,OFF,OFF,OFF,OFF,31.372549019607842,52.031,-256,-256,-256,51.375,51.937,53.125,51.281,53.125,553,1346,4555,OFF,MAXN_SUPER
2026-08-15 23:39:58.771527,12:04:44.680000,6,3,3,5,1,2,0.28498168121984846,0.0013145435760925602,0,0.0,OFF,OFF,499200,OFF,537600,OFF,115200,OFF,OFF,OFF,OFF,OFF,31.372549019607842,52.031,-256,-256,-256,51.312,51.906,53.093,51.218,53.093,553,1346,4635,OFF,MAXN_SUPER
2026-08-15 23:39:59.772708,12:04:45.680000,5,10,6,5,0,0,0.2852394535432141,0.0013145435760925602,0,0.0,OFF,OFF,499200,OFF,537600,OFF,115200,OFF,OFF,OFF,OFF,OFF,31.372549019607842,52.218,-256,-256,-256,51.375,51.968,53.218,51.25,53.218,593,1384,4674,OFF,MAXN_SUPER
2026-08-15 23:40:00.774385,12:04:46.680000,21,17,19,20,96,14,0.30580783638132847,0.0013145435760925602,0,0.0,OFF,OFF,499200,OFF,537600,OFF,115200,OFF,OFF,OFF,OFF,OFF,31.372549019607842,52.593,-256,-256,-256,51.562,52.0,53.218,51.437,53.218,1569,1412,5894,OFF,MAXN_SUPER
2026-08-15 23:40:01.775188,12:04:47.680000,2,3,4,5,100,0,0.3153798162216842,0.0013145435760925602,0,0.0,OFF,OFF,499200,OFF,537600,OFF,115200,OFF,OFF,OFF,OFF,OFF,33.333333333333336,52.5,-256,-256,-256,51.406,51.937,53.25,51.5,53.25,1488,1412,5845,OFF,MAXN_SUPER
2026-08-15 23:40:02.776470,12:04:48.690000,4,3,2,4,100,0,0.3191324061403216,0.0013145435760925602,0,0.0,OFF,OFF,499200,OFF,537600,OFF,115200,OFF,OFF,OFF,OFF,OFF,33.333333333333336,52.593,-256,-256,-256,51.687,51.937,53.25,51.5,53.25,1410,1412,5767,OFF,MAXN_SUPER
2026-08-15 23:40:03.777434,12:04:49.690000,7,2,3,4,100,0,0.3243320128064577,0.0013145435760925602,0,0.0,OFF,OFF,499200,OFF,537600,OFF,115200,OFF,OFF,OFF,OFF,OFF,33.333333333333336,52.906,-256,-256,-256,51.687,52.0,53.125,51.531,53.125,1449,1412,5845,OFF,MAXN_SUPER
2026-08-15 23:40:04.778420,12:04:50.690000,3,3,2,5,100,0,0.3293452223543034,0.0013145435760925602,0,0.0,OFF,OFF,499200,OFF,537600,OFF,115200,OFF,OFF,OFF,OFF,OFF,33.333333333333336,52.718,-256,-256,-256,51.468,52.0,53.156,51.5,53.156,1449,1412,5806,OFF,MAXN_SUPER
2026-08-15 23:40:05.779820,12:04:51.690000,4,7,3,3,100,1,0.3318982980351279,0.0013145435760925602,0,0.0,OFF,OFF,499200,OFF,537600,OFF,115200,OFF,OFF,OFF,OFF,OFF,33.333333333333336,52.781,-256,-256,-256,51.812,51.968,53.343,51.468,53.125,1410,1451,5884,OFF,MAXN_SUPER
2026-08-15 23:40:06.780778,12:04:52.690000,9,3,8,10,100,7,0.3374624830869006,0.0013145435760925602,0,0.0,OFF,OFF,499200,OFF,537600,OFF,115200,OFF,OFF,OFF,OFF,OFF,33.333333333333336,52.625,-256,-256,-256,51.531,51.968,53.281,51.531,53.281,1527,1412,5845,OFF,MAXN_SUPER
2026-08-15 23:40:07.780710,12:04:53.690000,3,3,3,3,100,0,0.3397295444567397,0.0013145435760925602,0,0.0,OFF,OFF,499200,OFF,537600,OFF,115200,OFF,OFF,OFF,OFF,OFF,33.333333333333336,52.781,-256,-256,-256,51.687,51.968,53.281,51.656,53.281,1527,1412,5884,OFF,MAXN_SUPER
2026-08-15 23:40:08.783049,12:04:54.690000,3,4,3,21,37,1,0.3397613808791474,0.0013145435760925602,0,0.0,OFF,OFF,499200,OFF,537600,OFF,115200,OFF,OFF,OFF,OFF,OFF,33.333333333333336,52.062,-256,-256,-256,51.531,51.968,53.343,51.5,53.343,944,1416,5164,OFF,MAXN_SUPER
2026-08-15 23:40:09.784095,12:04:55.690000,2,2,4,3,30,0,0.3402497105196269,0.0013145435760925602,0,0.0,OFF,OFF,499200,OFF,537600,OFF,115200,OFF,OFF,OFF,OFF,OFF,33.333333333333336,52.062,-256,-256,-256,51.593,52.156,53.187,51.406,53.187,671,1382,4746,OFF,MAXN_SUPER
2026-08-15 23:40:10.784190,12:04:56.690000,14,5,9,32,0,1,0.34030978892965436,0.0013145435760925602,0,0.0,OFF,OFF,499200,OFF,537600,OFF,115200,OFF,OFF,OFF,OFF,OFF,33.333333333333336,52.406,-256,-256,-256,51.656,51.937,53.437,51.437,53.437,865,1379,5085,OFF,MAXN_SUPER
2026-08-15 23:40:11.784749,12:04:57.690000,3,9,5,33,5,2,0.3401927130537034,0.0013145435760925602,0,0.0,OFF,OFF,499200,OFF,537600,OFF,115200,OFF,OFF,OFF,OFF,OFF,33.333333333333336,52.218,-256,-256,-256,51.593,51.968,53.281,51.468,53.25,749,1379,4896,OFF,MAXN_SUPER
2026-08-15 23:40:12.785812,12:04:58.690000,8,5,5,84,11,1,0.34514841164494175,0.0013145435760925602,0,0.0,OFF,OFF,499200,OFF,537600,OFF,115200,OFF,OFF,OFF,OFF,OFF,33.333333333333336,52.781,-256,-256,-256,51.781,52.031,53.125,51.437,53.125,1333,1412,5658,OFF,MAXN_SUPER
2026-08-15 23:40:13.786856,12:04:59.690000,13,2,4,96,3,0,0.34945762546503,0.0013145435760925602,0,0.0,OFF,OFF,499200,OFF,537600,OFF,115200,OFF,OFF,OFF,OFF,OFF,33.333333333333336,52.718,-256,-256,-256,51.593,51.937,53.406,51.562,53.406,1410,1451,5845,OFF,MAXN_SUPER
2026-08-15 23:40:14.789785,12:05:00.690000,4,15,3,71,31,2,0.3548277110382525,0.0013145435760925602,0,0.0,OFF,OFF,499200,OFF,537600,OFF,115200,OFF,OFF,OFF,OFF,OFF,33.333333333333336,52.968,-256,-256,-256,51.437,52.0,53.375,51.562,53.437,1566,1451,5963,OFF,MAXN_SUPER
2026-08-15 23:40:15.790113,12:05:01.690000,4,5,3,4,100,0,0.3593479695294628,0.0013145435760925602,0,0.0,OFF,OFF,499200,OFF,537600,OFF,115200,OFF,OFF,OFF,OFF,OFF,33.333333333333336,52.593,-256,-256,-256,51.656,52.093,53.218,51.531,53.218,1449,1451,5884,OFF,MAXN_SUPER
2026-08-15 23:40:16.791959,12:05:02.690000,13,7,7,14,54,2,0.3651945744574329,0.0013145435760925602,0,0.0,OFF,OFF,499200,OFF,537600,OFF,115200,OFF,OFF,OFF,OFF,OFF,33.333333333333336,52.906,-256,-256,-256,51.687,52.062,53.281,51.656,53.281,1178,1414,5471,OFF,MAXN_SUPER
2026-08-15 23:40:17.791582,12:05:03.690000,26,7,13,4,6,0,0.3692213684013238,0.0013145435760925602,0,0.0,OFF,524800,499200,OFF,537600,OFF,115200,OFF,OFF,OFF,OFF,OFF,33.333333333333336,52.531,-256,-256,-256,51.625,51.937,53.281,51.531,53.281,944,1379,5164,OFF,MAXN_SUPER
2026-08-15 23:40:18.796307,12:05:04.690000,31,6,38,20,4,49,0.4283903864274142,0.0013145435760925602,0,99.7,OFF,166400,499200,OFF,537600,OFF,115200,OFF,OFF,OFF,OFF,OFF,33.333333333333336,53.031,-256,-256,-256,52.187,52.218,53.468,51.781,53.468,2268,1801,7520,OFF,MAXN_SUPER
2026-08-15 23:40:19.795373,12:05:05.690000,15,17,53,9,69,23,0.4743370193406266,0.0013145435760925602,0,23.4,OFF,115200,499200,OFF,537600,OFF,115200,OFF,OFF,OFF,OFF,OFF,33.333333333333336,52.906,-256,-256,-256,52.343,52.25,53.312,51.812,53.312,2459,1876,7951,OFF,MAXN_SUPER
2026-08-15 23:40:20.794306,12:05:06.690000,20,33,16,26,52,29,0.4768346380275796,0.0013145435760925602,0,21.7,OFF,115200,499200,OFF,537600,OFF,115200,OFF,OFF,OFF,OFF,OFF,33.333333333333336,52.937,-256,-256,-256,52.312,52.218,53.562,51.781,53.562,2420,1916,7938,OFF,MAXN_SUPER
2026-08-15 23:40:21.797077,12:05:07.690000,29,15,13,38,47,37,0.4787966859311255,0.0013145435760925602,0,99.3,OFF,115200,499200,OFF,537600,OFF,115200,OFF,OFF,OFF,OFF,OFF,33.333333333333336,52.906,-256,-256,-256,52.687,52.312,53.531,52.062,53.593,2654,1955,8250,OFF,MAXN_SUPER
2026-08-15 23:40:22.798246,12:05:08.690000,11,18,10,53,13,67,0.4806473063562444,0.0013145435760925602,0,29.2,OFF,115200,499200,OFF,537600,OFF,115200,OFF,OFF,OFF,OFF,OFF,33.333333333333336,52.906,-256,-256,-256,52.656,52.406,53.656,52.125,53.656,2615,1955,8211,OFF,MAXN_SUPER
2026-08-15 23:40:23.799031,12:05:09.690000,21,20,49,25,12,61,0.4822725043710894,0.0013145435760925602,0,66.9,OFF,115200,499200,OFF,537600,OFF,115200,OFF,OFF,OFF,OFF,OFF,33.333333333333336,52.968,-256,-256,-256,52.718,52.437,53.625,52.062,53.656,2615,1994,8290,OFF,MAXN_SUPER
2026-08-15 23:40:24.800908,12:05:10.690000,11,21,34,25,13,66,0.4838165708578632,0.0013145435760925602,0,91.9,OFF,192000,499200,OFF,537600,OFF,115200,OFF,OFF,OFF,OFF,OFF,33.333333333333336,53.031,-256,-256,-256,53.125,52.687,53.562,52.25,53.687,2615,1916,8290,OFF,MAXN_SUPER
2026-08-15 23:40:25.801477,12:05:11.690000,37,12,24,13,26,66,0.4851336744623111,0.0013145435760925602,0,25.1,OFF,128000,499200,OFF,537600,OFF,115200,OFF,OFF,OFF,OFF,OFF,33.333333333333336,53.125,-256,-256,-256,53.093,52.687,53.843,52.375,53.843,2849,1952,8563,OFF,MAXN_SUPER
2026-08-15 23:40:26.802565,12:05:12.690000,33,41,8,21,65,4,0.48664179660120516,0.0013145435760925602,0,10.5,OFF,166400,499200,OFF,537600,OFF,115200,OFF,OFF,OFF,OFF,OFF,33.333333333333336,53.031,-256,-256,-256,52.906,52.75,53.718,52.375,53.687,2615,1916,8172,OFF,MAXN_SUPER
2026-08-15 23:40:27.805659,12:05:13.690000,8,27,49,12,11,59,0.488392286342945,0.0013145435760925602,0,17.6,OFF,115200,499200,OFF,537600,OFF,115200,OFF,OFF,OFF,OFF,OFF,33.333333333333336,53.25,-256,-256,-256,52.781,52.718,54.062,52.312,54.062,2576,1916,8094,OFF,MAXN_SUPER
2026-08-15 23:40:28.804368,12:05:14.690000,9,24,46,30,47,21,0.4900811572026055,0.0013145435760925602,0,99.5,OFF,115200,499200,OFF,537600,OFF,115200,OFF,OFF,OFF,OFF,OFF,33.333333333333336,53.218,-256,-256,-256,52.968,52.812,53.906,52.437,53.906,2576,1955,8211,OFF,MAXN_SUPER
2026-08-15 23:40:29.804835,12:05:15.690000,20,18,43,16,7,66,0.49168478860872267,0.0013145435760925602,0,99.1,OFF,115200,499200,OFF,537600,OFF,115200,OFF,OFF,OFF,OFF,OFF,33.333333333333336,53.125,-256,-256,-256,53.031,52.875,53.875,52.375,53.875,2576,1916,8094,OFF,MAXN_SUPER
2026-08-15 23:40:30.806260,12:05:16.690000,15,35,30,34,9,65,0.49317853300846487,0.0013145435760925602,0,24.4,OFF,115200,499200,OFF,537600,OFF,115200,OFF,OFF,OFF,OFF,OFF,33.333333333333336,53.562,-256,-256,-256,52.843,53.0,53.937,52.468,53.937,2810,1955,8446,OFF,MAXN_SUPER
2026-08-15 23:40:31.806856,12:05:17.690000,43,25,27,20,29,34,0.4952412250860739,0.0013145435760925602,0,99.4,OFF,140800,499200,OFF,537600,OFF,115200,OFF,OFF,OFF,OFF,OFF,34.90196078431372,53.437,-256,-256,-256,53.093,53.093,54.062,52.625,54.062,2771,1955,8485,OFF,MAXN_SUPER
2026-08-15 23:40:32.808688,12:05:18.690000,21,54,23,22,41,18,0.4972566760207553,0.0013145435760925602,0,13.3,OFF,115200,499200,OFF,537600,OFF,115200,OFF,OFF,OFF,OFF,OFF,34.90196078431372,53.437,-256,-256,-256,53.312,53.031,54.156,52.625,54.156,2849,1994,8563,OFF,MAXN_SUPER
2026-08-15 23:40:33.809831,12:05:19.690000,44,29,32,13,26,43,0.49881666071873293,0.0013145435760925602,0,99.1,OFF,115200,499200,OFF,537600,OFF,115200,OFF,OFF,OFF,OFF,OFF,34.90196078431372,53.406,-256,-256,-256,53.156,53.031,54.218,52.687,54.218,2693,1916,8250,OFF,MAXN_SUPER
2026-08-15 23:40:34.810602,12:05:20.690000,24,26,26,22,15,59,0.5001825459381604,0.0013145435760925602,0,99.3,OFF,115200,499200,OFF,537600,OFF,115200,OFF,OFF,OFF,OFF,OFF,34.90196078431372,53.531,-256,-256,-256,53.156,53.062,54.25,52.781,54.25,2654,1916,8211,OFF,MAXN_SUPER
2026-08-15 23:40:35.811688,12:05:21.690000,22,16,37,33,11,62,0.5020013299408715,0.0013145435760925602,0,99.5,OFF,115200,499200,OFF,537600,OFF,115200,OFF,OFF,OFF,OFF,OFF,34.90196078431372,53.843,-256,-256,-256,53.218,53.187,54.218,52.781,54.218,2732,1955,8368,OFF,MAXN_SUPER
2026-08-15 23:40:36.813045,12:05:22.690000,7,6,38,28,30,60,0.5037240911856756,0.0013145435760925602,0,57.0,OFF,115200,499200,OFF,537600,OFF,115200,OFF,OFF,OFF,OFF,OFF,34.90196078431372,53.406,-256,-256,-256,53.562,53.187,54.312,52.812,54.312,2654,1955,8250,OFF,MAXN_SUPER
2026-08-15 23:40:37.814169,12:05:23.690000,7,16,19,15,61,56,0.5050689232870592,0.0013145435760925602,0,20.7,OFF,115200,499200,OFF,537600,OFF,115200,OFF,OFF,OFF,OFF,OFF,34.90196078431372,53.906,-256,-256,-256,53.25,53.125,54.406,52.906,54.406,2576,1876,8055,OFF,MAXN_SUPER
2026-08-15 23:40:38.814966,12:05:24.690000,17,17,9,14,60,56,0.5066766626186484,0.0013145435760925602,0,99.4,OFF,115200,499200,OFF,537600,OFF,115200,OFF,OFF,OFF,OFF,OFF,34.90196078431372,53.562,-256,-256,-256,53.562,53.218,54.468,52.875,54.468,2576,1837,8094,OFF,MAXN_SUPER
2026-08-15 23:40:39.817473,12:05:25.690000,14,7,7,21,53,66,0.5084127746212365,0.0013145435760925602,0,25.8,OFF,140800,499200,OFF,537600,OFF,115200,OFF,OFF,OFF,OFF,OFF,34.90196078431372,53.687,-256,-256,-256,53.437,53.406,54.375,52.843,54.375,2576,1876,8133,OFF,MAXN_SUPER
2026-08-15 23:40:40.816957,12:05:26.690000,13,9,21,22,56,62,0.5097247433188443,0.0013145435760925602,0,14.8,OFF,115200,499200,OFF,537600,OFF,115200,OFF,OFF,OFF,OFF,OFF,34.90196078431372,53.625,-256,-256,-256,53.343,53.468,54.406,53.0,54.468,2537,1798,7938,OFF,MAXN_SUPER
2026-08-15 23:40:41.818245,12:05:27.690000,10,18,13,10,59,60,0.5112924303770818,0.0013145435760925602,0,99.3,OFF,115200,499200,OFF,537600,OFF,115200,OFF,OFF,OFF,OFF,OFF,34.90196078431372,53.937,-256,-256,-256,53.812,53.375,54.468,53.062,54.468,2576,1837,8055,OFF,MAXN_SUPER
2026-08-15 23:40:42.819022,12:05:28.700000,11,19,31,29,54,54,0.5129474108515987,0.0013145435760925602,0,99.5,OFF,217600,499200,OFF,537600,OFF,115200,OFF,OFF,OFF,OFF,OFF,34.90196078431372,53.75,-256,-256,-256,53.937,53.312,54.468,53.218,54.468,2888,1837,8407,OFF,MAXN_SUPER
2026-08-15 23:40:43.820367,12:05:29.700000,28,25,42,16,2,57,0.5147384663573741,0.0013145435760925602,0,13.4,OFF,115200,499200,OFF,537600,OFF,115200,OFF,OFF,OFF,OFF,OFF,34.90196078431372,53.875,-256,-256,-256,53.875,53.468,54.562,53.218,54.562,2810,1876,8446,OFF,MAXN_SUPER
2026-08-15 23:40:44.821709,12:05:30.700000,37,37,12,20,0,56,0.5164591736394423,0.0013145435760925602,0,45.1,OFF,115200,499200,OFF,537600,OFF,115200,OFF,OFF,OFF,OFF,OFF,34.90196078431372,53.906,-256,-256,-256,53.687,53.656,54.75,53.218,54.75,2732,1876,8250,OFF,MAXN_SUPER
2026-08-15 23:40:45.822108,12:05:31.700000,8,25,22,21,47,59,0.5181249374183229,0.0013145435760925602,0,99.0,OFF,115200,499200,OFF,537600,OFF,115200,OFF,OFF,OFF,OFF,OFF,34.90196078431372,54.0,-256,-256,-256,53.812,53.5,54.718,53.343,54.718,2693,1837,8172,OFF,MAXN_SUPER
2026-08-15 23:40:46.823966,12:05:32.700000,5,7,21,15,52,67,0.5195396042527298,0.0013145435760925602,0,20.7,OFF,179200,499200,OFF,537600,OFF,115200,OFF,OFF,OFF,OFF,OFF,34.90196078431372,53.875,-256,-256,-256,53.968,53.656,54.75,53.312,54.718,2615,1876,8133,OFF,MAXN_SUPER
2026-08-15 23:40:47.824548,12:05:33.700000,6,20,20,15,55,64,0.5209172997578891,0.0013145435760925602,0,31.0,OFF,115200,499200,OFF,537600,OFF,115200,OFF,OFF,OFF,OFF,OFF,34.90196078431372,53.906,-256,-256,-256,53.562,53.781,54.75,53.312,54.718,2615,1837,8055,OFF,MAXN_SUPER
2026-08-15 23:40:48.825546,12:05:34.700000,6,18,21,16,54,63,0.5225722802324059,0.0013145435760925602,0,99.4,OFF,115200,499200,OFF,537600,OFF,115200,OFF,OFF,OFF,OFF,OFF,34.90196078431372,54.031,-256,-256,-256,53.718,53.75,54.687,53.343,54.75,2537,1837,8055,OFF,MAXN_SUPER
2026-08-15 23:40:49.826229,12:05:35.700000,20,25,14,63,56,4,0.5230482860964695,0.0013145435760925602,0,13.3,OFF,115200,499200,OFF,537600,OFF,115200,OFF,OFF,OFF,OFF,OFF,34.90196078431372,54.156,-256,-256,-256,54.25,53.687,54.937,53.437,54.937,2810,1916,8446,OFF,MAXN_SUPER
2026-08-15 23:40:50.827782,12:05:36.700000,38,18,24,35,31,33,0.5246591063721626,0.0013145435760925602,0,42.6,OFF,115200,499200,OFF,537600,OFF,115200,OFF,OFF,OFF,OFF,OFF,34.90196078431372,54.218,-256,-256,-256,54.437,53.843,54.937,53.5,54.937,2810,1876,8329,OFF,MAXN_SUPER
2026-08-15 23:40:51.829131,12:05:37.700000,12,18,13,9,52,66,0.5264065151697985,0.0013145435760925602,0,11.7,OFF,128000,499200,OFF,537600,OFF,115200,OFF,OFF,OFF,OFF,OFF,36.470588235294116,54.25,-256,-256,-256,54.0,53.843,55.093,53.531,55.093,2693,1916,8290,OFF,MAXN_SUPER
2026-08-15 23:40:52.829927,12:05:38.700000,9,8,15,24,55,64,0.5278463430477213,0.0013145435760925602,0,64.3,OFF,115200,499200,OFF,537600,OFF,115200,OFF,OFF,OFF,OFF,OFF,36.470588235294116,54.531,-256,-256,-256,53.875,53.906,55.156,53.468,54.906,2576,1837,7977,OFF,MAXN_SUPER
2026-08-15 23:40:53.831041,12:05:39.700000,11,18,27,33,50,48,0.5293744913232912,0.0013145435760925602,0,99.6,OFF,115200,499200,OFF,537600,OFF,115200,OFF,OFF,OFF,OFF,OFF,36.470588235294116,54.343,-256,-256,-256,53.875,53.875,55.062,53.593,55.062,2615,1837,8172,OFF,MAXN_SUPER
2026-08-15 23:40:54.831754,12:05:40.700000,10,50,21,28,8,53,0.5309005856361251,0.0013145435760925602,0,99.1,OFF,115200,499200,OFF,537600,OFF,115200,OFF,OFF,OFF,OFF,OFF,36.470588235294116,54.343,-256,-256,-256,54.062,54.031,55.031,53.562,55.031,2576,1837,8055,OFF,MAXN_SUPER
2026-08-15 23:40:55.832823,12:05:41.700000,23,35,23,34,12,57,0.5326238603716132,0.0013145435760925602,0,17.5,OFF,115200,499200,OFF,537600,OFF,115200,OFF,OFF,OFF,OFF,OFF,36.470588235294116,54.375,-256,-256,-256,54.187,53.937,55.25,53.625,55.25,2693,1876,8290,OFF,MAXN_SUPER
2026-08-15 23:40:56.833696,12:05:42.700000,19,10,61,22,5,52,0.5341027135415196,0.0013145435760925602,0,47.4,OFF,115200,499200,OFF,537600,OFF,115200,OFF,OFF,OFF,OFF,OFF,36.470588235294116,54.281,-256,-256,-256,54.218,54.0,55.312,53.625,55.312,2615,1876,8211,OFF,MAXN_SUPER
2026-08-15 23:40:57.834957,12:05:43.700000,18,30,30,38,9,58,0.5357273980656806,0.0013145435760925602,0,36.2,OFF,115200,499200,OFF,537600,OFF,115200,OFF,OFF,OFF,OFF,OFF,36.470588235294116,54.75,-256,-256,-256,54.468,53.968,55.156,53.687,55.156,2849,1876,8446,OFF,MAXN_SUPER
2026-08-15 23:40:58.835946,12:05:44.700000,21,30,7,40,32,42,0.5375004813975163,0.0013145435760925602,0,18.9,OFF,115200,499200,OFF,537600,OFF,115200,OFF,OFF,OFF,OFF,OFF,36.470588235294116,54.375,-256,-256,-256,54.718,54.093,55.375,53.781,55.187,2732,1876,8329,OFF,MAXN_SUPER
2026-08-15 23:40:59.838058,12:05:45.700000,18,39,22,61,14,22,0.5382455563799934,0.0013145435760925602,0,15.9,OFF,153600,499200,OFF,537600,OFF,115200,OFF,OFF,OFF,OFF,OFF,36.470588235294116,54.343,-256,-256,-256,54.312,54.281,55.25,53.75,55.25,2693,1876,8250,OFF,MAXN_SUPER
2026-08-15 23:41:00.837688,12:05:46.700000,11,29,42,36,36,21,0.5380134585908275,0.0013145435760925602,0,99.3,OFF,115200,499200,OFF,537600,OFF,115200,OFF,OFF,OFF,OFF,OFF,36.470588235294116,54.781,-256,-256,-256,54.468,54.156,55.25,53.875,55.281,2654,1837,8133,OFF,MAXN_SUPER
2026-08-15 23:41:01.839568,12:05:47.700000,21,18,54,9,55,23,0.5377962520314975,0.0013145435760925602,0,59.1,OFF,115200,499200,OFF,537600,OFF,115200,OFF,OFF,OFF,OFF,OFF,36.470588235294116,54.718,-256,-256,-256,54.687,54.218,55.218,53.875,55.218,2849,1912,8524,OFF,MAXN_SUPER
2026-08-15 23:41:02.840514,12:05:48.700000,43,13,24,26,61,18,0.5378080623172294,0.0013145435760925602,0,74.9,OFF,115200,499200,OFF,537600,OFF,115200,OFF,OFF,OFF,OFF,OFF,36.470588235294116,54.656,-256,-256,-256,54.625,54.25,55.531,53.875,55.531,2810,1916,8368,OFF,MAXN_SUPER
2026-08-15 23:41:03.841442,12:05:49.700000,44,19,25,9,62,27,0.5382147469389537,0.0013802707548971882,0,23.0,OFF,192000,499200,OFF,537600,OFF,115200,OFF,OFF,OFF,OFF,OFF,36.470588235294116,54.625,-256,-256,-256,54.375,54.281,55.468,54.031,55.468,2693,1876,8250,OFF,MAXN_SUPER
2026-08-15 23:41:04.843140,12:05:50.700000,12,28,10,7,64,54,0.5388822848281475,0.0014459979337018162,0,23.1,OFF,115200,499200,OFF,537600,OFF,115200,OFF,OFF,OFF,OFF,OFF,36.470588235294116,54.562,-256,-256,-256,54.375,54.468,55.437,53.968,55.406,2576,1876,8055,OFF,MAXN_SUPER
2026-08-15 23:41:05.843555,12:05:51.700000,10,20,29,8,64,53,0.5381094813487346,0.0014459979337018162,0,55.2,OFF,115200,499200,OFF,537600,OFF,115200,OFF,OFF,OFF,OFF,OFF,36.470588235294116,54.718,-256,-256,-256,54.812,54.312,55.562,53.968,55.375,2732,1876,8250,OFF,MAXN_SUPER
2026-08-15 23:41:06.845314,12:05:52.700000,7,17,23,6,63,56,0.5385254088027708,0.0014459979337018162,0,9.9,OFF,115200,499200,OFF,537600,OFF,115200,OFF,OFF,OFF,OFF,OFF,36.470588235294116,54.656,-256,-256,-256,54.75,54.468,55.468,54.031,55.5,2576,1837,8094,OFF,MAXN_SUPER
2026-08-15 23:41:07.845859,12:05:53.700000,8,23,31,6,54,61,0.5387801001820325,0.0014459979337018162,0,99.5,OFF,115200,499200,OFF,537600,OFF,115200,OFF,OFF,OFF,OFF,OFF,36.470588235294116,54.687,-256,-256,-256,54.843,54.375,55.625,54.093,55.625,2615,1837,8094,OFF,MAXN_SUPER
2026-08-15 23:41:08.847373,12:05:54.700000,11,5,28,10,54,63,0.5374516997825367,0.0015774522913110723,0,28.4,OFF,115200,499200,OFF,537600,OFF,115200,OFF,OFF,OFF,OFF,OFF,36.470588235294116,54.656,-256,-256,-256,54.562,54.531,55.593,54.031,55.593,2537,1876,8055,OFF,MAXN_SUPER
2026-08-15 23:41:09.848099,12:05:55.700000,12,14,28,3,55,61,0.538388820280828,0.0016431794701157003,0,97.3,OFF,115200,499200,OFF,537600,OFF,115200,OFF,OFF,OFF,OFF,OFF,36.470588235294116,54.968,-256,-256,-256,54.562,54.562,55.468,54.156,55.468,2693,1837,8172,OFF,MAXN_SUPER
2026-08-15 23:41:10.848581,12:05:56.700000,23,13,9,8,52,65,0.5386594298712936,0.0016431794701157003,0,13.2,OFF,115200,499200,OFF,537600,OFF,115200,OFF,OFF,OFF,OFF,OFF,36.470588235294116,54.843,-256,-256,-256,54.937,54.5,55.531,54.187,55.593,2654,1837,8211,OFF,MAXN_SUPER
2026-08-15 23:41:11.850454,12:05:57.700000,13,22,22,10,54,54,0.5397110587921159,0.0016431794701157003,0,80.3,OFF,115200,499200,OFF,537600,OFF,115200,OFF,OFF,OFF,OFF,OFF,36.470588235294116,54.937,-256,-256,-256,54.656,54.625,55.593,54.156,55.593,2459,1837,7938,OFF,MAXN_SUPER
2026-08-15 23:41:12.850892,12:05:58.700000,31,44,21,16,17,50,0.538943390219543,0.0016431794701157003,0,56.6,OFF,204800,499200,OFF,537600,OFF,115200,OFF,OFF,OFF,OFF,OFF,36.470588235294116,54.937,-256,-256,-256,54.593,54.468,55.625,54.218,55.625,2615,1837,8094,OFF,MAXN_SUPER
2026-08-15 23:41:13.851913,12:05:59.700000,33,9,15,34,18,53,0.5400895014262204,0.0016431794701157003,0,23.7,OFF,115200,499200,OFF,537600,OFF,115200,OFF,OFF,OFF,OFF,OFF,36.470588235294116,54.875,-256,-256,-256,54.5,54.562,55.75,54.343,55.75,2615,1876,8094,OFF,MAXN_SUPER
2026-08-15 23:41:14.852013,12:06:00.700000,30,27,7,37,28,53,0.5398327560842228,0.0016431794701157003,0,26.9,OFF,115200,499200,OFF,537600,OFF,115200,OFF,OFF,OFF,OFF,OFF,36.470588235294116,55.093,-256,-256,-256,55.093,54.593,55.656,54.343,55.656,2849,1873,8446,OFF,MAXN_SUPER
2026-08-15 23:41:15.853782,12:06:01.700000,26,18,39,19,18,60,0.5395421203570814,0.0016431794701157003,0,84.1,OFF,115200,499200,OFF,537600,OFF,115200,OFF,OFF,OFF,OFF,OFF,36.470588235294116,55.062,-256,-256,-256,54.937,54.781,55.781,54.312,55.781,2849,1912,8446,OFF,MAXN_SUPER
2026-08-15 23:41:16.855164,12:06:02.700000,23,12,60,15,25,58,0.5399724255502695,0.0016431794701157003,0,22.2,OFF,166400,499200,OFF,537600,OFF,115200,OFF,OFF,OFF,OFF,OFF,36.470588235294116,54.906,-256,-256,-256,55.406,54.75,55.937,54.343,55.937,2849,1912,8524,OFF,MAXN_SUPER
2026-08-15 23:41:17.856428,12:06:03.700000,35,9,34,23,23,61,0.5399847493266854,0.0016431794701157003,0,99.5,OFF,115200,499200,OFF,537600,OFF,115200,OFF,OFF,OFF,OFF,OFF,36.470588235294116,55.218,-256,-256,-256,55.125,54.75,56.0,54.406,56.0,2654,1876,8172,OFF,MAXN_SUPER
2026-08-15 23:41:18.858146,12:06:04.700000,17,24,12,56,8,56,0.5402199280599552,0.0016431794701157003,0,13.9,OFF,115200,499200,OFF,537600,OFF,115200,OFF,OFF,OFF,OFF,OFF,36.470588235294116,55.093,-256,-256,-256,55.125,54.875,55.843,54.468,55.843,2810,1876,8407,OFF,MAXN_SUPER
2026-08-15 23:41:19.859107,12:06:05.700000,43,27,44,37,37,6,0.5402568993892028,0.0016431794701157003,0,49.1,OFF,115200,499200,OFF,537600,OFF,115200,OFF,OFF,OFF,OFF,OFF,38.431372549019606,55.25,-256,-256,-256,55.5,54.75,55.937,54.5,55.937,2888,1873,8485,OFF,MAXN_SUPER
2026-08-15 23:41:20.859187,12:06:06.700000,27,35,36,38,23,27,0.5412284237633219,0.0016431794701157003,0,18.1,OFF,204800,499200,OFF,537600,OFF,115200,OFF,OFF,OFF,OFF,OFF,38.431372549019606,55.0,-256,-256,-256,54.906,54.843,56.031,54.531,55.968,2615,1837,8055,OFF,MAXN_SUPER
2026-08-15 23:41:21.862047,12:06:07.700000,23,18,14,40,9,62,0.5405480486070281,0.0016431794701157003,0,74.2,OFF,140800,499200,OFF,537600,OFF,115200,OFF,OFF,OFF,OFF,OFF,38.431372549019606,55.156,-256,-256,-256,55.0,55.031,56.062,54.593,56.062,2654,1837,8133,OFF,MAXN_SUPER
2026-08-15 23:41:22.862101,12:06:08.700000,20,33,24,23,21,61,0.5408992762348809,0.0016431794701157003,0,99.5,OFF,115200,499200,OFF,537600,OFF,115200,OFF,OFF,OFF,OFF,OFF,38.431372549019606,55.062,-256,-256,-256,55.0,54.875,56.031,54.625,56.031,2615,1837,8133,OFF,MAXN_SUPER
2026-08-15 23:41:23.863515,12:06:09.700000,31,25,16,55,19,24,0.5410769440115433,0.0016431794701157003,0,82.9,OFF,115200,499200,OFF,537600,OFF,115200,OFF,OFF,OFF,OFF,OFF,38.431372549019606,55.187,-256,-256,-256,55.312,54.906,56.031,54.656,56.031,2576,1876,8094,OFF,MAXN_SUPER
2026-08-15 23:41:24.864490,12:06:10.700000,7,33,28,25,22,63,0.5415981370557985,0.0016431794701157003,0,19.5,OFF,115200,499200,OFF,537600,OFF,115200,OFF,OFF,OFF,OFF,OFF,38.431372549019606,55.312,-256,-256,-256,55.437,54.968,56.062,54.687,56.062,2884,1873,8485,OFF,MAXN_SUPER
2026-08-15 23:41:25.864862,12:06:11.700000,18,36,44,8,6,59,0.5410507559866595,0.0017089066489203283,0,17.4,OFF,115200,499200,OFF,537600,OFF,115200,OFF,OFF,OFF,OFF,OFF,38.431372549019606,55.312,-256,-256,-256,55.718,55.031,56.093,54.843,56.093,2806,1916,8446,OFF,MAXN_SUPER
2026-08-15 23:41:26.866474,12:06:12.700000,47,22,19,35,36,33,0.5414107129561402,0.0017089066489203283,0,13.0,OFF,115200,499200,OFF,537600,OFF,115200,OFF,OFF,OFF,OFF,OFF,38.431372549019606,55.625,-256,-256,-256,55.687,55.0,56.125,54.781,56.187,3540,1991,9447,OFF,MAXN_SUPER
2026-08-15 23:41:27.867526,12:06:13.710000,17,29,42,37,10,50,0.541212505552118,0.0017089066489203283,0,99.5,OFF,115200,499200,OFF,537600,OFF,115200,OFF,OFF,OFF,OFF,OFF,38.431372549019606,55.562,-256,-256,-256,55.343,55.125,56.187,54.718,56.156,2923,1912,8641,OFF,MAXN_SUPER
2026-08-15 23:41:28.867679,12:06:14.710000,20,30,54,45,6,16,0.5414795207077956,0.0017089066489203283,0,27.2,OFF,204800,499200,OFF,537600,OFF,115200,OFF,OFF,OFF,OFF,OFF,38.431372549019606,55.437,-256,-256,-256,55.281,55.093,56.156,54.812,56.218,2884,1912,8602,OFF,MAXN_SUPER
2026-08-15 23:41:29.869792,12:06:15.710000,39,37,39,29,24,14,0.5413906868194643,0.0017089066489203283,0,99.1,OFF,128000,499200,OFF,537600,OFF,115200,OFF,OFF,OFF,OFF,OFF,38.431372549019606,55.468,-256,-256,-256,55.156,55.25,56.218,54.875,56.218,2693,1876,8211,OFF,MAXN_SUPER
2026-08-15 23:41:30.870784,12:06:16.710000,39,16,12,33,9,62,0.5422805661748282,0.0017089066489203283,0,99.2,OFF,140800,499200,OFF,537600,OFF,115200,OFF,OFF,OFF,OFF,OFF,38.431372549019606,55.343,-256,-256,-256,55.156,55.125,56.343,54.718,56.343,2654,1876,8133,OFF,MAXN_SUPER
2026-08-15 23:41:31.871500,12:06:17.710000,26,30,24,27,5,67,0.5433722473690021,0.0017089066489203283,0,99.4,OFF,115200,499200,OFF,537600,OFF,115200,OFF,OFF,OFF,OFF,OFF,38.431372549019606,55.312,-256,-256,-256,55.218,55.312,56.25,54.812,56.25,2654,1876,8172,OFF,MAXN_SUPER
2026-08-15 23:41:32.872810,12:06:18.710000,19,25,33,26,8,67,0.5429712111448018,0.0017746338277249564,0,30.7,OFF,115200,499200,OFF,537600,OFF,115200,OFF,OFF,OFF,OFF,OFF,38.431372549019606,55.406,-256,-256,-256,55.406,55.125,56.375,54.843,56.375,2615,1876,8172,OFF,MAXN_SUPER
2026-08-15 23:41:33.873682,12:06:19.710000,32,15,29,16,13,64,0.5434112726609858,0.0017746338277249564,0,18.7,OFF,115200,499200,OFF,537600,OFF,115200,OFF,OFF,OFF,OFF,OFF,38.431372549019606,55.437,-256,-256,-256,55.593,55.187,56.281,54.875,56.281,2576,1837,8094,OFF,MAXN_SUPER
2026-08-15 23:41:34.875236,12:06:20.710000,22,24,23,21,26,64,0.5425670939764975,0.0017746338277249564,0,31.7,OFF,115200,499200,OFF,537600,OFF,115200,OFF,OFF,OFF,OFF,OFF,38.431372549019606,55.375,-256,-256,-256,55.625,55.312,56.218,54.937,56.281,2654,1837,8133,OFF,MAXN_SUPER
2026-08-15 23:41:35.876633,12:06:21.710000,48,9,31,10,6,65,0.543069287865445,0.0017746338277249564,0,99.4,OFF,115200,499200,OFF,537600,OFF,115200,OFF,OFF,OFF,OFF,OFF,38.431372549019606,55.531,-256,-256,-256,55.218,55.25,56.437,54.906,56.437,2615,1837,8172,OFF,MAXN_SUPER
2026-08-15 23:41:36.879475,12:06:22.710000,7,25,27,37,9,69,0.5438908729598373,0.0017746338277249564,0,20.0,OFF,115200,499200,OFF,537600,OFF,115200,OFF,OFF,OFF,OFF,OFF,38.431372549019606,55.875,-256,-256,-256,55.468,55.218,56.375,54.843,56.375,2693,1876,8290,OFF,MAXN_SUPER
2026-08-15 23:41:37.878827,12:06:23.710000,39,28,20,19,19,66,0.5430241006852533,0.0017746338277249564,0,23.2,OFF,115200,499200,OFF,537600,OFF,115200,OFF,OFF,OFF,OFF,OFF,38.431372549019606,55.718,-256,-256,-256,55.593,55.218,56.375,54.875,56.375,2771,1876,8329,OFF,MAXN_SUPER
2026-08-15 23:41:38.879547,12:06:24.710000,25,24,26,27,3,64,0.5439776528854325,0.0017746338277249564,0,13.1,OFF,115200,499200,OFF,537600,OFF,115200,OFF,OFF,OFF,OFF,OFF,38.431372549019606,55.5,-256,-256,-256,55.562,55.375,56.406,54.937,56.406,2576,1837,8094,OFF,MAXN_SUPER
2026-08-15 23:41:39.881365,12:06:25.710000,27,15,43,26,5,64,0.5430092094554174,0.0017746338277249564,0,59.7,OFF,166400,499200,OFF,537600,OFF,115200,OFF,OFF,OFF,OFF,OFF,38.431372549019606,55.468,-256,-256,-256,55.343,55.437,56.406,54.968,56.406,2615,1837,8055,OFF,MAXN_SUPER
2026-08-15 23:41:40.883082,12:06:26.710000,5,21,48,19,8,66,0.5428541352688508,0.0017746338277249564,0,99.6,OFF,115200,499200,OFF,537600,OFF,115200,OFF,OFF,OFF,OFF,OFF,38.431372549019606,55.593,-256,-256,-256,55.468,55.375,56.343,54.968,56.375,2576,1955,8211,OFF,MAXN_SUPER
2026-08-15 23:41:41.883106,12:06:27.710000,33,41,41,32,6,31,0.5438965213573613,0.0017746338277249564,0,35.3,OFF,115200,499200,OFF,537600,OFF,115200,OFF,OFF,OFF,OFF,OFF,38.431372549019606,55.687,-256,-256,-256,55.812,55.312,56.531,55.156,56.531,2732,1876,8368,OFF,MAXN_SUPER
2026-08-15 23:41:42.884963,12:06:28.710000,22,16,64,8,6,54,0.5432253890333795,0.0017746338277249564,0,88.0,OFF,115200,499200,OFF,537600,OFF,115200,OFF,OFF,OFF,OFF,OFF,38.431372549019606,55.718,-256,-256,-256,55.812,55.375,56.5,55.125,56.5,2693,1876,8250,OFF,MAXN_SUPER
2026-08-15 23:41:43.885623,12:06:29.710000,25,41,38,14,40,18,0.5435750761891802,0.0017746338277249564,0,10.1,OFF,115200,499200,OFF,537600,OFF,115200,OFF,OFF,OFF,OFF,OFF,38.431372549019606,55.843,-256,-256,-256,56.062,55.406,56.562,55.093,56.562,2810,1876,8446,OFF,MAXN_SUPER
2026-08-15 23:41:44.886844,12:06:30.710000,20,20,57,26,12,49,0.5433773822758421,0.0017746338277249564,0,92.2,OFF,115200,499200,OFF,537600,OFF,115200,OFF,OFF,OFF,OFF,OFF,38.431372549019606,55.812,-256,-256,-256,55.593,55.562,56.468,55.031,56.468,2693,1876,8250,OFF,MAXN_SUPER
2026-08-15 23:41:45.887826,12:06:31.710000,22,16,8,7,63,54,0.543498566077265,0.0017746338277249564,0,99.5,OFF,115200,499200,OFF,537600,OFF,115200,OFF,OFF,OFF,OFF,OFF,38.431372549019606,55.593,-256,-256,-256,55.625,55.406,56.593,55.218,56.593,2615,1876,8133,OFF,MAXN_SUPER
2026-08-15 23:41:46.888582,12:06:32.710000,16,27,23,16,43,60,0.5424145872433509,0.0017746338277249564,0,21.3,OFF,115200,499200,OFF,537600,OFF,115200,OFF,OFF,OFF,OFF,OFF,38.431372549019606,55.718,-256,-256,-256,55.781,55.5,56.5,55.093,56.5,2771,1876,8368,OFF,MAXN_SUPER
2026-08-15 23:41:47.889244,12:06:33.710000,31,19,11,39,25,59,0.5432387397911633,0.0017746338277249564,0,99.2,OFF,115200,499200,OFF,537600,OFF,115200,OFF,OFF,OFF,OFF,OFF,38.431372549019606,55.812,-256,-256,-256,55.75,55.531,56.781,55.093,56.781,2810,1876,8407,OFF,MAXN_SUPER
2026-08-15 23:41:48.891232,12:06:34.710000,21,17,18,65,0,57,0.5424469371564427,0.0017746338277249564,0,13.9,OFF,179200,499200,OFF,537600,OFF,115200,OFF,OFF,OFF,OFF,OFF,38.431372549019606,55.75,-256,-256,-256,55.906,55.437,56.562,55.125,56.562,2967,1912,8602,OFF,MAXN_SUPER
2026-08-15 23:41:49.891926,12:06:35.710000,31,13,31,33,16,61,0.5435601849593443,0.0017746338277249564,0,99.5,OFF,115200,499200,OFF,537600,OFF,115200,OFF,OFF,OFF,OFF,OFF,38.431372549019606,55.687,-256,-256,-256,55.781,55.437,56.593,55.218,56.593,2693,1876,8250,OFF,MAXN_SUPER
2026-08-15 23:41:50.892203,12:06:36.710000,16,14,23,34,32,64,0.5439637886369647,0.0017746338277249564,0,36.5,OFF,140800,499200,OFF,537600,OFF,115200,OFF,OFF,OFF,OFF,OFF,38.431372549019606,55.687,-256,-256,-256,55.593,55.718,56.562,55.218,56.562,2732,1876,8290,OFF,MAXN_SUPER
2026-08-15 23:41:51.894682,12:06:37.710000,14,21,15,49,25,66,0.5431339876916284,0.0017746338277249564,0,58.0,OFF,115200,499200,OFF,537600,OFF,115200,OFF,OFF,OFF,OFF,OFF,38.431372549019606,55.812,-256,-256,-256,56.093,55.656,56.625,55.218,56.625,2810,1876,8368,OFF,MAXN_SUPER
2026-08-15 23:41:52.895230,12:06:38.710000,26,19,21,34,18,58,0.5434580003132293,0.0017746338277249564,0,15.3,OFF,115200,499200,OFF,537600,OFF,115200,OFF,OFF,OFF,OFF,OFF,38.431372549019606,55.812,-256,-256,-256,55.968,55.75,56.656,55.25,56.656,2771,1876,8329,OFF,MAXN_SUPER
2026-08-15 23:41:53.896922,12:06:39.710000,51,8,33,8,33,33,0.545120683148006,0.0017746338277249564,0,10.5,OFF,115200,499200,OFF,537600,OFF,115200,OFF,OFF,OFF,OFF,OFF,38.431372549019606,55.812,-256,-256,-256,55.625,55.562,56.75,55.312,56.75,2537,1798,7977,OFF,MAXN_SUPER
2026-08-15 23:41:54.896795,12:06:40.710000,32,18,26,6,45,55,0.5430122903995215,0.0017746338277249564,0,13.8,OFF,115200,499200,OFF,537600,OFF,115200,OFF,OFF,OFF,OFF,OFF,38.431372549019606,55.906,-256,-256,-256,55.593,55.593,56.843,55.187,56.843,2654,1876,8211,OFF,MAXN_SUPER
2026-08-15 23:41:55.897836,12:06:41.710000,13,23,67,5,8,56,0.5448511005389085,0.0017746338277249564,0,21.4,OFF,115200,499200,OFF,537600,OFF,115200,OFF,OFF,OFF,OFF,OFF,38.431372549019606,55.937,-256,-256,-256,56.0,55.75,56.687,55.312,56.687,2810,1912,8446,OFF,MAXN_SUPER
2026-08-15 23:41:56.899871,12:06:42.710000,21,32,26,45,5,60,0.5458452185031233,0.0017746338277249564,0,25.9,OFF,115200,499200,OFF,537600,OFF,115200,OFF,OFF,OFF,OFF,OFF,38.431372549019606,56.156,-256,-256,-256,55.937,55.718,56.656,55.343,56.656,2962,1912,8641,OFF,MAXN_SUPER
2026-08-15 23:41:57.900702,12:06:43.710000,31,13,10,54,15,53,0.5459679427765982,0.0017746338277249564,0,68.9,OFF,115200,499200,OFF,537600,OFF,115200,OFF,OFF,OFF,OFF,OFF,38.431372549019606,55.875,-256,-256,-256,56.125,55.656,56.937,55.281,56.937,2810,1912,8446,OFF,MAXN_SUPER
2026-08-15 23:41:58.901767,12:06:44.710000,10,20,5,64,13,56,0.5447730499549412,0.0017746338277249564,0,84.5,OFF,115200,499200,OFF,537600,OFF,115200,OFF,OFF,OFF,OFF,OFF,38.431372549019606,55.781,-256,-256,-256,55.687,55.843,56.75,55.312,56.75,2537,1916,8133,OFF,MAXN_SUPER
2026-08-15 23:41:59.905198,12:06:45.710000,32,27,11,56,10,59,0.5440100027985242,0.0017746338277249564,0,93.1,OFF,115200,499200,OFF,537600,OFF,115200,OFF,OFF,OFF,OFF,OFF,38.431372549019606,56.093,-256,-256,-256,56.062,55.75,56.875,55.312,56.875,2923,1991,8681,OFF,MAXN_SUPER
2026-08-15 23:42:00.904253,12:06:46.710000,49,23,16,21,18,54,0.5462303365161197,0.0017746338277249564,0,19.2,OFF,115200,499200,OFF,537600,OFF,115200,OFF,OFF,OFF,OFF,OFF,38.431372549019606,56.062,-256,-256,-256,56.031,55.812,56.781,55.437,56.781,2806,1912,8485,OFF,MAXN_SUPER
2026-08-15 23:42:01.905441,12:06:47.710000,44,33,25,40,21,21,0.5444582801656521,0.0017746338277249564,0,92.7,OFF,115200,499200,OFF,537600,OFF,115200,OFF,OFF,OFF,OFF,OFF,38.431372549019606,55.843,-256,-256,-256,55.906,55.843,56.875,55.406,56.875,2767,1873,8407,OFF,MAXN_SUPER
2026-08-15 23:42:02.906587,12:06:48.710000,20,15,38,13,27,57,0.5453158096079241,0.0017746338277249564,0,63.1,OFF,115200,499200,OFF,537600,OFF,115200,OFF,OFF,OFF,OFF,OFF,38.431372549019606,55.843,-256,-256,-256,56.0,55.843,56.843,55.406,56.843,2654,1876,8250,OFF,MAXN_SUPER
2026-08-15 23:42:03.909702,12:06:49.710000,36,16,35,39,7,34,0.5451602219306736,0.0017746338277249564,0,24.2,OFF,153600,499200,OFF,537600,OFF,115200,OFF,OFF,OFF,OFF,OFF,38.431372549019606,56.531,-256,-256,-256,56.218,55.968,56.937,55.531,56.843,2849,1912,8524,OFF,MAXN_SUPER
2026-08-15 23:42:04.908836,12:06:50.710000,38,30,22,51,20,21,0.5446200297311106,0.0017746338277249564,0,13.8,OFF,115200,499200,OFF,537600,OFF,115200,OFF,OFF,OFF,OFF,OFF,38.431372549019606,56.218,-256,-256,-256,56.437,55.937,56.968,55.5,56.968,3001,1952,8759,OFF,MAXN_SUPER
2026-08-15 23:42:05.908861,12:06:51.710000,26,12,25,28,41,39,0.5454056704776233,0.0017746338277249564,0,32.1,OFF,153600,499200,OFF,537600,OFF,115200,OFF,OFF,OFF,OFF,OFF,38.431372549019606,56.093,-256,-256,-256,56.343,55.812,56.937,55.562,56.937,2845,1912,8485,OFF,MAXN_SUPER
2026-08-15 23:42:06.910871,12:06:52.710000,21,13,61,17,58,24,0.5461060717705929,0.0017746338277249564,0,17.4,OFF,115200,499200,OFF,537600,OFF,115200,OFF,OFF,OFF,OFF,OFF,38.431372549019606,56.031,-256,-256,-256,56.375,55.906,57.062,55.468,56.937,2845,1952,8563,OFF,MAXN_SUPER
2026-08-15 23:42:07.911959,12:06:53.710000,12,19,50,13,55,26,0.5460619115717693,0.0017746338277249564,0,24.8,OFF,115200,499200,OFF,537600,OFF,115200,OFF,OFF,OFF,OFF,OFF,38.431372549019606,55.937,-256,-256,-256,56.093,55.937,57.062,55.5,57.062,2654,1876,8172,OFF,MAXN_SUPER
2026-08-15 23:42:08.912016,12:06:54.710000,10,27,6,57,17,57,0.5462123643421799,0.0017746338277249564,0,14.7,OFF,140800,499200,OFF,537600,OFF,115200,OFF,OFF,OFF,OFF,OFF,38.431372549019606,56.187,-256,-256,-256,56.0,55.812,57.093,55.5,57.093,2615,1837,8133,OFF,MAXN_SUPER
2026-08-15 23:42:09.913579,12:06:55.710000,33,18,37,17,57,24,0.5464947842183773,0.0017746338277249564,0,65.2,OFF,115200,499200,OFF,537600,OFF,115200,OFF,OFF,OFF,OFF,OFF,38.431372549019606,56.218,-256,-256,-256,56.031,56.031,57.0,55.5,57.0,2810,1952,8524,OFF,MAXN_SUPER
2026-08-15 23:42:10.915295,12:06:56.710000,50,29,17,11,61,22,0.5469184140326734,0.0017746338277249564,0,17.7,OFF,115200,499200,OFF,537600,OFF,115200,OFF,OFF,OFF,OFF,OFF,38.431372549019606,56.156,-256,-256,-256,56.281,56.0,56.937,55.625,56.937,2923,1912,8602,OFF,MAXN_SUPER
2026-08-15 23:42:11.916017,12:06:57.710000,10,20,16,21,58,63,0.546954871871237,0.0017746338277249564,0,99.3,OFF,166400,499200,OFF,537600,OFF,115200,OFF,OFF,OFF,OFF,OFF,38.431372549019606,56.156,-256,-256,-256,56.156,55.937,56.937,55.656,56.937,2654,1837,8211,OFF,MAXN_SUPER
2026-08-15 23:42:12.916823,12:06:58.710000,9,13,17,15,53,66,0.5469908162191167,0.0017746338277249564,0,14.9,OFF,115200,499200,OFF,537600,OFF,115200,OFF,OFF,OFF,OFF,OFF,38.431372549019606,56.093,-256,-256,-256,56.25,56.062,57.031,55.625,57.031,2654,1876,8211,OFF,MAXN_SUPER
2026-08-15 23:42:13.920639,12:06:59.710000,6,25,23,7,56,63,0.5484275631529355,0.0017746338277249564,0,43.5,OFF,115200,499200,OFF,537600,OFF,115200,OFF,OFF,OFF,OFF,OFF,38.431372549019606,56.281,-256,-256,-256,56.156,56.0,57.0,55.656,57.0,2732,1837,8172,OFF,MAXN_SUPER
2026-08-15 23:42:14.921179,12:07:00.710000,8,13,24,6,57,62,0.5467058288894994,0.0017746338277249564,0,99.5,OFF,166400,499200,OFF,537600,OFF,115200,OFF,OFF,OFF,OFF,OFF,38.431372549019606,56.281,-256,-256,-256,56.312,56.062,57.093,55.625,57.062,2654,1876,8172,OFF,MAXN_SUPER
2026-08-15 23:42:15.921004,12:07:01.710000,8,8,28,4,65,55,0.5491772595515686,0.0017746338277249564,0,20.5,OFF,115200,499200,OFF,537600,OFF,115200,OFF,OFF,OFF,OFF,OFF,38.431372549019606,56.187,-256,-256,-256,56.406,56.125,57.156,55.625,57.156,2615,1837,8133,OFF,MAXN_SUPER
2026-08-15 23:42:16.921221,12:07:02.710000,12,21,28,7,64,52,0.5489395133648788,0.0017746338277249564,0,99.6,OFF,128000,499200,OFF,537600,OFF,115200,OFF,OFF,OFF,OFF,OFF,38.431372549019606,56.187,-256,-256,-256,56.375,56.031,57.125,55.656,57.125,2654,1837,8172,OFF,MAXN_SUPER
2026-08-15 23:42:17.922941,12:07:03.710000,20,6,14,9,54,64,0.5484332115504594,0.0017746338277249564,0,13.4,OFF,115200,499200,OFF,537600,OFF,115200,OFF,OFF,OFF,OFF,OFF,38.431372549019606,56.218,-256,-256,-256,56.406,56.062,57.218,55.718,57.218,2576,1876,8133,OFF,MAXN_SUPER
2026-08-15 23:42:18.924501,12:07:04.710000,22,20,14,10,54,60,0.5476865960959303,0.0017746338277249564,0,99.1,OFF,128000,499200,OFF,537600,OFF,115200,OFF,OFF,OFF,OFF,OFF,38.431372549019606,56.218,-256,-256,-256,56.187,56.218,57.156,55.718,57.156,2654,1837,8172,OFF,MAXN_SUPER
2026-08-15 23:42:19.925465,12:07:05.710000,7,22,6,14,59,60,0.5488588953274915,0.0017746338277249564,0,10.6,OFF,115200,499200,OFF,537600,OFF,115200,OFF,OFF,OFF,OFF,OFF,38.431372549019606,56.281,-256,-256,-256,56.375,56.156,57.25,55.75,57.25,2615,1837,8133,OFF,MAXN_SUPER
2026-08-15 23:42:20.926284,12:07:06.710000,6,9,20,30,63,54,0.548911784867943,0.0017746338277249564,0,83.4,OFF,204800,499200,OFF,537600,OFF,115200,OFF,OFF,OFF,OFF,OFF,38.431372549019606,56.406,-256,-256,-256,56.031,56.031,57.281,55.656,57.281,2654,1837,8094,OFF,MAXN_SUPER
2026-08-15 23:42:21.928051,12:07:07.710000,22,17,21,21,53,65,0.5505739542120357,0.0017746338277249564,0,31.1,OFF,115200,499200,OFF,537600,OFF,115200,OFF,OFF,OFF,OFF,OFF,38.431372549019606,56.25,-256,-256,-256,56.343,56.156,57.156,55.781,57.156,2771,1873,8329,OFF,MAXN_SUPER
2026-08-15 23:42:22.928786,12:07:08.710000,6,6,21,16,56,63,0.5483089468049326,0.0017746338277249564,0,10.4,OFF,115200,499200,OFF,537600,OFF,115200,OFF,OFF,OFF,OFF,OFF,38.431372549019606,56.218,-256,-256,-256,56.218,56.187,57.343,55.718,57.343,2537,1837,8016,OFF,MAXN_SUPER
2026-08-15 23:42:23.930301,12:07:09.710000,19,8,21,14,52,64,0.5497703412915831,0.0017746338277249564,0,99.3,OFF,115200,499200,OFF,537600,OFF,115200,OFF,OFF,OFF,OFF,OFF,38.431372549019606,56.437,-256,-256,-256,56.437,56.156,57.281,55.843,57.281,2615,1876,8172,OFF,MAXN_SUPER
2026-08-15 23:42:24.931519,12:07:10.710000,13,14,25,12,56,55,0.5503095065097782,0.0018403610065295844,0,28.2,OFF,115200,499200,OFF,537600,OFF,115200,OFF,OFF,OFF,OFF,OFF,38.431372549019606,56.187,-256,-256,-256,56.281,56.312,57.156,55.843,57.156,2537,1837,8016,OFF,MAXN_SUPER
2026-08-15 23:42:25.932369,12:07:11.720000,9,8,31,6,56,64,0.5502206726214469,0.0018403610065295844,0,97.1,OFF,115200,499200,OFF,537600,OFF,115200,OFF,OFF,OFF,OFF,OFF,38.431372549019606,56.406,-256,-256,-256,56.093,56.312,57.25,55.781,57.25,2537,1837,7977,OFF,MAXN_SUPER
2026-08-15 23:42:26.933994,12:07:12.720000,7,22,25,9,52,63,0.5503192628327741,0.0018403610065295844,0,23.6,OFF,115200,499200,OFF,537600,OFF,115200,OFF,OFF,OFF,OFF,OFF,38.431372549019606,56.437,-256,-256,-256,56.562,56.218,57.125,55.75,57.125,2537,1837,8055,OFF,MAXN_SUPER
2026-08-15 23:42:27.932891,12:07:13.720000,7,6,27,13,55,64,0.5506653555537868,0.0018403610065295844,0,27.1,OFF,115200,499200,OFF,537600,OFF,115200,OFF,OFF,OFF,OFF,OFF,38.431372549019606,56.281,-256,-256,-256,56.437,56.156,57.25,55.812,57.25,2537,1837,7977,OFF,MAXN_SUPER
2026-08-15 23:42:28.936261,12:07:14.720000,7,25,26,7,53,64,0.5504645806963447,0.0018403610065295844,0,99.6,OFF,115200,499200,OFF,537600,OFF,115200,OFF,OFF,OFF,OFF,OFF,38.431372549019606,56.437,-256,-256,-256,56.375,56.406,57.218,55.875,57.218,2732,1876,8250,OFF,MAXN_SUPER
2026-08-15 23:42:29.937068,12:07:15.720000,29,23,40,5,57,13,0.5511357130203265,0.0018403610065295844,0,18.1,OFF,115200,499200,OFF,537600,OFF,115200,OFF,OFF,OFF,OFF,OFF,38.431372549019606,56.625,-256,-256,-256,56.718,56.156,57.281,55.968,57.281,2884,1952,8641,OFF,MAXN_SUPER
2026-08-15 23:42:30.938214,12:07:16.720000,21,19,7,8,65,53,0.5499700891676573,0.0018403610065295844,0,18.7,OFF,115200,499200,OFF,537600,OFF,115200,OFF,OFF,OFF,OFF,OFF,38.431372549019606,56.25,-256,-256,-256,56.25,56.156,57.281,55.875,57.281,2615,1876,8172,OFF,MAXN_SUPER
2026-08-15 23:42:31.939459,12:07:17.720000,22,19,6,19,60,55,0.550756756895538,0.0018403610065295844,0,63.4,OFF,115200,499200,OFF,537600,OFF,115200,OFF,OFF,OFF,OFF,OFF,38.431372549019606,56.375,-256,-256,-256,56.187,56.25,57.437,55.906,57.312,2615,1837,8133,OFF,MAXN_SUPER
2026-08-15 23:42:32.939788,12:07:18.720000,10,20,11,13,55,65,0.5507223530197103,0.0018403610065295844,0,99.6,OFF,140800,499200,OFF,537600,OFF,115200,OFF,OFF,OFF,OFF,OFF,38.431372549019606,56.531,-256,-256,-256,56.375,56.312,57.218,55.843,57.218,2654,1876,8211,OFF,MAXN_SUPER
2026-08-15 23:42:33.942137,12:07:19.720000,19,24,16,18,56,62,0.5509313437280964,0.0018403610065295844,0,10.0,OFF,115200,499200,OFF,537600,OFF,115200,OFF,OFF,OFF,OFF,OFF,38.431372549019606,56.531,-256,-256,-256,56.562,56.281,57.343,55.906,57.343,2693,1837,8211,OFF,MAXN_SUPER
2026-08-15 23:42:34.942990,12:07:20.720000,7,17,16,12,64,55,0.5516127458657581,0.0018403610065295844,0,99.3,OFF,115200,499200,OFF,537600,OFF,115200,OFF,OFF,OFF,OFF,OFF,38.431372549019606,56.343,-256,-256,-256,56.25,56.218,57.375,56.0,57.437,2537,1837,8055,OFF,MAXN_SUPER
2026-08-15 23:42:35.944544,12:07:21.720000,7,15,20,7,60,58,0.5513791076045402,0.0018403610065295844,0,10.7,OFF,115200,499200,OFF,537600,OFF,115200,OFF,OFF,OFF,OFF,OFF,38.431372549019606,56.343,-256,-256,-256,56.5,56.375,57.312,55.875,57.343,2654,1876,8211,OFF,MAXN_SUPER
2026-08-15 23:42:36.945405,12:07:22.720000,14,10,31,10,64,52,0.5511213352811747,0.0018403610065295844,0,99.0,OFF,115200,499200,OFF,537600,OFF,115200,OFF,OFF,OFF,OFF,OFF,38.431372549019606,56.375,-256,-256,-256,56.156,56.187,57.375,55.906,57.375,2615,1837,8094,OFF,MAXN_SUPER
2026-08-15 23:42:37.948997,12:07:23.720000,7,19,18,10,66,52,0.5519891345371266,0.0018403610065295844,0,75.6,OFF,115200,499200,OFF,537600,OFF,115200,OFF,OFF,OFF,OFF,OFF,38.431372549019606,56.312,-256,-256,-256,56.562,56.468,57.375,55.937,57.437,2654,1876,8290,OFF,MAXN_SUPER
2026-08-15 23:42:38.948030,12:07:24.720000,26,5,26,8,63,55,0.5527552626376476,0.0018403610065295844,0,14.1,OFF,115200,499200,OFF,537600,OFF,115200,OFF,OFF,OFF,OFF,OFF,38.431372549019606,56.375,-256,-256,-256,56.25,56.312,57.5,55.937,57.5,2615,1837,8055,OFF,MAXN_SUPER
2026-08-15 23:42:39.949329,12:07:25.720000,8,23,26,30,27,56,0.5525211108857457,0.0018403610065295844,0,99.0,OFF,115200,499200,OFF,537600,OFF,115200,OFF,OFF,OFF,OFF,OFF,38.431372549019606,56.625,-256,-256,-256,56.375,56.5,57.375,55.968,57.375,2693,1876,8211,OFF,MAXN_SUPER
2026-08-15 23:42:40.949984,12:07:26.720000,42,24,8,19,16,63,0.5528589877558147,0.0019060881853342124,0,99.6,OFF,115200,499200,OFF,537600,OFF,115200,OFF,OFF,OFF,OFF,OFF,38.431372549019606,56.562,-256,-256,-256,56.531,56.312,57.468,56.062,57.468,2693,1876,8250,OFF,MAXN_SUPER
2026-08-15 23:42:41.953642,12:07:27.720000,21,8,29,7,51,67,0.5522489608232283,0.0019060881853342124,0,76.4,OFF,217600,499200,OFF,537600,OFF,115200,OFF,OFF,OFF,OFF,OFF,38.431372549019606,56.5,-256,-256,-256,56.5,56.375,57.562,56.0,57.562,2654,1876,8211,OFF,MAXN_SUPER
2026-08-15 23:42:42.952155,12:07:28.720000,8,7,26,6,55,62,0.5524810586123942,0.0019718153641388406,0,16.4,OFF,115200,499200,OFF,537600,OFF,115200,OFF,OFF,OFF,OFF,OFF,38.431372549019606,56.468,-256,-256,-256,56.281,56.375,57.562,55.875,57.562,2420,1837,7859,OFF,MAXN_SUPER
2026-08-15 23:42:43.953277,12:07:29.720000,8,21,27,22,54,63,0.5532107288743514,0.0019718153641388406,0,99.5,OFF,115200,499200,OFF,537600,OFF,115200,OFF,OFF,OFF,OFF,OFF,38.431372549019606,56.562,-256,-256,-256,56.75,56.406,57.468,56.093,57.531,2732,1876,8290,OFF,MAXN_SUPER
2026-08-15 23:42:44.953082,12:07:30.720000,24,7,17,11,53,66,0.5387508312130447,0.0019718153641388406,0,14.7,OFF,115200,499200,OFF,537600,OFF,115200,OFF,OFF,OFF,OFF,OFF,38.431372549019606,56.531,-256,-256,-256,56.968,56.343,57.468,55.906,57.468,2732,1873,8329,OFF,MAXN_SUPER
2026-08-15 23:42:45.955727,12:07:31.720000,20,6,18,22,55,63,0.5403703808303658,0.0019718153641388406,0,23.1,OFF,115200,499200,OFF,537600,OFF,115200,OFF,OFF,OFF,OFF,OFF,38.431372549019606,56.656,-256,-256,-256,56.562,56.375,57.437,56.093,57.437,2693,1837,8094,OFF,MAXN_SUPER
2026-08-15 23:42:46.956880,12:07:32.720000,16,8,24,8,55,64,0.542078250845334,0.0019718153641388406,0,78.9,OFF,115200,499200,OFF,537600,OFF,115200,OFF,OFF,OFF,OFF,OFF,38.431372549019606,56.437,-256,-256,-256,56.562,56.531,57.468,55.968,57.468,2615,1876,8133,OFF,MAXN_SUPER
2026-08-15 23:42:47.957318,12:07:33.720000,24,3,11,9,54,64,0.5437357987732707,0.0019718153641388406,0,17.7,OFF,204800,499200,OFF,537600,OFF,115200,OFF,OFF,OFF,OFF,OFF,38.431372549019606,56.75,-256,-256,-256,56.531,56.437,57.5,56.062,57.531,2537,1837,8055,OFF,MAXN_SUPER
2026-08-15 23:42:48.959475,12:07:34.720000,18,6,23,18,62,56,0.5454672893597028,0.0019718153641388406,0,14.8,OFF,115200,499200,OFF,537600,OFF,115200,OFF,OFF,OFF,OFF,OFF,38.431372549019606,56.5,-256,-256,-256,56.343,56.375,57.593,56.156,57.531,2537,1837,7938,OFF,MAXN_SUPER
2026-08-15 23:42:49.960508,12:07:35.720000,8,4,28,8,64,53,0.5469143061072015,0.0019718153641388406,0,99.0,OFF,115200,499200,OFF,537600,OFF,115200,OFF,OFF,OFF,OFF,OFF,38.431372549019606,56.437,-256,-256,-256,56.468,56.406,57.531,56.093,57.531,2615,1837,8133,OFF,MAXN_SUPER
2026-08-15 23:42:50.961823,12:07:36.720000,7,9,28,21,62,53,0.5484054830535237,0.0019718153641388406,0,25.8,OFF,115200,499200,OFF,537600,OFF,115200,OFF,OFF,OFF,OFF,OFF,38.431372549019606,56.5,-256,-256,-256,56.593,56.5,57.531,56.0,57.531,2459,1837,7899,OFF,MAXN_SUPER
2026-08-15 23:42:51.962821,12:07:37.720000,24,7,19,14,64,53,0.5498350411177665,0.0019718153641388406,0,99.4,OFF,115200,499200,OFF,537600,OFF,115200,OFF,OFF,OFF,OFF,OFF,38.431372549019606,56.468,-256,-256,-256,56.562,56.562,57.468,56.031,57.5,2693,1837,8250,OFF,MAXN_SUPER
2026-08-15 23:42:52.964130,12:07:38.720000,10,8,19,13,52,65,0.5514735898903954,0.0019718153641388406,0,16.7,OFF,115200,499200,OFF,537600,OFF,115200,OFF,OFF,OFF,OFF,OFF,38.431372549019606,56.562,-256,-256,-256,56.562,56.562,57.468,56.031,57.562,2537,1837,8055,OFF,MAXN_SUPER
2026-08-15 23:42:53.965106,12:07:39.720000,20,8,15,17,55,62,0.5529185526751581,0.0019718153641388406,0,99.6,OFF,115200,499200,OFF,537600,OFF,115200,OFF,OFF,OFF,OFF,OFF,38.431372549019606,56.781,-256,-256,-256,56.656,56.531,57.562,56.0,57.562,2615,1837,8133,OFF,MAXN_SUPER
2026-08-15 23:42:54.965850,12:07:40.720000,8,8,26,6,54,65,0.5544764834103997,0.0019718153641388406,0,13.9,OFF,115200,499200,OFF,537600,OFF,115200,OFF,OFF,OFF,OFF,OFF,38.431372549019606,56.593,-256,-256,-256,56.75,56.5,57.468,56.125,57.468,2576,1876,8094,OFF,MAXN_SUPER
2026-08-15 23:42:55.967651,12:07:41.720000,14,10,22,28,54,62,0.5558377472136712,0.0019718153641388406,0,99.5,OFF,115200,499200,OFF,537600,OFF,115200,OFF,OFF,OFF,OFF,OFF,38.431372549019606,56.906,-256,-256,-256,56.875,56.531,57.5,56.156,57.5,2732,1837,8250,OFF,MAXN_SUPER
2026-08-15 23:42:56.968909,12:07:42.720000,29,6,15,11,53,65,0.5554372244801549,0.0019718153641388406,0,23.2,OFF,115200,499200,OFF,537600,OFF,115200,OFF,OFF,OFF,OFF,OFF,38.431372549019606,56.687,-256,-256,-256,56.75,56.468,57.625,56.156,57.625,2615,1837,8133,OFF,MAXN_SUPER
2026-08-15 23:42:57.969940,12:07:43.720000,13,18,12,7,55,65,0.5535522001792083,0.0019718153641388406,0,28.5,OFF,115200,499200,OFF,537600,OFF,115200,OFF,OFF,OFF,OFF,OFF,38.431372549019606,56.531,-256,-256,-256,56.625,56.562,57.531,56.125,57.531,2537,1837,7977,OFF,MAXN_SUPER
2026-08-15 23:42:58.971402,12:07:44.720000,32,20,17,26,18,64,0.5552179639580889,0.0019718153641388406,0,24.4,OFF,115200,499200,OFF,537600,OFF,115200,OFF,OFF,OFF,OFF,OFF,38.431372549019606,56.718,-256,-256,-256,56.562,56.468,57.75,56.125,57.75,2654,1837,8133,OFF,MAXN_SUPER
2026-08-15 23:42:59.972064,12:07:45.720000,20,7,22,8,56,65,0.5555430035610579,0.0019718153641388406,0,88.8,OFF,179200,499200,OFF,537600,OFF,115200,OFF,OFF,OFF,OFF,OFF,38.431372549019606,56.781,-256,-256,-256,56.906,56.5,57.687,56.156,57.687,2693,1876,8211,OFF,MAXN_SUPER
2026-08-15 23:43:00.974022,12:07:46.720000,26,6,21,8,52,66,0.5549216798334237,0.0019718153641388406,0,20.9,OFF,140800,499200,OFF,537600,OFF,115200,OFF,OFF,OFF,OFF,OFF,38.431372549019606,56.718,-256,-256,-256,57.0,56.625,57.812,56.218,57.562,2732,1876,8290,OFF,MAXN_SUPER
2026-08-15 23:43:01.974962,12:07:47.720000,13,6,29,6,55,65,0.551083850461243,0.0019718153641388406,0,20.2,OFF,115200,499200,OFF,537600,OFF,115200,OFF,OFF,OFF,OFF,OFF,38.431372549019606,56.781,-256,-256,-256,56.812,56.531,57.687,56.218,57.687,2576,1837,8094,OFF,MAXN_SUPER
2026-08-15 23:43:02.975628,12:07:48.720000,8,7,24,11,53,64,0.5498596886705983,0.0019718153641388406,0,99.5,OFF,115200,499200,OFF,537600,OFF,115200,OFF,OFF,OFF,OFF,OFF,38.431372549019606,56.968,-256,-256,-256,56.75,56.656,57.593,56.218,57.687,2576,1876,8094,OFF,MAXN_SUPER
2026-08-15 23:43:03.977269,12:07:49.720000,21,6,21,14,53,63,0.5513354608964007,0.0019718153641388406,0,9.9,OFF,115200,499200,OFF,537600,OFF,115200,OFF,OFF,OFF,OFF,OFF,38.431372549019606,56.687,-256,-256,-256,57.031,56.656,57.687,56.156,57.718,2576,1837,8055,OFF,MAXN_SUPER
2026-08-15 23:43:04.977940,12:07:50.720000,17,6,18,6,55,63,0.5529750366503976,0.0019718153641388406,0,99.5,OFF,115200,499200,OFF,537600,OFF,115200,OFF,OFF,OFF,OFF,OFF,38.431372549019606,56.781,-256,-256,-256,56.625,56.625,57.593,56.187,57.593,2576,1837,8055,OFF,MAXN_SUPER
2026-08-15 23:43:05.978386,12:07:51.720000,28,10,25,38,43,51,0.5549160314358996,0.0019718153641388406,0,99.6,OFF,115200,499200,OFF,537600,OFF,115200,OFF,OFF,OFF,OFF,OFF,38.431372549019606,56.906,-256,-256,-256,56.906,56.656,57.781,56.218,57.781,2849,1873,8407,OFF,MAXN_SUPER
2026-08-15 23:43:06.979810,12:07:52.720000,21,24,18,47,56,27,0.5566963036373113,0.0019718153641388406,0,14.5,OFF,115200,499200,OFF,537600,OFF,115200,OFF,OFF,OFF,OFF,OFF,38.431372549019606,56.875,-256,-256,-256,57.093,56.593,57.687,56.312,57.687,2962,1912,8641,OFF,MAXN_SUPER
2026-08-15 23:43:07.980360,12:07:53.720000,21,11,15,51,60,18,0.5566624132521676,0.0020375425429434687,0,25.1,OFF,115200,499200,OFF,537600,OFF,115200,OFF,OFF,OFF,OFF,OFF,38.431372549019606,56.781,-256,-256,-256,56.781,56.625,57.656,56.218,57.656,2693,1876,8250,OFF,MAXN_SUPER
2026-08-15 23:43:08.982624,12:07:54.720000,21,8,17,25,56,61,0.5569581838861488,0.0020375425429434687,0,99.5,OFF,115200,499200,OFF,537600,OFF,115200,OFF,OFF,OFF,OFF,OFF,38.431372549019606,56.687,-256,-256,-256,56.968,56.718,57.718,56.281,57.718,2654,1876,8172,OFF,MAXN_SUPER
2026-08-15 23:43:09.983404,12:07:55.720000,20,14,11,29,43,67,0.5562269731521395,0.0021032697217480967,0,99.6,OFF,115200,499200,OFF,537600,OFF,115200,OFF,OFF,OFF,OFF,OFF,38.431372549019606,57.156,-256,-256,-256,57.125,56.781,57.75,56.281,57.687,2693,1876,8211,OFF,MAXN_SUPER
2026-08-15 23:43:10.985576,12:07:56.720000,23,9,6,31,54,62,0.5571065826938235,0.0021032697217480967,0,20.9,OFF,217600,499200,OFF,537600,OFF,115200,OFF,OFF,OFF,OFF,OFF,38.431372549019606,56.781,-256,-256,-256,56.937,56.75,57.718,56.125,57.75,2537,1837,7977,OFF,MAXN_SUPER
2026-08-15 23:43:11.986242,12:07:57.720000,7,8,28,11,55,64,0.5562341620217155,0.0021689969005527247,0,35.4,OFF,115200,499200,OFF,537600,OFF,115200,OFF,OFF,OFF,OFF,OFF,38.431372549019606,56.75,-256,-256,-256,56.75,56.75,57.75,56.312,57.75,2654,1837,8133,OFF,MAXN_SUPER
2026-08-15 23:43:12.987413,12:07:58.720000,11,25,8,12,53,65,0.5457430338570083,0.0021689969005527247,0,74.1,OFF,115200,499200,OFF,537600,OFF,115200,OFF,OFF,OFF,OFF,OFF,38.431372549019606,56.812,-256,-256,-256,57.343,56.687,57.812,56.312,57.812,2654,1876,8211,OFF,MAXN_SUPER
2026-08-15 23:43:13.988701,12:07:59.720000,20,19,12,13,55,62,0.5473256121450817,0.0021689969005527247,0,10.7,OFF,128000,499200,OFF,537600,OFF,115200,OFF,OFF,OFF,OFF,OFF,38.431372549019606,57.031,-256,-256,-256,57.0,56.75,57.75,56.25,57.75,2654,1837,8133,OFF,MAXN_SUPER
2026-08-15 23:43:14.989391,12:08:00.720000,7,23,15,5,55,63,0.5490334821600499,0.0021689969005527247,0,99.4,OFF,115200,499200,OFF,537600,OFF,115200,OFF,OFF,OFF,OFF,OFF,38.431372549019606,56.687,-256,-256,-256,56.656,56.718,57.781,56.281,57.781,2537,1876,8094,OFF,MAXN_SUPER
2026-08-15 23:43:15.991160,12:08:01.720000,29,13,28,6,41,63,0.5507213260383423,0.0021689969005527247,0,25.9,OFF,115200,499200,OFF,537600,OFF,115200,OFF,OFF,OFF,OFF,OFF,38.431372549019606,56.718,-256,-256,-256,56.875,56.656,57.812,56.375,57.812,2537,1837,7977,OFF,MAXN_SUPER
2026-08-15 23:43:16.991370,12:08:02.730000,40,48,40,44,28,51,0.5545067793607554,0.0021689969005527247,0,66.2,OFF,115200,499200,OFF,537600,OFF,115200,OFF,OFF,OFF,OFF,OFF,38.431372549019606,57.281,-256,-256,-256,57.625,56.875,57.843,56.625,57.843,3813,2026,9838,OFF,MAXN_SUPER
2026-08-15 23:43:17.993325,12:08:03.730000,39,33,18,29,48,19,0.5250231712671153,0.0021689969005527247,0,24.0,OFF,115200,499200,OFF,537600,OFF,115200,OFF,OFF,OFF,OFF,OFF,38.431372549019606,57.062,-256,-256,-256,57.125,56.781,57.937,56.593,57.937,2962,1912,8563,OFF,MAXN_SUPER
2026-08-15 23:43:18.994867,12:08:04.730000,34,36,6,48,34,31,0.5272840707487464,0.0021689969005527247,0,99.5,OFF,115200,499200,OFF,537600,OFF,115200,OFF,OFF,OFF,OFF,OFF,38.431372549019606,57.062,-256,-256,-256,57.25,56.843,57.937,56.5,57.937,2962,1912,8602,OFF,MAXN_SUPER
2026-08-15 23:43:19.994915,12:08:05.730000,14,19,12,56,34,41,0.5293061970623198,0.0021689969005527247,0,83.3,OFF,115200,499200,OFF,537600,OFF,115200,OFF,OFF,OFF,OFF,OFF,38.431372549019606,57.062,-256,-256,-256,57.031,56.781,58.0,56.437,57.968,2615,1837,8094,OFF,MAXN_SUPER
2026-08-15 23:43:20.996719,12:08:06.730000,24,22,25,24,20,61,0.5311491151271788,0.0021689969005527247,0,66.2,OFF,115200,499200,OFF,537600,OFF,115200,OFF,OFF,OFF,OFF,OFF,38.431372549019606,56.875,-256,-256,-256,57.093,56.812,57.875,56.5,57.906,2576,1837,8055,OFF,MAXN_SUPER
2026-08-15 23:43:21.997919,12:08:07.730000,9,30,52,10,4,62,0.5328862541111348,0.0021689969005527247,0,99.6,OFF,115200,499200,OFF,537600,OFF,115200,OFF,OFF,OFF,OFF,OFF,41.1764705882353,57.093,-256,-256,-256,57.031,56.937,57.843,56.5,57.843,2654,1916,8329,OFF,MAXN_SUPER
2026-08-15 23:43:22.998473,12:08:08.730000,48,19,19,17,10,63,0.5343959167220809,0.0021689969005527247,0,30.8,OFF,217600,499200,OFF,537600,OFF,115200,OFF,OFF,OFF,OFF,OFF,41.1764705882353,56.968,-256,-256,-256,56.687,56.812,57.937,56.531,57.937,2576,1837,8016,OFF,MAXN_SUPER
2026-08-15 23:43:24.000184,12:08:09.730000,8,36,38,19,18,65,0.5361802968489644,0.0021689969005527247,0,64.9,OFF,115200,499200,OFF,537600,OFF,115200,OFF,OFF,OFF,OFF,OFF,41.1764705882353,57.25,-256,-256,-256,57.062,56.906,57.906,56.437,57.906,2654,1837,8094,OFF,MAXN_SUPER
2026-08-15 23:43:25.001118,12:08:10.740000,16,16,46,17,13,64,0.5377377140935221,0.0021689969005527247,0,98.5,OFF,115200,499200,OFF,537600,OFF,115200,OFF,OFF,OFF,OFF,OFF,41.1764705882353,56.937,-256,-256,-256,56.968,56.968,57.875,56.437,57.875,2615,1916,8211,OFF,MAXN_SUPER
2026-08-15 23:43:26.001723,12:08:11.740000,22,18,31,17,31,62,0.5395025815744138,0.0021689969005527247,0,10.7,OFF,115200,499200,OFF,537600,OFF,115200,OFF,OFF,OFF,OFF,OFF,41.1764705882353,57.25,-256,-256,-256,56.968,56.906,57.906,56.468,57.937,2576,1876,8133,OFF,MAXN_SUPER
2026-08-15 23:43:27.003840,12:08:12.740000,17,18,46,22,6,63,0.5409629490796963,0.0021689969005527247,0,84.6,OFF,115200,499200,OFF,537600,OFF,115200,OFF,OFF,OFF,OFF,OFF,41.1764705882353,57.031,-256,-256,-256,56.812,56.843,58.062,56.406,58.062,2459,1837,7938,OFF,MAXN_SUPER
2026-08-15 23:43:28.004978,12:08:13.740000,20,10,48,28,22,60,0.5426687651319286,0.0021689969005527247,0,99.5,OFF,281600,499200,OFF,537600,OFF,115200,OFF,OFF,OFF,OFF,OFF,41.1764705882353,57.281,-256,-256,-256,57.093,56.843,57.875,56.5,57.875,2884,1873,8485,OFF,MAXN_SUPER
2026-08-15 23:43:29.004802,12:08:14.740000,16,16,23,25,44,64,0.544582031420495,0.0021689969005527247,0,17.7,OFF,204800,499200,OFF,537600,OFF,115200,OFF,OFF,OFF,OFF,OFF,41.1764705882353,57.187,-256,-256,-256,57.093,56.968,57.937,56.531,57.937,2771,1873,8329,OFF,MAXN_SUPER
2026-08-15 23:43:30.005781,12:08:15.740000,8,8,16,33,56,63,0.5459484301306063,0.0021689969005527247,0,63.1,OFF,140800,499200,OFF,537600,OFF,115200,OFF,OFF,OFF,OFF,OFF,41.1764705882353,56.968,-256,-256,-256,57.031,56.875,57.968,56.562,57.968,2576,1837,8016,OFF,MAXN_SUPER
2026-08-15 23:43:31.008747,12:08:16.740000,13,16,35,17,32,65,0.5476552731642066,0.0021689969005527247,0,99.4,OFF,115200,499200,OFF,537600,OFF,115200,OFF,OFF,OFF,OFF,OFF,41.1764705882353,56.875,-256,-256,-256,56.968,56.843,57.906,56.5,57.968,2654,1876,8133,OFF,MAXN_SUPER
2026-08-15 23:43:32.008376,12:08:17.740000,17,27,49,10,18,47,0.5492794441976836,0.0021689969005527247,0,26.5,OFF,115200,499200,OFF,537600,OFF,115200,OFF,OFF,OFF,OFF,OFF,41.1764705882353,57.0,-256,-256,-256,57.125,56.843,57.937,56.562,57.937,2693,1876,8290,OFF,MAXN_SUPER
2026-08-15 23:43:33.011975,12:08:18.740000,11,25,51,26,7,62,0.5506206818642793,0.0021689969005527247,0,47.6,OFF,115200,499200,OFF,537600,OFF,115200,OFF,OFF,OFF,OFF,OFF,41.1764705882353,57.031,-256,-256,-256,56.906,56.937,57.906,56.5,57.906,2576,1837,8016,OFF,MAXN_SUPER
2026-08-15 23:43:34.011283,12:08:19.750000,18,34,11,24,42,52,0.5529139312590021,0.0021689969005527247,0,17.8,OFF,115200,499200,OFF,537600,OFF,115200,OFF,OFF,OFF,OFF,OFF,41.1764705882353,57.0,-256,-256,-256,56.843,56.968,57.937,56.406,57.937,2615,1837,8133,OFF,MAXN_SUPER
2026-08-15 23:43:35.012619,12:08:20.750000,8,16,64,24,0,54,0.5544903476588676,0.0021689969005527247,0,10.6,OFF,OFF,499200,OFF,537600,OFF,115200,OFF,OFF,OFF,OFF,OFF,41.1764705882353,57.093,-256,-256,-256,57.218,56.843,57.906,56.437,57.906,2576,1837,8094,OFF,MAXN_SUPER
2026-08-15 23:43:36.013480,12:08:21.750000,33,34,30,21,3,56,0.5562439183447114,0.0021689969005527247,0,19.4,OFF,OFF,499200,OFF,537600,OFF,115200,OFF,OFF,OFF,OFF,OFF,41.1764705882353,56.781,-256,-256,-256,57.187,56.937,57.843,56.468,57.843,2537,1837,8016,OFF,MAXN_SUPER
2026-08-15 23:43:37.015094,12:08:22.750000,20,64,3,8,7,52,0.5578696298502405,0.0021689969005527247,0,17.5,OFF,OFF,499200,OFF,537600,OFF,115200,OFF,OFF,OFF,OFF,OFF,41.1764705882353,57.093,-256,-256,-256,57.062,56.812,57.875,56.437,57.875,2537,1798,8016,OFF,MAXN_SUPER
2026-08-15 23:43:38.016441,12:08:23.750000,19,7,5,19,65,55,0.5593140791443191,0.0021689969005527247,0,17.2,OFF,OFF,499200,OFF,537600,OFF,115200,OFF,OFF,OFF,OFF,OFF,41.1764705882353,56.968,-256,-256,-256,57.031,56.875,57.937,56.468,57.937,2498,1798,7899,OFF,MAXN_SUPER
2026-08-15 23:43:39.018653,12:08:24.750000,8,16,4,7,61,59,0.5510941202749229,0.0021689969005527247,0,23.1,OFF,OFF,499200,OFF,537600,OFF,115200,OFF,OFF,OFF,OFF,OFF,41.1764705882353,56.781,-256,-256,-256,56.781,56.875,58.031,56.406,58.031,2381,1798,7781,OFF,MAXN_SUPER
2026-08-15 23:43:40.018385,12:08:25.750000,8,11,18,7,43,14,0.5453342952725481,0.0021689969005527247,0,0.0,OFF,OFF,499200,OFF,537600,OFF,115200,OFF,OFF,OFF,OFF,OFF,39.6078431372549,56.593,-256,-256,-256,56.343,56.75,57.937,56.281,57.937,1100,1414,5431,OFF,MAXN_SUPER
2026-08-15 23:43:41.019817,12:08:26.750000,12,10,27,9,11,8,0.5457830861303599,0.0021689969005527247,0,0.0,OFF,OFF,499200,OFF,537600,OFF,115200,OFF,OFF,OFF,OFF,OFF,39.6078431372549,56.437,-256,-256,-256,56.531,56.75,57.875,56.125,57.875,788,1340,4896,OFF,MAXN_SUPER
2026-08-15 23:43:42.020801,12:08:27.760000,6,4,3,6,0,0,0.5456850094097168,0.0021689969005527247,0,0.0,OFF,OFF,499200,OFF,537600,OFF,115200,OFF,OFF,OFF,OFF,OFF,39.6078431372549,56.375,-256,-256,-256,56.156,56.687,57.781,56.031,57.781,592,1344,4627,OFF,MAXN_SUPER
2026-08-15 23:43:43.022126,12:08:28.760000,5,2,17,3,0,0,0.545661388838253,0.0021689969005527247,0,0.0,OFF,OFF,499200,OFF,537600,OFF,115200,OFF,OFF,OFF,OFF,OFF,39.6078431372549,56.468,-256,-256,-256,55.968,56.625,57.781,55.906,57.781,631,1342,4667,OFF,MAXN_SUPER
2026-08-15 23:43:44.022630,12:08:29.760000,3,5,19,3,0,3,0.5457394394222203,0.0021689969005527247,0,0.0,OFF,OFF,499200,OFF,537600,OFF,115200,OFF,OFF,OFF,OFF,OFF,39.6078431372549,56.281,-256,-256,-256,56.062,56.593,57.593,55.843,57.593,631,1342,4667,OFF,MAXN_SUPER
2026-08-15 23:43:45.026316,12:08:30.760000,11,5,3,5,1,0,0.5458678120932191,0.0021689969005527247,0,0.0,OFF,OFF,499200,OFF,537600,OFF,115200,OFF,OFF,OFF,OFF,OFF,39.6078431372549,56.406,-256,-256,-256,55.812,56.406,57.593,55.875,57.593,631,1342,4706,OFF,MAXN_SUPER
2026-08-15 23:43:46.025723,12:08:31.760000,8,7,4,4,3,0,0.5459309714473505,0.0021689969005527247,0,0.0,OFF,OFF,499200,OFF,537600,OFF,115200,OFF,OFF,OFF,OFF,OFF,39.6078431372549,56.218,-256,-256,-256,55.718,56.375,57.75,55.75,57.562,593,1344,4588,OFF,MAXN_SUPER
2026-08-15 23:43:47.028054,12:08:32.760000,5,3,4,3,3,0,0.5459628078697583,0.0021689969005527247,0,0.0,OFF,OFF,499200,OFF,537600,OFF,115200,OFF,OFF,OFF,OFF,OFF,39.6078431372549,56.031,-256,-256,-256,55.656,56.343,57.593,55.687,57.593,592,1344,4627,OFF,MAXN_SUPER
2026-08-15 23:43:48.028937,12:08:33.760000,6,2,17,2,3,1,0.5459278905032465,0.0021689969005527247,0,0.0,OFF,OFF,499200,OFF,537600,OFF,115200,OFF,OFF,OFF,OFF,OFF,39.6078431372549,56.062,-256,-256,-256,55.593,56.281,57.5,55.687,57.5,592,1344,4627,OFF,MAXN_SUPER
2026-08-15 23:43:49.028052,12:08:34.760000,2,2,3,4,3,1,0.5459602404163383,0.0021689969005527247,0,0.0,OFF,OFF,499200,OFF,537600,OFF,115200,OFF,OFF,OFF,OFF,OFF,39.6078431372549,55.906,-256,-256,-256,55.593,56.218,57.468,55.531,57.468,553,1344,4595,OFF,MAXN_SUPER
2026-08-15 23:43:50.031220,12:08:35.760000,15,2,4,3,0,1,0.5459602404163383,0.0021689969005527247,0,0.0,OFF,OFF,499200,OFF,537600,OFF,115200,OFF,OFF,OFF,OFF,OFF,39.6078431372549,55.906,-256,-256,-256,55.812,56.25,57.281,55.625,57.281,670,1342,4699,OFF,MAXN_SUPER
2026-08-15 23:43:51.032694,12:08:36.770000,34,3,4,8,0,0,0.5378291154352732,0.0021689969005527247,0,0.0,OFF,OFF,499200,OFF,537600,OFF,115200,OFF,OFF,OFF,OFF,OFF,39.6078431372549,56.062,-256,-256,-256,55.593,56.125,57.25,55.593,57.25,708,1340,4809,OFF,MAXN_SUPER
2026-08-15 23:43:52.031852,12:08:37.770000,31,3,6,2,2,0,0.5377572267395139,0.0021689969005527247,0,0.0,OFF,OFF,499200,OFF,537600,OFF,115200,OFF,OFF,OFF,OFF,OFF,39.6078431372549,55.781,-256,-256,-256,55.531,56.062,57.25,55.406,57.25,709,1342,4778,OFF,MAXN_SUPER
2026-08-15 23:43:53.033386,12:08:38.770000,38,4,4,3,0,0,0.5378250075098012,0.0021689969005527247,0,0.0,OFF,OFF,499200,OFF,537600,OFF,115200,OFF,OFF,OFF,OFF,OFF,39.6078431372549,56.281,-256,-256,-256,55.531,56.031,57.218,55.468,57.218,749,1340,4817,OFF,MAXN_SUPER
2026-08-15 23:43:54.035204,12:08:39.770000,22,9,3,3,6,31,0.5376689063418667,0.0021689969005527247,0,0.0,OFF,OFF,499200,OFF,537600,OFF,115200,OFF,OFF,OFF,OFF,OFF,37.64705882352941,55.781,-256,-256,-256,55.468,55.906,57.218,55.343,57.218,944,1338,5085,OFF,MAXN_SUPER
2026-08-15 23:43:55.036146,12:08:40.770000,10,24,7,4,1,27,0.5416623233912978,0.0021689969005527247,0,0.0,OFF,OFF,499200,OFF,537600,OFF,115200,OFF,OFF,OFF,OFF,OFF,37.64705882352941,55.812,-256,-256,-256,55.312,55.875,57.125,55.281,57.031,826,1340,4967,OFF,MAXN_SUPER
2026-08-15 23:43:56.035495,12:08:41.770000,18,23,24,15,8,14,0.5582948001365885,0.0022347240793573527,0,99.7,OFF,115200,499200,OFF,537600,OFF,115200,OFF,OFF,OFF,OFF,OFF,37.64705882352941,56.031,-256,-256,-256,56.468,55.812,57.156,55.343,57.156,2036,1647,7100,OFF,MAXN_SUPER
2026-08-15 23:43:57.038407,12:08:42.770000,40,39,47,44,38,38,0.5627893840935991,0.0022347240793573527,0,99.6,OFF,115200,499200,OFF,537600,OFF,115200,OFF,OFF,OFF,OFF,OFF,37.64705882352941,56.843,-256,-256,-256,57.625,56.125,57.312,56.25,57.625,5759,2714,13169,OFF,MAXN_SUPER
2026-08-15 23:43:58.039434,12:08:43.770000,9,16,48,20,49,16,0.5657686570421396,0.0022347240793573527,0,99.7,OFF,115200,499200,OFF,537600,OFF,115200,OFF,OFF,OFF,OFF,OFF,39.21568627450981,57.187,-256,-256,-256,58.218,56.468,57.468,56.375,58.218,5634,3678,14078,OFF,MAXN_SUPER
2026-08-15 23:43:59.039399,12:08:44.770000,45,3,20,25,25,44,0.5656269336133569,0.0022347240793573527,0,99.8,OFF,115200,499200,OFF,537600,OFF,115200,OFF,OFF,OFF,OFF,OFF,39.21568627450981,57.25,-256,-256,-256,58.312,56.625,57.781,56.781,58.531,5827,3872,14365,OFF,MAXN_SUPER
2026-08-15 23:44:00.042511,12:08:45.780000,48,13,13,15,2,60,0.5672572665350419,0.0022347240793573527,0,99.7,OFF,179200,499200,OFF,537600,OFF,115200,OFF,OFF,OFF,OFF,OFF,41.1764705882353,57.312,-256,-256,-256,58.562,56.812,57.781,56.843,58.562,5971,3981,14829,OFF,MAXN_SUPER
2026-08-15 23:44:01.043218,12:08:46.780000,35,18,18,19,27,43,0.5683078684744962,0.0022347240793573527,0,99.7,OFF,115200,499200,OFF,537600,OFF,115200,OFF,OFF,OFF,OFF,OFF,41.1764705882353,57.687,-256,-256,-256,58.687,56.906,57.937,57.093,59.0,6318,3942,15100,OFF,MAXN_SUPER
2026-08-15 23:44:02.043951,12:08:47.780000,14,10,12,49,4,65,0.5694719518551135,0.0022347240793573527,0,99.5,OFF,115200,499200,OFF,537600,OFF,115200,OFF,OFF,OFF,OFF,OFF,41.1764705882353,57.843,-256,-256,-256,58.718,57.156,57.968,57.187,58.812,6203,3904,14907,OFF,MAXN_SUPER
2026-08-15 23:44:03.045379,12:08:48.780000,7,6,13,48,27,50,0.5706817359066063,0.0022347240793573527,0,99.5,OFF,115200,499200,OFF,537600,OFF,115200,OFF,OFF,OFF,OFF,OFF,41.1764705882353,58.062,-256,-256,-256,58.593,57.25,58.156,57.343,58.593,5827,3865,14403,OFF,MAXN_SUPER
2026-08-15 23:44:04.046213,12:08:49.780000,20,5,10,48,17,66,0.5717128252000688,0.0022347240793573527,0,99.7,OFF,204800,499200,OFF,537600,OFF,115200,OFF,OFF,OFF,OFF,OFF,41.1764705882353,58.062,-256,-256,-256,58.937,57.437,58.312,57.5,58.937,5827,3865,14481,OFF,MAXN_SUPER
2026-08-15 23:44:05.047400,12:08:50.780000,46,6,12,9,14,65,0.5727151590152275,0.0022347240793573527,0,99.8,OFF,115200,499200,OFF,537600,OFF,115200,OFF,OFF,OFF,OFF,OFF,41.1764705882353,58.218,-256,-256,-256,59.468,57.593,58.437,57.593,59.468,5865,3904,14597,OFF,MAXN_SUPER
2026-08-15 23:44:06.047160,12:08:51.780000,42,6,11,25,14,69,0.5738212179485533,0.0022347240793573527,0,99.6,OFF,115200,499200,OFF,537600,OFF,115200,OFF,OFF,OFF,OFF,OFF,42.745098039215684,58.281,-256,-256,-256,59.468,57.625,58.531,57.718,59.093,6203,3904,14984,OFF,MAXN_SUPER
2026-08-15 23:44:07.049147,12:08:52.780000,19,14,38,6,12,58,0.5752127777021805,0.0022347240793573527,0,73.8,OFF,115200,499200,OFF,537600,OFF,115200,OFF,OFF,OFF,OFF,OFF,42.745098039215684,58.656,-256,-256,-256,59.093,57.781,58.687,57.875,59.093,6241,3904,14945,OFF,MAXN_SUPER
2026-08-15 23:44:08.050626,12:08:53.780000,27,41,7,6,28,47,0.576139628386792,0.0022347240793573527,0,7.8,OFF,115200,499200,OFF,537600,OFF,115200,OFF,OFF,OFF,OFF,OFF,42.745098039215684,58.718,-256,-256,-256,58.937,57.906,58.781,57.875,58.937,5943,3788,14403,OFF,MAXN_SUPER
2026-08-15 23:44:09.052704,12:08:54.790000,27,19,4,23,28,58,0.5771737986243585,0.0022347240793573527,0,23.8,OFF,115200,499200,OFF,537600,OFF,115200,OFF,OFF,OFF,OFF,OFF,42.745098039215684,58.562,-256,-256,-256,59.125,57.937,58.812,58.062,59.125,5557,3755,13923,OFF,MAXN_SUPER
2026-08-15 23:44:10.053304,12:08:55.790000,37,16,3,10,14,66,0.5784313373094628,0.0022347240793573527,0,82.8,OFF,128000,499200,OFF,537600,OFF,115200,OFF,OFF,OFF,OFF,OFF,42.745098039215684,58.875,-256,-256,-256,59.562,58.125,58.843,58.0,59.562,5673,3833,14132,OFF,MAXN_SUPER
2026-08-15 23:44:11.053285,12:08:56.790000,47,19,5,11,13,65,0.5794726964166053,0.0022347240793573527,0,99.6,OFF,115200,499200,OFF,537600,OFF,115200,OFF,OFF,OFF,OFF,OFF,42.745098039215684,58.812,-256,-256,-256,59.937,58.218,58.937,58.218,60.125,5856,3904,14558,OFF,MAXN_SUPER
2026-08-15 23:44:12.055100,12:08:57.790000,48,7,7,11,12,66,0.5804580850391922,0.0022347240793573527,0,99.7,OFF,204800,499200,OFF,537600,OFF,115200,OFF,OFF,OFF,OFF,OFF,42.745098039215684,58.937,-256,-256,-256,60.062,58.25,59.25,58.25,60.062,5779,3904,14520,OFF,MAXN_SUPER
2026-08-15 23:44:13.056541,12:08:58.790000,49,16,5,11,11,66,0.5816257628545974,0.0022347240793573527,0,99.7,OFF,115200,499200,OFF,537600,OFF,115200,OFF,OFF,OFF,OFF,OFF,42.745098039215684,59.187,-256,-256,-256,60.343,58.375,59.281,58.562,60.343,6395,4013,15307,OFF,MAXN_SUPER
2026-08-15 23:44:14.057563,12:08:59.790000,23,22,12,46,26,52,0.5671684326467107,0.0022347240793573527,0,8.6,OFF,115200,499200,OFF,537600,OFF,115200,OFF,OFF,OFF,OFF,OFF,44.31372549019608,59.437,-256,-256,-256,59.875,58.468,59.468,58.531,59.875,6434,3897,15191,OFF,MAXN_SUPER
2026-08-15 23:44:15.058946,12:09:00.790000,24,31,26,23,40,7,0.5686508802514051,0.0022347240793573527,0,99.8,OFF,115200,499200,OFF,537600,OFF,115200,OFF,OFF,OFF,OFF,OFF,44.31372549019608,59.343,-256,-256,-256,60.906,58.656,59.5,58.812,60.625,6615,4013,15655,OFF,MAXN_SUPER
2026-08-15 23:44:16.060332,12:09:01.790000,31,17,13,33,33,34,0.5699351204520772,0.0022347240793573527,0,99.7,OFF,115200,499200,OFF,537600,OFF,115200,OFF,OFF,OFF,OFF,OFF,44.31372549019608,59.406,-256,-256,-256,60.406,58.875,59.562,58.75,60.406,5827,3865,14442,OFF,MAXN_SUPER
2026-08-15 23:44:17.060851,12:09:02.800000,42,10,31,10,4,48,0.5710976633606425,0.0022347240793573527,0,99.8,OFF,115200,499200,OFF,537600,OFF,115200,OFF,OFF,OFF,OFF,OFF,44.31372549019608,59.312,-256,-256,-256,60.625,58.843,59.531,58.75,60.531,5711,3826,14248,OFF,MAXN_SUPER
2026-08-15 23:44:18.062277,12:09:03.800000,9,27,19,8,41,51,0.5721949929523403,0.0022347240793573527,0,17.9,OFF,115200,499200,OFF,537600,OFF,115200,OFF,OFF,OFF,OFF,OFF,44.31372549019608,59.5,-256,-256,-256,60.437,59.0,59.656,58.968,60.593,5595,3794,14055,OFF,MAXN_SUPER
2026-08-15 23:44:19.063427,12:09:04.800000,6,51,22,6,4,66,0.5732954034881422,0.0022347240793573527,0,10.1,OFF,115200,499200,OFF,537600,OFF,115200,OFF,OFF,OFF,OFF,OFF,44.31372549019608,59.406,-256,-256,-256,60.218,59.031,59.75,58.906,60.218,5480,3755,13823,OFF,MAXN_SUPER
2026-08-15 23:44:20.064418,12:09:05.800000,48,3,11,10,46,28,0.5742546040858454,0.0022347240793573527,0,12.3,OFF,115200,499200,OFF,537600,OFF,115200,OFF,OFF,OFF,OFF,OFF,44.31372549019608,59.906,-256,-256,-256,60.187,59.062,59.781,59.031,60.187,5441,3755,13807,OFF,MAXN_SUPER
2026-08-15 23:44:21.065677,12:09:06.800000,46,45,17,20,15,13,0.572996038419373,0.0022347240793573527,0,9.5,OFF,166400,499200,OFF,537600,OFF,115200,OFF,OFF,OFF,OFF,OFF,44.31372549019608,60.125,-256,-256,-256,60.968,59.187,59.968,59.218,60.968,6087,3865,14752,OFF,MAXN_SUPER
2026-08-15 23:44:22.066930,12:09:07.800000,8,17,24,43,10,45,0.5746618021982536,0.0022347240793573527,0,99.7,OFF,115200,499200,OFF,537600,OFF,115200,OFF,OFF,OFF,OFF,OFF,44.31372549019608,60.031,-256,-256,-256,61.25,59.187,59.937,59.343,61.25,6654,4013,15617,OFF,MAXN_SUPER
2026-08-15 23:44:23.067298,12:09:08.800000,58,7,9,15,16,48,0.5760528484611968,0.0022347240793573527,0,99.7,OFF,115200,499200,OFF,537600,OFF,115200,OFF,OFF,OFF,OFF,OFF,44.31372549019608,59.906,-256,-256,-256,61.156,59.5,60.125,59.375,61.156,6164,3865,14829,OFF,MAXN_SUPER
2026-08-15 23:44:24.067976,12:09:09.800000,9,26,28,32,25,26,0.5773381156432369,0.0022347240793573527,0,99.7,OFF,115200,499200,OFF,537600,OFF,115200,OFF,OFF,OFF,OFF,OFF,44.31372549019608,60.281,-256,-256,-256,61.406,59.468,60.218,59.562,61.406,6395,3936,15114,OFF,MAXN_SUPER
2026-08-15 23:44:25.070194,12:09:10.800000,24,27,33,20,20,34,0.578634679620325,0.0022347240793573527,0,99.7,OFF,115200,499200,OFF,537600,OFF,115200,OFF,OFF,OFF,OFF,OFF,44.31372549019608,60.656,-256,-256,-256,61.625,59.687,60.437,59.625,61.625,6577,4013,15385,OFF,MAXN_SUPER
2026-08-15 23:44:26.071380,12:09:11.810000,5,16,13,17,59,48,0.5799148118955252,0.0022347240793573527,0,15.3,OFF,115200,499200,OFF,537600,OFF,115200,OFF,OFF,OFF,OFF,OFF,46.27450980392157,60.187,-256,-256,-256,61.312,59.687,60.5,59.718,61.312,6164,3865,14713,OFF,MAXN_SUPER
2026-08-15 23:44:27.072403,12:09:12.810000,18,6,19,16,62,44,0.5810799222575105,0.0022347240793573527,0,14.0,OFF,115200,499200,OFF,537600,OFF,115200,OFF,OFF,OFF,OFF,OFF,46.27450980392157,60.375,-256,-256,-256,61.562,59.875,60.437,59.812,61.562,6087,3826,14636,OFF,MAXN_SUPER
2026-08-15 23:44:28.073800,12:09:13.810000,11,18,10,10,57,53,0.581991881712286,0.0022347240793573527,0,12.7,OFF,115200,499200,OFF,537600,OFF,115200,OFF,OFF,OFF,OFF,OFF,46.27450980392157,60.312,-256,-256,-256,60.906,59.875,60.562,59.75,60.906,5634,3755,13977,OFF,MAXN_SUPER
2026-08-15 23:44:29.075034,12:09:14.810000,7,13,4,13,66,46,0.5829449204217813,0.0022347240793573527,0,35.7,OFF,115200,499200,OFF,537600,OFF,115200,OFF,OFF,OFF,OFF,OFF,46.27450980392157,60.5,-256,-256,-256,61.125,59.937,60.593,59.812,61.125,5518,3755,13861,OFF,MAXN_SUPER
2026-08-15 23:44:30.075893,12:09:15.810000,7,12,5,11,67,46,0.58394725423694,0.0022347240793573527,0,56.1,OFF,115200,499200,OFF,537600,OFF,115200,OFF,OFF,OFF,OFF,OFF,46.27450980392157,60.5,-256,-256,-256,61.031,60.0,60.625,59.843,61.031,5595,3788,14094,OFF,MAXN_SUPER
2026-08-15 23:44:31.077285,12:09:16.810000,18,22,21,9,47,59,0.5849819379651905,0.0022347240793573527,0,99.8,OFF,115200,499200,OFF,537600,OFF,115200,OFF,OFF,OFF,OFF,OFF,46.27450980392157,60.656,-256,-256,-256,62.062,60.031,60.875,60.062,62.062,5933,3942,14791,OFF,MAXN_SUPER
2026-08-15 23:44:32.078857,12:09:17.810000,15,6,11,15,55,47,0.586113671432716,0.0022347240793573527,0,99.6,OFF,115200,499200,OFF,537600,OFF,115200,OFF,OFF,OFF,OFF,OFF,46.27450980392157,60.781,-256,-256,-256,61.718,60.062,60.875,60.156,61.718,6203,3936,15075,OFF,MAXN_SUPER
2026-08-15 23:44:33.079184,12:09:18.810000,15,20,9,4,63,47,0.5871807050740582,0.0022347240793573527,0,99.5,OFF,115200,499200,OFF,537600,OFF,115200,OFF,OFF,OFF,OFF,OFF,46.27450980392157,60.812,-256,-256,-256,61.437,60.312,60.968,60.312,61.437,6164,3865,14791,OFF,MAXN_SUPER
2026-08-15 23:44:34.080285,12:09:19.810000,5,14,14,4,49,64,0.5882112808768367,0.0022347240793573527,0,74.2,OFF,115200,499200,OFF,537600,OFF,115200,OFF,OFF,OFF,OFF,OFF,46.27450980392157,60.812,-256,-256,-256,61.406,60.468,61.125,60.312,61.531,6010,3826,14520,OFF,MAXN_SUPER
2026-08-15 23:44:35.081727,12:09:20.820000,16,17,13,3,45,56,0.5891150244806683,0.0022347240793573527,0,23.8,OFF,115200,499200,OFF,537600,OFF,115200,OFF,OFF,OFF,OFF,OFF,46.27450980392157,61.031,-256,-256,-256,61.437,60.531,61.125,60.437,61.437,5933,3788,14481,OFF,MAXN_SUPER
2026-08-15 23:44:36.082612,12:09:21.820000,15,17,36,17,24,46,0.5904095344950204,0.0022347240793573527,0,25.6,OFF,115200,499200,OFF,537600,OFF,115200,OFF,OFF,OFF,OFF,OFF,46.27450980392157,60.937,-256,-256,-256,61.781,60.625,61.125,60.468,61.781,6010,3865,14597,OFF,MAXN_SUPER
2026-08-15 23:44:37.083795,12:09:22.820000,20,12,7,6,64,38,0.5915104585215063,0.0022347240793573527,0,13.2,OFF,115200,499200,OFF,537600,OFF,115200,OFF,OFF,OFF,OFF,OFF,46.27450980392157,61.125,-256,-256,-256,61.812,60.625,61.218,60.656,62.125,5933,3826,14481,OFF,MAXN_SUPER
2026-08-15 23:44:38.085479,12:09:23.820000,21,18,5,7,47,62,0.5926113825479922,0.0022347240793573527,0,16.7,OFF,115200,499200,OFF,537600,OFF,115200,OFF,OFF,OFF,OFF,OFF,46.27450980392157,61.312,-256,-256,-256,62.375,60.656,61.406,60.718,62.375,6048,3826,14597,OFF,MAXN_SUPER
2026-08-15 23:44:39.086121,12:09:24.820000,7,22,7,6,53,59,0.5936378504252987,0.0022347240793573527,0,14.5,OFF,115200,499200,OFF,537600,OFF,115200,OFF,OFF,OFF,OFF,OFF,46.27450980392157,61.562,-256,-256,-256,62.531,60.781,61.375,60.906,62.781,6241,3897,14959,OFF,MAXN_SUPER
2026-08-15 23:44:40.087386,12:09:25.820000,18,19,6,6,61,49,0.5944527601407992,0.0022347240793573527,0,6.1,OFF,115200,499200,OFF,537600,OFF,115200,OFF,OFF,OFF,OFF,OFF,46.27450980392157,61.375,-256,-256,-256,62.406,60.781,61.437,60.75,62.312,5750,3788,14171,OFF,MAXN_SUPER
2026-08-15 23:44:41.088512,12:09:26.820000,5,21,3,6,67,46,0.5957020829749596,0.0022347240793573527,0,9.7,OFF,115200,499200,OFF,537600,OFF,115200,OFF,OFF,OFF,OFF,OFF,46.27450980392157,61.312,-256,-256,-256,61.875,60.781,61.625,60.718,61.875,5480,3794,13861,OFF,MAXN_SUPER
2026-08-15 23:44:42.090294,12:09:27.820000,9,22,5,4,65,46,0.5969437034488602,0.0022347240793573527,0,9.8,OFF,115200,499200,OFF,537600,OFF,115200,OFF,OFF,OFF,OFF,OFF,46.27450980392157,61.531,-256,-256,-256,62.25,60.937,61.687,60.812,62.25,5595,3826,14094,OFF,MAXN_SUPER
2026-08-15 23:44:43.090934,12:09:28.820000,18,21,5,6,66,44,0.5977396140090528,0.0022347240793573527,0,62.6,OFF,115200,499200,OFF,537600,OFF,115200,OFF,OFF,OFF,OFF,OFF,46.27450980392157,61.375,-256,-256,-256,62.031,60.906,61.687,60.968,62.031,5634,3788,14055,OFF,MAXN_SUPER
2026-08-15 23:44:44.091876,12:09:29.830000,23,18,5,4,54,46,0.5989637757996975,0.0022347240793573527,0,28.4,OFF,115200,499200,OFF,537600,OFF,115200,OFF,OFF,OFF,OFF,OFF,46.27450980392157,61.625,-256,-256,-256,62.093,61.031,61.656,61.031,62.093,6010,3904,14636,OFF,MAXN_SUPER
2026-08-15 23:44:45.092966,12:09:30.830000,22,20,3,6,64,45,0.5997376062604785,0.0022347240793573527,0,15.5,OFF,115200,499200,OFF,537600,OFF,115200,OFF,OFF,OFF,OFF,OFF,46.27450980392157,61.781,-256,-256,-256,62.156,61.156,61.75,61.125,62.156,5595,3755,13939,OFF,MAXN_SUPER
2026-08-15 23:44:46.092493,12:09:31.830000,7,12,3,16,65,46,0.6009422554051314,0.0022347240793573527,0,32.8,OFF,115200,499200,OFF,537600,OFF,115200,OFF,OFF,OFF,OFF,OFF,46.27450980392157,61.718,-256,-256,-256,62.281,61.125,61.687,61.093,62.156,5634,3826,14132,OFF,MAXN_SUPER
2026-08-15 23:44:47.096187,12:09:32.830000,8,26,26,5,47,46,0.6020503683011931,0.0022347240793573527,0,99.5,OFF,115200,499200,OFF,537600,OFF,115200,OFF,OFF,OFF,OFF,OFF,46.27450980392157,61.781,-256,-256,-256,62.593,61.25,61.812,61.187,62.593,5856,3904,14597,OFF,MAXN_SUPER
2026-08-15 23:44:48.096469,12:09:33.830000,16,17,16,41,31,34,0.6037556708627414,0.0022347240793573527,0,99.7,OFF,115200,499200,OFF,537600,OFF,115200,OFF,OFF,OFF,OFF,OFF,46.27450980392157,61.875,-256,-256,-256,62.781,61.218,61.906,61.187,62.781,5856,3904,14558,OFF,MAXN_SUPER
2026-08-15 23:44:49.098084,12:09:34.830000,44,10,18,11,24,44,0.6050209119081057,0.0022347240793573527,0,99.8,OFF,153600,499200,OFF,537600,OFF,115200,OFF,OFF,OFF,OFF,OFF,46.27450980392157,61.718,-256,-256,-256,63.031,61.468,62.0,61.406,63.031,5933,3942,14713,OFF,MAXN_SUPER
2026-08-15 23:44:50.099114,12:09:35.830000,37,26,20,16,4,59,0.6060971883817597,0.0022347240793573527,0,99.7,OFF,115200,499200,OFF,537600,OFF,115200,OFF,OFF,OFF,OFF,OFF,46.27450980392157,61.875,-256,-256,-256,63.062,61.375,62.125,61.312,63.062,5817,3904,14558,OFF,MAXN_SUPER
2026-08-15 23:44:51.099887,12:09:36.830000,6,10,20,33,32,43,0.6071395744702702,0.0022347240793573527,0,99.5,OFF,115200,499200,OFF,537600,OFF,115200,OFF,OFF,OFF,OFF,OFF,46.27450980392157,61.937,-256,-256,-256,63.343,61.468,62.093,61.562,63.343,6423,4013,15346,OFF,MAXN_SUPER
2026-08-15 23:44:52.101901,12:09:37.840000,4,7,18,19,65,48,0.6080176435399021,0.0022347240793573527,0,99.6,OFF,115200,499200,OFF,537600,OFF,115200,OFF,OFF,OFF,OFF,OFF,46.27450980392157,62.156,-256,-256,-256,62.875,61.437,62.156,61.562,62.875,6357,3897,15114,OFF,MAXN_SUPER
2026-08-15 23:44:53.102065,12:09:38.840000,6,7,12,14,65,47,0.6090153559389049,0.0022347240793573527,0,99.8,OFF,166400,499200,OFF,537600,OFF,115200,OFF,OFF,OFF,OFF,OFF,46.27450980392157,62.125,-256,-256,-256,63.125,61.5,62.312,61.625,63.125,5933,3904,14713,OFF,MAXN_SUPER
2026-08-15 23:44:54.103666,12:09:39.840000,6,28,44,8,13,49,0.6100372024000554,0.0022347240793573527,0,99.7,OFF,115200,499200,OFF,537600,OFF,115200,OFF,OFF,OFF,OFF,OFF,49.411764705882355,62.406,-256,-256,-256,63.406,61.625,62.312,61.625,63.406,5856,3904,14558,OFF,MAXN_SUPER
2026-08-15 23:44:55.104730,12:09:40.840000,15,25,29,12,27,44,0.6111432613333813,0.0022347240793573527,0,99.8,OFF,115200,499200,OFF,537600,OFF,115200,OFF,OFF,OFF,OFF,OFF,49.411764705882355,62.281,-256,-256,-256,63.406,61.75,62.218,61.687,63.406,6164,4013,15075,OFF,MAXN_SUPER
2026-08-15 23:44:56.105733,12:09:41.840000,20,31,7,4,58,25,0.6120757604155167,0.0022347240793573527,0,99.7,OFF,115200,499200,OFF,537600,OFF,115200,OFF,OFF,OFF,OFF,OFF,49.411764705882355,62.093,-256,-256,-256,63.25,61.718,62.437,61.656,63.25,5634,3865,14287,OFF,MAXN_SUPER
2026-08-15 23:44:57.106851,12:09:42.840000,11,51,9,12,14,63,0.6130904180070913,0.0022347240793573527,0,37.2,OFF,115200,499200,OFF,537600,OFF,115200,OFF,OFF,OFF,OFF,OFF,49.411764705882355,62.125,-256,-256,-256,63.312,61.781,62.343,61.75,63.312,5673,3826,14248,OFF,MAXN_SUPER
2026-08-15 23:44:58.107846,12:09:43.840000,17,42,12,15,23,61,0.6100295000397955,0.0022347240793573527,0,16.2,OFF,115200,499200,OFF,537600,OFF,115200,OFF,OFF,OFF,OFF,OFF,49.411764705882355,62.593,-256,-256,-256,62.968,61.843,62.562,61.718,62.906,5557,3788,14016,OFF,MAXN_SUPER
2026-08-15 23:44:59.109376,12:09:44.840000,16,8,14,48,2,65,0.6077526823469606,0.0022347240793573527,0,42.0,OFF,115200,499200,OFF,537600,OFF,115200,OFF,OFF,OFF,OFF,OFF,49.411764705882355,62.531,-256,-256,-256,62.781,61.812,62.531,61.781,62.781,5518,3788,13939,OFF,MAXN_SUPER
2026-08-15 23:45:00.110056,12:09:45.840000,28,7,31,23,9,63,0.6087503947459634,0.0022347240793573527,0,16.3,OFF,115200,499200,OFF,537600,OFF,115200,OFF,OFF,OFF,OFF,OFF,49.411764705882355,62.593,-256,-256,-256,63.031,61.875,62.593,61.968,62.843,5817,3826,14365,OFF,MAXN_SUPER
2026-08-15 23:45:01.111507,12:09:46.850000,11,11,47,15,0,62,0.6103401619036126,0.0022347240793573527,0,10.2,OFF,115200,499200,OFF,537600,OFF,115200,OFF,OFF,OFF,OFF,OFF,49.411764705882355,62.718,-256,-256,-256,63.156,62.0,62.656,61.968,63.593,5933,3826,14442,OFF,MAXN_SUPER
2026-08-15 23:45:02.112376,12:09:47.850000,15,8,52,12,11,54,0.6114226002654747,0.0022347240793573527,0,9.2,OFF,115200,499200,OFF,537600,OFF,115200,OFF,OFF,OFF,OFF,OFF,49.411764705882355,62.781,-256,-256,-256,63.156,62.093,62.656,62.031,63.468,5750,3788,14248,OFF,MAXN_SUPER
2026-08-15 23:45:03.113789,12:09:48.850000,16,13,47,15,2,65,0.6124069619066936,0.0022347240793573527,0,37.0,OFF,115200,499200,OFF,537600,OFF,115200,OFF,OFF,OFF,OFF,OFF,49.411764705882355,62.656,-256,-256,-256,63.187,62.125,62.687,62.031,63.187,5557,3788,14016,OFF,MAXN_SUPER
2026-08-15 23:45:04.114386,12:09:49.850000,28,7,27,8,11,66,0.6135299660325912,0.0022347240793573527,0,99.5,OFF,115200,499200,OFF,537600,OFF,115200,OFF,OFF,OFF,OFF,OFF,49.411764705882355,62.75,-256,-256,-256,63.218,62.125,62.718,62.093,63.218,5740,3865,14326,OFF,MAXN_SUPER
2026-08-15 23:45:05.116054,12:09:50.850000,33,20,11,23,23,62,0.6146781312020047,0.0022347240793573527,0,99.8,OFF,115200,499200,OFF,537600,OFF,115200,OFF,OFF,OFF,OFF,OFF,49.411764705882355,63.062,-256,-256,-256,63.906,62.125,62.843,62.25,63.906,6048,3942,14766,OFF,MAXN_SUPER
2026-08-15 23:45:06.117408,12:09:51.850000,49,9,9,19,19,48,0.6118005294088952,0.0022347240793573527,0,99.5,OFF,115200,499200,OFF,537600,OFF,115200,OFF,OFF,OFF,OFF,OFF,49.411764705882355,63.218,-256,-256,-256,63.843,62.187,62.906,62.187,63.593,6308,3936,15037,OFF,MAXN_SUPER
2026-08-15 23:45:07.118354,12:09:52.850000,5,20,45,22,11,63,0.6062712617236342,0.0022347240793573527,0,86.0,OFF,115200,499200,OFF,537600,OFF,115200,OFF,OFF,OFF,OFF,OFF,49.411764705882355,63.062,-256,-256,-256,63.625,62.218,62.937,62.218,63.625,6241,3897,14959,OFF,MAXN_SUPER
2026-08-15 23:45:08.118012,12:09:53.850000,7,14,12,3,67,47,0.6076725778002573,0.0022347240793573527,0,99.6,OFF,115200,499200,OFF,537600,OFF,115200,OFF,OFF,OFF,OFF,OFF,49.411764705882355,63.031,-256,-256,-256,63.687,62.343,63.0,62.281,63.687,5894,3865,14520,OFF,MAXN_SUPER
2026-08-15 23:45:09.120999,12:09:54.850000,42,4,10,20,28,40,0.6087509082366473,0.0022347240793573527,0,99.7,OFF,128000,499200,OFF,537600,OFF,115200,OFF,OFF,OFF,OFF,OFF,49.411764705882355,63.125,-256,-256,-256,64.406,62.343,62.906,62.406,64.406,6048,3936,14805,OFF,MAXN_SUPER
2026-08-15 23:45:10.121970,12:09:55.860000,14,18,44,15,32,32,0.6099760970086601,0.0022347240793573527,0,99.6,OFF,115200,499200,OFF,537600,OFF,115200,OFF,OFF,OFF,OFF,OFF,49.411764705882355,63.062,-256,-256,-256,64.125,62.468,63.062,62.468,64.125,6010,3936,14766,OFF,MAXN_SUPER
2026-08-15 23:45:11.122955,12:09:56.860000,23,12,48,6,2,63,0.6112367166378684,0.0022347240793573527,0,99.6,OFF,115200,499200,OFF,537600,OFF,115200,OFF,OFF,OFF,OFF,OFF,49.411764705882355,63.062,-256,-256,-256,64.031,62.343,63.093,62.5,64.031,5933,3942,14650,OFF,MAXN_SUPER
2026-08-15 23:45:12.123424,12:09:57.860000,18,14,47,19,14,48,0.6124577974844091,0.0022347240793573527,0,36.4,OFF,115200,499200,OFF,537600,OFF,115200,OFF,OFF,OFF,OFF,OFF,49.411764705882355,63.312,-256,-256,-256,63.625,62.5,63.031,62.562,63.625,6164,3859,14766,OFF,MAXN_SUPER
2026-08-15 23:45:13.125474,12:09:58.860000,19,12,9,16,43,50,0.6135248311257513,0.0022347240793573527,0,36.9,OFF,115200,499200,OFF,537600,OFF,115200,OFF,OFF,OFF,OFF,OFF,49.411764705882355,63.187,-256,-256,-256,63.625,62.562,63.281,62.468,63.625,5779,3826,14210,OFF,MAXN_SUPER
2026-08-15 23:45:14.126268,12:09:59.860000,15,11,10,17,47,47,0.6144064946301712,0.0022347240793573527,0,6.8,OFF,115200,499200,OFF,537600,OFF,115200,OFF,OFF,OFF,OFF,OFF,50.98039215686274,63.531,-256,-256,-256,64.062,62.656,63.187,62.593,64.062,6048,3865,14650,OFF,MAXN_SUPER
2026-08-15 23:45:15.127742,12:10:00.860000,11,16,4,20,65,44,0.6152445114264514,0.0022347240793573527,0,15.8,OFF,115200,499200,OFF,537600,OFF,115200,OFF,OFF,OFF,OFF,OFF,50.98039215686274,63.125,-256,-256,-256,63.625,62.625,63.281,62.5,63.625,5634,3788,14094,OFF,MAXN_SUPER
2026-08-15 23:45:16.129506,12:10:01.860000,8,19,4,8,65,47,0.6161497955023351,0.0022347240793573527,0,99.5,OFF,192000,499200,OFF,537600,OFF,115200,OFF,OFF,OFF,OFF,OFF,49.01960784313726,63.25,-256,-256,-256,63.937,62.593,63.343,62.562,63.937,5740,3865,14365,OFF,MAXN_SUPER
2026-08-15 23:45:17.128945,12:10:02.870000,9,21,4,16,63,48,0.6171752363982737,0.0022347240793573527,0,99.8,OFF,115200,499200,OFF,537600,OFF,115200,OFF,OFF,OFF,OFF,OFF,49.01960784313726,63.187,-256,-256,-256,64.468,62.593,63.312,62.687,64.656,6010,3974,14882,OFF,MAXN_SUPER
2026-08-15 23:45:18.131006,12:10:03.870000,8,9,45,14,28,40,0.6183074833564832,0.0022347240793573527,0,99.7,OFF,115200,499200,OFF,537600,OFF,115200,OFF,OFF,OFF,OFF,OFF,50.98039215686274,63.125,-256,-256,-256,64.406,62.625,63.281,62.625,64.187,5779,3904,14442,OFF,MAXN_SUPER
2026-08-15 23:45:19.132069,12:10:04.870000,14,12,2,34,38,48,0.61952805071234,0.0022347240793573527,0,16.8,OFF,115200,499200,OFF,537600,OFF,115200,OFF,OFF,OFF,OFF,OFF,50.98039215686274,63.25,-256,-256,-256,64.281,62.656,63.375,62.718,64.281,5480,3749,13900,OFF,MAXN_SUPER
2026-08-15 23:45:20.132821,12:10:05.870000,64,14,6,13,8,48,0.6206674865401255,0.0022347240793573527,0,12.8,OFF,115200,499200,OFF,537600,OFF,115200,OFF,OFF,OFF,OFF,OFF,50.98039215686274,63.25,-256,-256,-256,63.562,62.656,63.437,62.718,63.812,5364,3749,13706,OFF,MAXN_SUPER
2026-08-15 23:45:21.135636,12:10:06.870000,64,8,4,12,9,46,0.62169241394538,0.0022347240793573527,0,69.0,OFF,115200,499200,OFF,537600,OFF,115200,OFF,OFF,OFF,OFF,OFF,50.98039215686274,63.531,-256,-256,-256,63.75,62.75,63.5,62.875,63.75,5740,3826,14326,OFF,MAXN_SUPER
2026-08-15 23:45:22.135454,12:10:07.870000,24,37,18,22,16,64,0.6214325876592784,0.0023004512581619807,0,99.8,OFF,115200,499200,OFF,537600,OFF,115200,OFF,OFF,OFF,OFF,OFF,50.98039215686274,63.656,-256,-256,-256,64.406,62.875,63.375,62.812,64.406,5971,3942,14727,OFF,MAXN_SUPER
2026-08-15 23:45:23.136570,12:10:08.870000,50,4,6,14,21,57,0.6219619965544775,0.0023004512581619807,0,99.7,OFF,115200,499200,OFF,537600,OFF,115200,OFF,OFF,OFF,OFF,OFF,50.98039215686274,63.375,-256,-256,-256,64.718,62.843,63.437,62.906,64.718,5971,3936,14766,OFF,MAXN_SUPER
2026-08-15 23:45:24.138256,12:10:09.870000,18,12,34,19,13,64,0.6213894544418228,0.0023004512581619807,0,92.7,OFF,115200,499200,OFF,537600,OFF,115200,OFF,OFF,OFF,OFF,OFF,50.98039215686274,63.437,-256,-256,-256,64.312,62.875,63.562,62.812,64.312,5673,3826,14210,OFF,MAXN_SUPER
2026-08-15 23:45:25.138805,12:10:10.870000,19,34,38,11,23,28,0.621916809374286,0.0023004512581619807,0,99.6,OFF,115200,499200,OFF,537600,OFF,115200,OFF,OFF,OFF,OFF,OFF,50.98039215686274,63.812,-256,-256,-256,64.625,63.0,63.468,63.031,64.625,6461,4013,15321,OFF,MAXN_SUPER
2026-08-15 23:45:26.140324,12:10:11.870000,6,13,46,13,59,12,0.6213468347150511,0.0023004512581619807,0,99.4,OFF,115200,499200,OFF,537600,OFF,115200,OFF,OFF,OFF,OFF,OFF,50.98039215686274,63.687,-256,-256,-256,64.406,62.937,63.656,63.062,64.406,6269,3936,14998,OFF,MAXN_SUPER
2026-08-15 23:45:27.142111,12:10:12.880000,33,37,37,23,18,16,0.6218675142686224,0.0023004512581619807,0,16.7,OFF,115200,499200,OFF,537600,OFF,115200,OFF,OFF,OFF,OFF,OFF,50.98039215686274,64.031,-256,-256,-256,64.75,63.062,63.718,63.125,64.75,6423,3936,15307,OFF,MAXN_SUPER
2026-08-15 23:45:28.142054,12:10:13.880000,36,17,36,9,44,13,0.6204800624404672,0.0023004512581619807,0,99.7,OFF,115200,499200,OFF,537600,OFF,115200,OFF,OFF,OFF,OFF,OFF,50.98039215686274,64.031,-256,-256,-256,65.062,63.218,63.625,63.125,64.781,6500,4013,15539,OFF,MAXN_SUPER
2026-08-15 23:45:29.142780,12:10:14.880000,39,24,31,26,49,23,0.6224159223191293,0.0023004512581619807,0,21.5,OFF,115200,499200,OFF,537600,OFF,115200,OFF,OFF,OFF,OFF,OFF,50.98039215686274,64.218,-256,-256,-256,64.468,63.218,63.75,63.25,64.468,6308,3897,15037,OFF,MAXN_SUPER
2026-08-15 23:45:30.144480,12:10:15.880000,43,26,30,25,22,16,0.6239368817251233,0.0023004512581619807,0,99.7,OFF,115200,499200,OFF,537600,OFF,115200,OFF,OFF,OFF,OFF,OFF,50.98039215686274,64.031,-256,-256,-256,65.0,63.125,63.812,63.406,65.0,6835,4083,15899,OFF,MAXN_SUPER
2026-08-15 23:45:31.145297,12:10:16.880000,12,4,9,61,50,13,0.6203044486265408,0.0023004512581619807,0,99.4,OFF,115200,499200,OFF,537600,OFF,115200,OFF,OFF,OFF,OFF,OFF,50.98039215686274,64.125,-256,-256,-256,64.656,63.281,63.781,63.312,64.656,6385,3936,15114,OFF,MAXN_SUPER
2026-08-15 23:45:32.147674,12:10:17.880000,37,30,9,24,28,32,0.6208852065901395,0.0023004512581619807,0,99.5,OFF,115200,499200,OFF,537600,OFF,115200,OFF,OFF,OFF,OFF,OFF,50.98039215686274,64.093,-256,-256,-256,64.781,63.406,63.781,63.406,64.781,6385,3974,15230,OFF,MAXN_SUPER
2026-08-15 23:45:33.148301,12:10:18.880000,22,6,12,13,48,48,0.6210633878574858,0.0023004512581619807,0,12.2,OFF,115200,499200,OFF,537600,OFF,115200,OFF,OFF,OFF,OFF,OFF,50.98039215686274,63.875,-256,-256,-256,64.375,63.375,63.843,63.343,64.375,6010,3859,14611,OFF,MAXN_SUPER
2026-08-15 23:45:34.149977,12:10:19.880000,13,18,7,15,65,47,0.6190356131463884,0.0023004512581619807,0,38.9,OFF,115200,499200,OFF,537600,OFF,115200,OFF,OFF,OFF,OFF,OFF,50.98039215686274,64.031,-256,-256,-256,64.406,63.375,63.937,63.406,64.406,5894,3788,14326,OFF,MAXN_SUPER
2026-08-15 23:45:35.151645,12:10:20.890000,18,4,12,8,66,45,0.6194448652215327,0.0023004512581619807,0,63.3,OFF,115200,499200,OFF,537600,OFF,115200,OFF,OFF,OFF,OFF,OFF,50.98039215686274,63.937,-256,-256,-256,64.562,63.406,64.125,63.312,64.562,5702,3826,14248,OFF,MAXN_SUPER
2026-08-15 23:45:36.150800,12:10:21.890000,43,6,16,15,10,63,0.6207362942917808,0.0023004512581619807,0,10.8,OFF,115200,499200,OFF,537600,OFF,115200,OFF,OFF,OFF,OFF,OFF,50.98039215686274,64.062,-256,-256,-256,64.312,63.406,64.031,63.343,64.312,5894,3826,14341,OFF,MAXN_SUPER
2026-08-15 23:45:37.154050,12:10:22.890000,36,32,11,8,22,58,0.6203619595831482,0.0023004512581619807,0,14.8,OFF,115200,499200,OFF,537600,OFF,115200,OFF,OFF,OFF,OFF,OFF,50.98039215686274,64.031,-256,-256,-256,64.5,63.375,64.062,63.531,64.5,5817,3788,14287,OFF,MAXN_SUPER
2026-08-15 23:45:38.154665,12:10:23.890000,46,13,11,21,13,64,0.6188209740404784,0.0023004512581619807,0,15.0,OFF,115200,499200,OFF,537600,OFF,115200,OFF,OFF,OFF,OFF,OFF,50.98039215686274,64.125,-256,-256,-256,64.593,63.406,64.0,63.5,64.593,6010,3859,14573,OFF,MAXN_SUPER
2026-08-15 23:45:39.155265,12:10:24.890000,43,10,25,4,53,32,0.6149970089167657,0.0023004512581619807,0,23.0,OFF,115200,499200,OFF,537600,OFF,115200,OFF,OFF,OFF,OFF,OFF,50.98039215686274,64.187,-256,-256,-256,64.343,63.375,64.031,63.5,64.343,5702,3788,14210,OFF,MAXN_SUPER
2026-08-15 23:45:40.157589,12:10:25.890000,48,22,6,24,20,25,0.6163895956517609,0.0023004512581619807,0,99.7,OFF,128000,499200,OFF,537600,OFF,115200,OFF,OFF,OFF,OFF,OFF,50.98039215686274,64.062,-256,-256,-256,65.343,63.437,64.125,63.625,65.562,6615,4045,15591,OFF,MAXN_SUPER
2026-08-15 23:45:41.157749,12:10:26.890000,31,15,4,27,7,64,0.6175233830820225,0.0023004512581619807,0,99.7,OFF,115200,499200,OFF,537600,OFF,115200,OFF,OFF,OFF,OFF,OFF,50.98039215686274,64.437,-256,-256,-256,65.687,63.562,64.218,63.625,65.687,6461,4013,15346,OFF,MAXN_SUPER
2026-08-15 23:45:42.158832,12:10:27.890000,19,29,32,13,3,66,0.6186304689967163,0.0023004512581619807,0,99.5,OFF,115200,499200,OFF,537600,OFF,115200,OFF,OFF,OFF,OFF,OFF,50.98039215686274,64.437,-256,-256,-256,64.968,63.562,64.25,63.625,64.968,6308,3936,15114,OFF,MAXN_SUPER
2026-08-15 23:45:43.160080,12:10:28.890000,7,14,51,17,1,63,0.6199347353340642,0.0023004512581619807,0,36.3,OFF,115200,499200,OFF,537600,OFF,115200,OFF,OFF,OFF,OFF,OFF,50.98039215686274,64.5,-256,-256,-256,64.781,63.562,64.25,63.593,64.562,6087,3859,14611,OFF,MAXN_SUPER
2026-08-15 23:45:44.161028,12:10:29.900000,18,11,51,10,22,51,0.6210510640810699,0.0023004512581619807,0,11.3,OFF,115200,499200,OFF,537600,OFF,115200,OFF,OFF,OFF,OFF,OFF,50.98039215686274,64.781,-256,-256,-256,64.656,63.687,64.343,63.593,64.781,5894,3826,14380,OFF,MAXN_SUPER
2026-08-15 23:45:45.160776,12:10:30.900000,9,16,48,11,43,24,0.6220056432626171,0.0023004512581619807,0,14.7,OFF,115200,499200,OFF,537600,OFF,115200,OFF,OFF,OFF,OFF,OFF,50.98039215686274,64.406,-256,-256,-256,64.656,63.562,64.312,63.687,64.656,5663,3826,14132,OFF,MAXN_SUPER
2026-08-15 23:45:46.163904,12:10:31.900000,43,6,14,20,22,54,0.6230844871896911,0.0023004512581619807,0,99.6,OFF,115200,499200,OFF,537600,OFF,115200,OFF,OFF,OFF,OFF,OFF,50.98039215686274,64.718,-256,-256,-256,65.343,63.562,64.343,63.812,65.343,5933,3936,14611,OFF,MAXN_SUPER
2026-08-15 23:45:47.163701,12:10:32.900000,15,5,47,6,12,66,0.6239938791910468,0.0023004512581619807,0,99.6,OFF,115200,499200,OFF,537600,OFF,115200,OFF,OFF,OFF,OFF,OFF,50.98039215686274,64.312,-256,-256,-256,65.156,63.656,64.25,63.718,65.187,5856,3936,14611,OFF,MAXN_SUPER
2026-08-15 23:45:48.165829,12:10:33.900000,31,15,43,7,6,46,0.6250152121615133,0.0023004512581619807,0,73.9,OFF,115200,499200,OFF,537600,OFF,115200,OFF,OFF,OFF,OFF,OFF,50.98039215686274,64.531,-256,-256,-256,65.093,63.687,64.343,63.718,65.093,6077,3936,14766,OFF,MAXN_SUPER
2026-08-15 23:45:49.166783,12:10:34.900000,18,20,25,31,13,48,0.6264319329586563,0.0023004512581619807,0,16.2,OFF,115200,499200,OFF,537600,OFF,115200,OFF,OFF,OFF,OFF,OFF,50.98039215686274,64.562,-256,-256,-256,65.281,63.718,64.312,63.843,65.531,6423,3974,15191,OFF,MAXN_SUPER
2026-08-15 23:45:50.168181,12:10:35.900000,6,8,22,4,63,48,0.6247610342729357,0.0023004512581619807,0,30.4,OFF,115200,499200,OFF,537600,OFF,115200,OFF,OFF,OFF,OFF,OFF,50.98039215686274,64.406,-256,-256,-256,65.562,64.0,64.343,63.843,65.562,6154,3897,14843,OFF,MAXN_SUPER
2026-08-15 23:45:51.169108,12:10:36.900000,29,8,25,3,55,48,0.6237273775260532,0.0023004512581619807,0,97.1,OFF,115200,499200,OFF,537600,OFF,115200,OFF,OFF,OFF,OFF,OFF,50.98039215686274,64.75,-256,-256,-256,65.562,63.875,64.312,63.906,65.562,6308,3936,15114,OFF,MAXN_SUPER
2026-08-15 23:45:52.169260,12:10:37.900000,6,8,25,6,65,49,0.6239235309673394,0.0023004512581619807,0,99.8,OFF,153600,499200,OFF,537600,OFF,115200,OFF,OFF,OFF,OFF,OFF,50.98039215686274,64.531,-256,-256,-256,65.75,63.812,64.531,63.968,65.531,6231,3936,15037,OFF,MAXN_SUPER
2026-08-15 23:45:53.171508,12:10:38.900000,7,6,22,4,65,48,0.6236257063706222,0.0023004512581619807,0,99.7,OFF,115200,499200,OFF,537600,OFF,115200,OFF,OFF,OFF,OFF,OFF,50.98039215686274,64.75,-256,-256,-256,65.781,63.812,64.437,64.0,65.781,6461,3974,15385,OFF,MAXN_SUPER
2026-08-15 23:45:54.172557,12:10:39.910000,50,9,16,27,27,40,0.6234850099232074,0.0023004512581619807,0,99.7,OFF,115200,499200,OFF,537600,OFF,115200,OFF,OFF,OFF,OFF,OFF,50.98039215686274,64.625,-256,-256,-256,65.937,63.968,64.437,64.031,65.937,6577,4013,15475,OFF,MAXN_SUPER
2026-08-15 23:45:55.173583,12:10:40.910000,44,17,17,9,13,67,0.6219553211755856,0.0023004512581619807,0,99.5,OFF,115200,499200,OFF,537600,OFF,115200,OFF,OFF,OFF,OFF,OFF,50.98039215686274,64.687,-256,-256,-256,65.5,63.906,64.5,64.093,65.5,6385,3974,15153,OFF,MAXN_SUPER
2026-08-15 23:45:56.174814,12:10:41.910000,53,12,10,10,15,66,0.6223871668408256,0.0023004512581619807,0,14.4,OFF,115200,499200,OFF,537600,OFF,115200,OFF,OFF,OFF,OFF,OFF,50.98039215686274,64.625,-256,-256,-256,65.25,64.031,64.531,64.0,65.093,6115,3859,14766,OFF,MAXN_SUPER
2026-08-15 23:45:57.174837,12:10:42.910000,34,22,15,14,3,64,0.6221668793373917,0.0023004512581619807,0,8.2,OFF,115200,499200,OFF,537600,OFF,115200,OFF,OFF,OFF,OFF,OFF,50.98039215686274,64.906,-256,-256,-256,65.25,64.125,64.5,64.031,65.25,5971,3865,14457,OFF,MAXN_SUPER
2026-08-15 23:45:58.177121,12:10:43.910000,9,12,50,12,5,63,0.6241566557378733,0.0023004512581619807,0,9.8,OFF,115200,499200,OFF,537600,OFF,115200,OFF,OFF,OFF,OFF,OFF,50.98039215686274,65.156,-256,-256,-256,65.5,64.031,64.718,64.062,65.5,6125,3859,14689,OFF,MAXN_SUPER
2026-08-15 23:45:59.178186,12:10:44.910000,50,16,12,12,52,32,0.6252488504227312,0.0023004512581619807,0,37.2,OFF,115200,499200,OFF,537600,OFF,115200,OFF,OFF,OFF,OFF,OFF,50.98039215686274,64.812,-256,-256,-256,65.875,64.062,64.687,64.156,65.875,6385,3897,15075,OFF,MAXN_SUPER
2026-08-15 23:46:00.179909,12:10:45.910000,38,20,10,6,20,57,0.6264226901263443,0.0023004512581619807,0,93.4,OFF,115200,499200,OFF,537600,OFF,115200,OFF,OFF,OFF,OFF,OFF,50.98039215686274,64.812,-256,-256,-256,65.812,64.062,64.75,64.093,65.812,5740,3826,14326,OFF,MAXN_SUPER
2026-08-15 23:46:01.181011,12:10:46.920000,47,2,13,29,11,65,0.6276453114449371,0.0023004512581619807,0,13.8,OFF,115200,499200,OFF,537600,OFF,115200,OFF,OFF,OFF,OFF,OFF,50.98039215686274,64.968,-256,-256,-256,65.156,64.062,64.75,64.093,65.156,5586,3826,14094,OFF,MAXN_SUPER
2026-08-15 23:46:02.182165,12:10:47.920000,6,49,13,6,14,67,0.6282204210110118,0.0023004512581619807,0,22.1,OFF,115200,499200,OFF,537600,OFF,115200,OFF,OFF,OFF,OFF,OFF,50.98039215686274,64.812,-256,-256,-256,65.125,64.093,64.687,64.093,65.125,5548,3788,13939,OFF,MAXN_SUPER
2026-08-15 23:46:03.183252,12:10:48.920000,6,48,9,10,46,34,0.6246855511423884,0.0023004512581619807,0,99.5,OFF,115200,499200,OFF,537600,OFF,115200,OFF,OFF,OFF,OFF,OFF,50.98039215686274,65.031,-256,-256,-256,65.25,64.062,64.781,64.093,65.25,5702,3865,14326,OFF,MAXN_SUPER
2026-08-15 23:46:04.185297,12:10:49.920000,23,9,17,15,63,37,0.6249859431925257,0.0023004512581619807,0,99.6,OFF,115200,499200,OFF,537600,OFF,115200,OFF,OFF,OFF,OFF,OFF,50.98039215686274,64.75,-256,-256,-256,65.437,64.125,64.75,64.093,65.437,5856,3897,14573,OFF,MAXN_SUPER
2026-08-15 23:46:05.184710,12:10:50.920000,14,9,11,5,65,46,0.6252087981493796,0.0023004512581619807,0,99.6,OFF,217600,499200,OFF,537600,OFF,115200,OFF,OFF,OFF,OFF,OFF,50.98039215686274,64.906,-256,-256,-256,65.75,64.187,64.75,64.156,65.75,5856,3936,14611,OFF,MAXN_SUPER
2026-08-15 23:46:06.185831,12:10:51.920000,15,8,15,19,65,48,0.6248894069439345,0.0023004512581619807,0,99.8,OFF,115200,499200,OFF,537600,OFF,115200,OFF,OFF,OFF,OFF,OFF,50.98039215686274,65.062,-256,-256,-256,65.875,64.218,64.625,64.218,65.875,6087,3974,14882,OFF,MAXN_SUPER
2026-08-15 23:46:07.187835,12:10:52.920000,8,15,16,7,61,47,0.6225052696981445,0.0023004512581619807,0,99.7,OFF,115200,499200,OFF,537600,OFF,115200,OFF,OFF,OFF,OFF,OFF,50.98039215686274,64.687,-256,-256,-256,66.0,64.468,64.75,64.125,66.0,5856,3936,14611,OFF,MAXN_SUPER
2026-08-15 23:46:08.189747,12:10:53.920000,6,13,13,6,65,47,0.6232749922334534,0.0023004512581619807,0,99.8,OFF,115200,499200,OFF,537600,OFF,115200,OFF,OFF,OFF,OFF,OFF,50.98039215686274,64.968,-256,-256,-256,65.937,64.406,64.75,64.187,66.0,5779,3897,14534,OFF,MAXN_SUPER
2026-08-15 23:46:09.189976,12:10:54.920000,6,12,9,18,63,48,0.6216384974235605,0.0023004512581619807,0,12.2,OFF,115200,499200,OFF,537600,OFF,115200,OFF,OFF,OFF,OFF,OFF,50.98039215686274,65.0,-256,-256,-256,65.468,64.312,64.656,64.031,65.781,5586,3826,14094,OFF,MAXN_SUPER
2026-08-15 23:46:10.192207,12:10:55.930000,6,16,17,6,57,55,0.6230208143448758,0.0023004512581619807,0,12.3,OFF,115200,499200,OFF,537600,OFF,115200,OFF,OFF,OFF,OFF,OFF,50.98039215686274,64.875,-256,-256,-256,65.468,64.25,64.75,64.062,65.468,5509,3826,14055,OFF,MAXN_SUPER
2026-08-15 23:46:11.192644,12:10:56.930000,16,16,13,19,66,44,0.6225858877355318,0.0023004512581619807,0,61.8,OFF,115200,499200,OFF,537600,OFF,115200,OFF,OFF,OFF,OFF,OFF,50.98039215686274,64.906,-256,-256,-256,65.312,64.218,64.75,64.375,65.312,5702,3826,14326,OFF,MAXN_SUPER
2026-08-15 23:46:12.192882,12:10:57.930000,7,21,8,6,66,46,0.6225499433876521,0.0023004512581619807,0,99.4,OFF,115200,499200,OFF,537600,OFF,115200,OFF,OFF,OFF,OFF,OFF,50.98039215686274,65.0,-256,-256,-256,65.406,64.218,64.843,64.406,65.406,5779,3897,14496,OFF,MAXN_SUPER
2026-08-15 23:46:13.194935,12:10:58.930000,7,21,8,14,57,54,0.6212990800814396,0.0023004512581619807,0,99.7,OFF,166400,499200,OFF,537600,OFF,115200,OFF,OFF,OFF,OFF,OFF,50.98039215686274,65.187,-256,-256,-256,66.062,64.375,64.781,64.25,66.0,6010,3936,14766,OFF,MAXN_SUPER
2026-08-15 23:46:14.196220,12:10:59.930000,5,13,13,7,49,65,0.6205314115088667,0.0023004512581619807,0,99.7,OFF,115200,499200,OFF,537600,OFF,115200,OFF,OFF,OFF,OFF,OFF,50.98039215686274,64.968,-256,-256,-256,65.875,64.406,64.781,64.312,65.781,5779,3897,14496,OFF,MAXN_SUPER
2026-08-15 23:46:15.197046,12:11:00.930000,6,8,12,14,61,52,0.6196569368740228,0.0023004512581619807,0,99.8,OFF,115200,499200,OFF,537600,OFF,115200,OFF,OFF,OFF,OFF,OFF,50.98039215686274,64.812,-256,-256,-256,65.906,64.25,64.875,64.375,65.781,5779,3897,14418,OFF,MAXN_SUPER
2026-08-15 23:46:16.199759,12:11:01.930000,20,14,12,5,47,64,0.6195953179919433,0.0023004512581619807,0,15.3,OFF,115200,499200,OFF,537600,OFF,115200,OFF,OFF,OFF,OFF,OFF,50.98039215686274,65.281,-256,-256,-256,65.687,64.5,64.937,64.312,65.687,5548,3826,14055,OFF,MAXN_SUPER
2026-08-15 23:46:17.200329,12:11:02.930000,11,15,45,4,12,66,0.6195871021409994,0.0023004512581619807,0,9.0,OFF,115200,499200,OFF,537600,OFF,115200,OFF,OFF,OFF,OFF,OFF,50.98039215686274,65.25,-256,-256,-256,65.125,64.468,64.906,64.281,65.125,5480,3788,13900,OFF,MAXN_SUPER
2026-08-15 23:46:18.201076,12:11:03.930000,23,11,16,7,57,51,0.6207285919315209,0.0023004512581619807,0,99.4,OFF,115200,499200,OFF,537600,OFF,115200,OFF,OFF,OFF,OFF,OFF,50.98039215686274,64.906,-256,-256,-256,65.468,64.375,64.843,64.312,65.468,5779,3865,14380,OFF,MAXN_SUPER
2026-08-15 23:46:19.201612,12:11:04.940000,10,12,13,3,65,46,0.6218844594611942,0.0023004512581619807,0,99.6,OFF,115200,499200,OFF,537600,OFF,115200,OFF,OFF,OFF,OFF,OFF,50.98039215686274,65.062,-256,-256,-256,65.812,64.437,65.0,64.343,65.812,5894,3936,14689,OFF,MAXN_SUPER
2026-08-15 23:46:20.203084,12:11:05.940000,9,11,14,3,66,48,0.6229597089534803,0.0023004512581619807,0,99.7,OFF,115200,499200,OFF,537600,OFF,115200,OFF,OFF,OFF,OFF,OFF,50.98039215686274,65.25,-256,-256,-256,66.25,64.437,64.875,64.406,66.25,6010,3974,14805,OFF,MAXN_SUPER
2026-08-15 23:46:21.204720,12:11:06.940000,9,11,18,17,64,48,0.6241397105453015,0.0023004512581619807,0,99.7,OFF,115200,499200,OFF,537600,OFF,115200,OFF,OFF,OFF,OFF,OFF,50.98039215686274,65.0,-256,-256,-256,66.312,64.375,64.906,64.437,66.312,5894,3974,14727,OFF,MAXN_SUPER
2026-08-15 23:46:22.205736,12:11:07.940000,10,9,4,15,64,46,0.625493271988313,0.0023004512581619807,0,83.8,OFF,115200,499200,OFF,537600,OFF,115200,OFF,OFF,OFF,OFF,OFF,50.98039215686274,65.218,-256,-256,-256,65.812,64.468,64.906,64.25,65.812,5625,3865,14287,OFF,MAXN_SUPER
2026-08-15 23:46:23.206935,12:11:08.940000,21,4,13,15,60,46,0.6266193570583146,0.0023004512581619807,0,11.1,OFF,115200,499200,OFF,537600,OFF,115200,OFF,OFF,OFF,OFF,OFF,50.98039215686274,65.0,-256,-256,-256,65.593,64.406,65.0,64.281,65.593,5548,3788,14094,OFF,MAXN_SUPER
2026-08-15 23:46:24.208118,12:11:09.940000,15,2,10,9,65,46,0.6278337625259633,0.0023004512581619807,0,12.9,OFF,115200,499200,OFF,537600,OFF,115200,OFF,OFF,OFF,OFF,OFF,53.333333333333336,65.125,-256,-256,-256,65.75,64.531,64.968,64.5,65.75,5586,3826,14171,OFF,MAXN_SUPER
2026-08-15 23:46:25.209144,12:11:10.940000,9,3,10,15,65,45,0.6286964268750754,0.0023004512581619807,0,16.0,OFF,115200,499200,OFF,537600,OFF,115200,OFF,OFF,OFF,OFF,OFF,53.333333333333336,64.875,-256,-256,-256,65.281,64.531,65.0,64.375,65.437,5432,3788,13900,OFF,MAXN_SUPER
2026-08-15 23:46:26.209680,12:11:11.940000,28,26,12,13,20,56,0.6299118593240922,0.0023004512581619807,0,10.8,OFF,115200,499200,OFF,537600,OFF,115200,OFF,OFF,OFF,OFF,OFF,53.333333333333336,65.125,-256,-256,-256,65.781,64.687,64.968,64.5,65.781,6115,3897,14727,OFF,MAXN_SUPER
2026-08-15 23:46:27.211595,12:11:12.950000,24,24,16,18,31,53,0.6273700804383157,0.0023004512581619807,0,15.7,OFF,115200,499200,OFF,537600,OFF,115200,OFF,OFF,OFF,OFF,OFF,53.333333333333336,66.0,-256,-256,-256,66.343,64.593,64.968,64.531,66.343,6385,3936,15153,OFF,MAXN_SUPER
2026-08-15 23:46:28.212573,12:11:13.950000,20,17,14,11,68,40,0.6243985098500351,0.0023004512581619807,0,99.7,OFF,115200,499200,OFF,537600,OFF,115200,OFF,OFF,OFF,OFF,OFF,53.333333333333336,65.437,-256,-256,-256,66.468,64.531,65.062,64.593,66.468,6643,4045,15629,OFF,MAXN_SUPER
2026-08-15 23:46:29.212573,12:11:14.950000,9,14,11,4,64,49,0.6255815923859601,0.0023004512581619807,0,99.6,OFF,115200,499200,OFF,537600,OFF,115200,OFF,OFF,OFF,OFF,OFF,53.333333333333336,65.468,-256,-256,-256,66.687,64.656,65.093,64.718,66.25,6461,4006,15321,OFF,MAXN_SUPER
2026-08-15 23:46:30.214871,12:11:15.950000,18,8,19,20,42,59,0.6248503816519508,0.0023004512581619807,0,23.0,OFF,115200,499200,OFF,537600,OFF,115200,OFF,OFF,OFF,OFF,OFF,53.333333333333336,65.781,-256,-256,-256,65.562,64.718,65.062,64.593,65.781,6385,3936,15114,OFF,MAXN_SUPER
2026-08-15 23:46:31.216934,12:11:16.950000,7,16,4,16,53,61,0.6253895468701459,0.0023004512581619807,0,10.9,OFF,115200,499200,OFF,537600,OFF,115200,OFF,OFF,OFF,OFF,OFF,53.333333333333336,65.437,-256,-256,-256,65.531,64.656,65.125,64.625,65.531,5971,3859,14496,OFF,MAXN_SUPER
2026-08-15 23:46:32.217300,12:11:17.950000,8,13,7,7,65,50,0.626685083865866,0.0023004512581619807,0,7.2,OFF,115200,499200,OFF,537600,OFF,115200,OFF,OFF,OFF,OFF,OFF,53.333333333333336,65.406,-256,-256,-256,66.062,64.687,65.218,64.625,66.062,6048,3859,14611,OFF,MAXN_SUPER
2026-08-15 23:46:33.217721,12:11:18.950000,31,14,5,10,64,49,0.6279457034950744,0.0023004512581619807,0,10.4,OFF,115200,499200,OFF,537600,OFF,115200,OFF,OFF,OFF,OFF,OFF,53.333333333333336,65.531,-256,-256,-256,66.062,64.75,65.187,64.656,66.062,6087,3859,14650,OFF,MAXN_SUPER
2026-08-15 23:46:34.219572,12:11:19.950000,62,16,10,6,11,41,0.6290322497824083,0.0023004512581619807,0,57.1,OFF,115200,499200,OFF,537600,OFF,115200,OFF,OFF,OFF,OFF,OFF,53.333333333333336,65.5,-256,-256,-256,65.75,64.625,65.312,64.625,65.75,5625,3826,14132,OFF,MAXN_SUPER
2026-08-15 23:46:35.220924,12:11:20.950000,54,15,6,12,26,33,0.6300094225540513,0.0023004512581619807,0,99.5,OFF,115200,499200,OFF,537600,OFF,115200,OFF,OFF,OFF,OFF,OFF,53.333333333333336,65.468,-256,-256,-256,66.156,64.718,65.156,64.687,66.156,5856,3936,14496,OFF,MAXN_SUPER
2026-08-15 23:46:36.221980,12:11:21.960000,18,10,11,21,63,44,0.6312962302081434,0.0023004512581619807,0,75.0,OFF,115200,499200,OFF,537600,OFF,115200,OFF,OFF,OFF,OFF,OFF,53.333333333333336,65.437,-256,-256,-256,65.781,64.687,65.187,64.625,65.875,5971,3897,14573,OFF,MAXN_SUPER
2026-08-15 23:46:37.222377,12:11:22.960000,5,3,18,7,67,46,0.6298142960941331,0.0023004512581619807,0,99.5,OFF,115200,499200,OFF,537600,OFF,115200,OFF,OFF,OFF,OFF,OFF,53.333333333333336,65.281,-256,-256,-256,66.0,64.718,65.218,64.656,66.0,5817,3904,14457,OFF,MAXN_SUPER
2026-08-15 23:46:38.224339,12:11:23.960000,18,9,13,19,63,50,0.6287549648130509,0.0023004512581619807,0,99.8,OFF,115200,499200,OFF,537600,OFF,115200,OFF,OFF,OFF,OFF,OFF,53.333333333333336,65.531,-256,-256,-256,66.593,64.687,65.343,64.656,66.593,5961,3974,14805,OFF,MAXN_SUPER
2026-08-15 23:46:39.226191,12:11:24.960000,17,4,12,8,65,47,0.6288011789746104,0.0023004512581619807,0,99.8,OFF,115200,499200,OFF,537600,OFF,115200,OFF,OFF,OFF,OFF,OFF,53.333333333333336,65.375,-256,-256,-256,66.187,64.656,65.312,64.625,66.187,5740,3897,14496,OFF,MAXN_SUPER
2026-08-15 23:46:40.226595,12:11:25.960000,16,4,11,10,65,47,0.6284638155952256,0.0023004512581619807,0,12.4,OFF,115200,499200,OFF,537600,OFF,115200,OFF,OFF,OFF,OFF,OFF,53.333333333333336,65.468,-256,-256,-256,66.156,64.718,65.312,64.687,66.031,5441,3788,13861,OFF,MAXN_SUPER
2026-08-15 23:46:41.227828,12:11:26.960000,22,3,7,15,46,66,0.6296227640690029,0.0023004512581619807,0,15.3,OFF,115200,499200,OFF,537600,OFF,115200,OFF,OFF,OFF,OFF,OFF,53.333333333333336,65.281,-256,-256,-256,65.5,64.656,65.218,64.656,65.5,5441,3788,13861,OFF,MAXN_SUPER
2026-08-15 23:46:42.229301,12:11:27.960000,8,10,27,8,29,65,0.6285634327879206,0.0023004512581619807,0,50.6,OFF,115200,499200,OFF,537600,OFF,115200,OFF,OFF,OFF,OFF,OFF,53.333333333333336,65.562,-256,-256,-256,65.625,64.625,65.218,64.687,65.625,5625,3826,14171,OFF,MAXN_SUPER
2026-08-15 23:46:43.228745,12:11:28.960000,25,35,14,24,11,56,0.6277356858053202,0.0023004512581619807,0,99.4,OFF,115200,499200,OFF,537600,OFF,115200,OFF,OFF,OFF,OFF,OFF,53.333333333333336,65.437,-256,-256,-256,65.937,64.843,65.218,64.75,65.937,5817,3897,14457,OFF,MAXN_SUPER
2026-08-15 23:46:44.230728,12:11:29.960000,37,12,14,24,26,49,0.6279092456565106,0.0023004512581619807,0,99.6,OFF,115200,499200,OFF,537600,OFF,115200,OFF,OFF,OFF,OFF,OFF,53.333333333333336,65.562,-256,-256,-256,66.25,64.718,65.281,64.812,66.25,5971,3936,14727,OFF,MAXN_SUPER
2026-08-15 23:46:45.233936,12:11:30.970000,35,14,25,22,19,47,0.6226084813256275,0.0023004512581619807,0,99.8,OFF,115200,499200,OFF,537600,OFF,115200,OFF,OFF,OFF,OFF,OFF,53.333333333333336,65.593,-256,-256,-256,66.437,64.656,65.281,64.906,66.437,6038,3936,14805,OFF,MAXN_SUPER
2026-08-15 23:46:46.234116,12:11:31.970000,14,12,46,11,25,41,0.6238172383957524,0.0023004512581619807,0,99.7,OFF,153600,499200,OFF,537600,OFF,115200,OFF,OFF,OFF,OFF,OFF,53.333333333333336,65.687,-256,-256,-256,66.375,64.812,65.281,64.718,66.375,6077,3974,14959,OFF,MAXN_SUPER
2026-08-15 23:46:47.235753,12:11:32.970000,22,6,5,8,65,48,0.6252575797643591,0.0023004512581619807,0,99.7,OFF,115200,499200,OFF,537600,OFF,115200,OFF,OFF,OFF,OFF,OFF,53.333333333333336,65.5,-256,-256,-256,66.656,64.625,65.437,64.75,66.656,5933,3974,14727,OFF,MAXN_SUPER
2026-08-15 23:46:48.236630,12:11:33.970000,19,17,5,13,64,47,0.6223039813500184,0.0023004512581619807,0,82.4,OFF,115200,499200,OFF,537600,OFF,115200,OFF,OFF,OFF,OFF,OFF,53.333333333333336,65.468,-256,-256,-256,66.5,64.75,65.312,64.812,66.5,5779,3897,14457,OFF,MAXN_SUPER
2026-08-15 23:46:49.240250,12:11:34.970000,14,13,2,8,64,50,0.6244996675147821,0.0023004512581619807,0,35.9,OFF,115200,499200,OFF,537600,OFF,115200,OFF,OFF,OFF,OFF,OFF,53.333333333333336,65.5,-256,-256,-256,66.125,64.812,65.25,64.687,66.375,5548,3826,14055,OFF,MAXN_SUPER
2026-08-15 23:46:50.238318,12:11:35.980000,18,9,15,8,66,47,0.6257335856284227,0.0023004512581619807,0,11.5,OFF,204800,499200,OFF,537600,OFF,115200,OFF,OFF,OFF,OFF,OFF,53.333333333333336,65.343,-256,-256,-256,65.968,64.906,65.25,64.687,65.968,5586,3826,14171,OFF,MAXN_SUPER
2026-08-15 23:46:51.241176,12:11:36.980000,21,14,32,10,41,43,0.6271806023759214,0.0023004512581619807,0,99.8,OFF,115200,499200,OFF,537600,OFF,115200,OFF,OFF,OFF,OFF,OFF,53.333333333333336,65.781,-256,-256,-256,66.718,64.812,65.468,64.875,66.718,6758,4083,15861,OFF,MAXN_SUPER
2026-08-15 23:46:52.241447,12:11:37.980000,23,17,29,12,13,58,0.6284802472971134,0.0023004512581619807,0,99.6,OFF,115200,499200,OFF,537600,OFF,115200,OFF,OFF,OFF,OFF,OFF,53.333333333333336,65.687,-256,-256,-256,66.531,64.843,65.343,64.937,66.312,6385,4013,15243,OFF,MAXN_SUPER
2026-08-15 23:46:53.242800,12:11:38.980000,28,17,41,18,37,24,0.6298574293115887,0.0023004512581619807,0,11.2,OFF,115200,499200,OFF,537600,OFF,115200,OFF,OFF,OFF,OFF,OFF,53.333333333333336,65.937,-256,-256,-256,66.093,64.843,65.406,65.0,66.093,6087,3897,14727,OFF,MAXN_SUPER
2026-08-15 23:46:54.243640,12:11:39.980000,34,8,35,7,2,63,0.6308258727416037,0.0023004512581619807,0,17.1,OFF,115200,499200,OFF,537600,OFF,115200,OFF,OFF,OFF,OFF,OFF,53.333333333333336,65.687,-256,-256,-256,65.875,65.0,65.312,64.875,65.875,5625,3826,14132,OFF,MAXN_SUPER
2026-08-15 23:46:55.244837,12:11:40.980000,21,8,12,21,54,47,0.6321712183336714,0.0023004512581619807,0,99.7,OFF,153600,499200,OFF,537600,OFF,115200,OFF,OFF,OFF,OFF,OFF,53.333333333333336,65.75,-256,-256,-256,66.718,65.031,65.437,65.0,66.843,6538,4006,15398,OFF,MAXN_SUPER
2026-08-15 23:46:56.246288,12:11:41.980000,40,6,20,5,16,57,0.6333686786087483,0.0023004512581619807,0,99.7,OFF,230400,499200,OFF,537600,OFF,115200,OFF,OFF,OFF,OFF,OFF,53.333333333333336,65.687,-256,-256,-256,67.031,65.0,65.625,65.062,67.031,6423,3968,15243,OFF,MAXN_SUPER
2026-08-15 23:46:57.247334,12:11:42.980000,7,13,12,6,48,66,0.6342467476783803,0.0023004512581619807,0,99.7,OFF,115200,499200,OFF,537600,OFF,115200,OFF,OFF,OFF,OFF,OFF,53.333333333333336,65.781,-256,-256,-256,66.75,64.968,65.5,65.0,66.75,6346,4006,15243,OFF,MAXN_SUPER
2026-08-15 23:46:58.248829,12:11:43.980000,7,8,18,14,48,64,0.6305496147536144,0.0023004512581619807,0,86.8,OFF,115200,499200,OFF,537600,OFF,115200,OFF,OFF,OFF,OFF,OFF,53.333333333333336,65.656,-256,-256,-256,66.437,64.937,65.531,64.968,66.437,5702,3897,14302,OFF,MAXN_SUPER
2026-08-15 23:46:59.249520,12:11:44.980000,6,11,16,6,50,64,0.6253607913918422,0.0023004512581619807,0,81.2,OFF,115200,499200,OFF,537600,OFF,115200,OFF,OFF,OFF,OFF,OFF,53.333333333333336,65.656,-256,-256,-256,66.718,64.937,65.562,65.0,66.718,5663,3859,14302,OFF,MAXN_SUPER
2026-08-15 23:47:00.251874,12:11:45.980000,9,13,19,27,54,63,0.6264802010829519,0.0023004512581619807,0,14.3,OFF,115200,499200,OFF,537600,OFF,115200,OFF,OFF,OFF,OFF,OFF,53.333333333333336,65.812,-256,-256,-256,66.687,65.031,65.437,64.906,66.687,5894,3897,14611,OFF,MAXN_SUPER
2026-08-15 23:47:01.251530,12:11:46.990000,6,10,16,10,64,48,0.627765468264992,0.0023004512581619807,0,11.5,OFF,115200,499200,OFF,537600,OFF,115200,OFF,OFF,OFF,OFF,OFF,53.333333333333336,65.687,-256,-256,-256,65.875,64.875,65.562,64.906,65.875,5509,3826,13977,OFF,MAXN_SUPER
2026-08-15 23:47:02.252674,12:11:47.990000,9,10,31,17,48,66,0.6270758502763863,0.0023004512581619807,0,15.6,OFF,115200,499200,OFF,537600,OFF,115200,OFF,OFF,OFF,OFF,OFF,53.333333333333336,65.875,-256,-256,-256,65.718,65.031,65.5,65.0,65.718,5663,3826,14132,OFF,MAXN_SUPER
2026-08-15 23:47:03.254075,12:11:48.990000,12,7,21,42,56,16,0.6262136994179583,0.0023004512581619807,0,54.8,OFF,115200,499200,OFF,537600,OFF,115200,OFF,OFF,OFF,OFF,OFF,53.333333333333336,65.781,-256,-256,-256,66.125,65.031,65.531,65.031,66.125,5663,3865,14148,OFF,MAXN_SUPER
2026-08-15 23:47:04.254679,12:11:49.990000,29,24,21,14,28,36,0.6262701833931978,0.0023004512581619807,0,89.7,OFF,115200,499200,OFF,537600,OFF,115200,OFF,OFF,OFF,OFF,OFF,53.333333333333336,65.781,-256,-256,-256,66.218,65.062,65.531,65.031,66.25,5856,3897,14457,OFF,MAXN_SUPER
2026-08-15 23:47:05.256291,12:11:50.990000,35,6,29,39,5,58,0.6258388512186418,0.0023004512581619807,0,7.2,OFF,115200,499200,OFF,537600,OFF,115200,OFF,OFF,OFF,OFF,OFF,53.333333333333336,65.906,-256,-256,-256,66.0,64.968,65.593,65.0,66.25,6077,3897,14727,OFF,MAXN_SUPER
2026-08-15 23:47:06.257732,12:11:51.990000,15,24,24,40,18,40,0.6259528461504887,0.0023004512581619807,0,5.3,OFF,115200,499200,OFF,537600,OFF,115200,OFF,OFF,OFF,OFF,OFF,53.333333333333336,65.968,-256,-256,-256,66.718,65.187,65.5,65.062,66.718,6385,3974,15089,OFF,MAXN_SUPER
2026-08-15 23:47:07.258393,12:11:52.990000,8,12,27,49,11,49,0.6252303647581073,0.0023004512581619807,0,8.8,OFF,115200,499200,OFF,537600,OFF,115200,OFF,OFF,OFF,OFF,OFF,53.333333333333336,66.218,-256,-256,-256,66.562,65.156,65.718,65.125,66.562,5971,3820,14418,OFF,MAXN_SUPER
2026-08-15 23:47:08.259496,12:11:53.990000,25,42,18,12,42,24,0.6267020290584379,0.0023004512581619807,0,18.0,OFF,115200,499200,OFF,537600,OFF,115200,OFF,OFF,OFF,OFF,OFF,53.333333333333336,65.937,-256,-256,-256,66.343,65.031,65.593,65.0,66.343,5548,3826,14055,OFF,MAXN_SUPER
2026-08-15 23:47:09.260919,12:11:55,22,50,11,4,59,7,0.627655581258617,0.0023004512581619807,0,12.9,OFF,115200,499200,OFF,537600,OFF,115200,OFF,OFF,OFF,OFF,OFF,53.333333333333336,65.937,-256,-256,-256,66.375,65.093,65.625,65.0,66.375,5625,3826,14132,OFF,MAXN_SUPER
2026-08-15 23:47:10.262864,12:11:56,17,19,37,15,16,55,0.6287066966887553,0.0023004512581619807,0,75.4,OFF,115200,499200,OFF,537600,OFF,115200,OFF,OFF,OFF,OFF,OFF,53.333333333333336,66.093,-256,-256,-256,66.125,65.156,65.562,65.093,66.125,5740,3859,14341,OFF,MAXN_SUPER
2026-08-15 23:47:11.261723,12:11:57,28,10,24,10,9,61,0.6297911890133533,0.0023004512581619807,0,99.5,OFF,115200,499200,OFF,537600,OFF,115200,OFF,OFF,OFF,OFF,OFF,53.333333333333336,65.875,-256,-256,-256,66.343,65.125,65.562,65.062,66.343,5779,3897,14496,OFF,MAXN_SUPER
2026-08-15 23:47:12.264733,12:11:58,40,15,19,19,9,61,0.6308900590771032,0.0023004512581619807,0,99.6,OFF,115200,499200,OFF,537600,OFF,115200,OFF,OFF,OFF,OFF,OFF,53.333333333333336,66.031,-256,-256,-256,66.781,65.093,65.625,65.156,66.781,6231,3974,14998,OFF,MAXN_SUPER
2026-08-15 23:47:13.265566,12:11:59,50,19,6,18,30,26,0.6320207655632608,0.0023004512581619807,0,28.4,OFF,115200,499200,OFF,537600,OFF,115200,OFF,OFF,OFF,OFF,OFF,53.333333333333336,66.218,-256,-256,-256,66.187,65.125,65.562,65.187,66.218,5971,3859,14496,OFF,MAXN_SUPER
2026-08-15 23:47:14.266730,12:12:00,52,5,10,11,8,62,0.633184848943878,0.0023004512581619807,0,10.4,OFF,115200,499200,OFF,537600,OFF,115200,OFF,OFF,OFF,OFF,OFF,53.333333333333336,66.156,-256,-256,-256,66.218,65.187,65.656,65.031,66.156,5971,3820,14457,OFF,MAXN_SUPER
2026-08-15 23:47:15.267688,12:12:01,48,6,9,16,17,63,0.6344351987594065,0.0023004512581619807,0,11.7,OFF,115200,499200,OFF,537600,OFF,115200,OFF,OFF,OFF,OFF,OFF,53.333333333333336,65.843,-256,-256,-256,66.062,65.218,65.718,65.062,66.218,5971,3820,14418,OFF,MAXN_SUPER
2026-08-15 23:47:16.269189,12:12:02,58,12,10,6,51,4,0.6355366362765763,0.0023004512581619807,0,35.3,OFF,115200,499200,OFF,537600,OFF,115200,OFF,OFF,OFF,OFF,OFF,53.333333333333336,65.906,-256,-256,-256,66.281,65.156,65.718,65.218,66.281,5740,3865,14225,OFF,MAXN_SUPER
2026-08-15 23:47:17.269604,12:12:03,23,44,17,15,33,33,0.6368604152599161,0.0023004512581619807,0,89.9,OFF,115200,499200,OFF,537600,OFF,115200,OFF,OFF,OFF,OFF,OFF,53.333333333333336,66.281,-256,-256,-256,66.187,65.125,65.656,65.218,66.281,5856,3897,14496,OFF,MAXN_SUPER
2026-08-15 23:47:18.269347,12:12:04.010000,16,18,19,22,27,54,0.6379762305162379,0.0023004512581619807,0,9.4,OFF,115200,499200,OFF,537600,OFF,115200,OFF,OFF,OFF,OFF,OFF,53.333333333333336,65.875,-256,-256,-256,66.406,65.125,65.687,65.125,66.093,5894,3859,14418,OFF,MAXN_SUPER
2026-08-15 23:47:19.272272,12:12:05.010000,30,18,50,35,25,8,0.6336120731929621,0.0023004512581619807,0,99.5,OFF,115200,499200,OFF,537600,OFF,115200,OFF,OFF,OFF,OFF,OFF,53.333333333333336,66.437,-256,-256,-256,66.718,65.25,65.687,65.281,66.718,6988,4122,16104,OFF,MAXN_SUPER
2026-08-15 23:47:20.273748,12:12:06.010000,45,25,10,11,27,43,0.6339787055413347,0.0023004512581619807,0,9.9,OFF,115200,499200,OFF,537600,OFF,115200,OFF,OFF,OFF,OFF,OFF,53.333333333333336,66.281,-256,-256,-256,66.593,65.375,65.656,65.25,66.281,6115,3859,14650,OFF,MAXN_SUPER
2026-08-15 23:47:21.274441,12:12:07.010000,40,9,15,14,6,64,0.6335412114785708,0.0023004512581619807,0,9.8,OFF,115200,499200,OFF,537600,OFF,115200,OFF,OFF,OFF,OFF,OFF,53.333333333333336,66.312,-256,-256,-256,66.093,65.375,65.687,65.281,66.125,5933,3859,14418,OFF,MAXN_SUPER
2026-08-15 23:47:22.275768,12:12:08.010000,24,31,29,15,2,65,0.6331037174158067,0.0023004512581619807,0,12.4,OFF,115200,499200,OFF,537600,OFF,115200,OFF,OFF,OFF,OFF,OFF,53.333333333333336,66.312,-256,-256,-256,66.656,65.25,65.687,65.312,66.656,6077,3859,14727,OFF,MAXN_SUPER
2026-08-15 23:47:23.276826,12:12:09.010000,13,44,15,15,3,65,0.6317907217368309,0.0023004512581619807,0,8.7,OFF,115200,499200,OFF,537600,OFF,115200,OFF,OFF,OFF,OFF,OFF,53.333333333333336,66.062,-256,-256,-256,66.125,65.25,65.718,65.25,66.125,5663,3826,14186,OFF,MAXN_SUPER
2026-08-15 23:47:24.277865,12:12:10.010000,29,23,23,13,16,65,0.63080225217014,0.0023004512581619807,0,99.5,OFF,217600,499200,OFF,537600,OFF,115200,OFF,OFF,OFF,OFF,OFF,53.333333333333336,65.968,-256,-256,-256,66.437,65.125,65.75,65.281,66.437,5856,3859,14457,OFF,MAXN_SUPER
2026-08-15 23:47:25.279311,12:12:11.010000,23,16,21,9,33,51,0.6308731138845314,0.0023004512581619807,0,99.8,OFF,115200,499200,OFF,537600,OFF,115200,OFF,OFF,OFF,OFF,OFF,53.333333333333336,66.187,-256,-256,-256,66.968,65.281,65.718,65.25,66.968,6000,3974,14805,OFF,MAXN_SUPER
2026-08-15 23:47:26.280307,12:12:12.010000,20,19,10,7,50,44,0.6303683525421641,0.0023004512581619807,0,24.4,OFF,115200,499200,OFF,537600,OFF,115200,OFF,OFF,OFF,OFF,OFF,53.333333333333336,66.062,-256,-256,-256,66.343,65.187,65.781,65.312,66.437,6154,3897,14882,OFF,MAXN_SUPER
2026-08-15 23:47:27.281518,12:12:13.020000,23,24,17,7,35,57,0.6297516502306857,0.0023004512581619807,0,70.2,OFF,115200,499200,OFF,537600,OFF,115200,OFF,OFF,OFF,OFF,OFF,53.333333333333336,66.125,-256,-256,-256,66.437,65.281,65.812,65.343,66.281,5817,3859,14380,OFF,MAXN_SUPER
2026-08-15 23:47:28.281810,12:12:14.020000,18,9,48,11,22,45,0.6292463753976344,0.0023004512581619807,0,99.6,OFF,153600,499200,OFF,537600,OFF,115200,OFF,OFF,OFF,OFF,OFF,53.333333333333336,65.968,-256,-256,-256,66.531,65.218,65.781,65.25,66.531,5769,3897,14496,OFF,MAXN_SUPER
2026-08-15 23:47:29.284272,12:12:15.020000,35,12,18,19,44,39,0.6290589512979761,0.0023004512581619807,0,99.7,OFF,166400,499200,OFF,537600,OFF,115200,OFF,OFF,OFF,OFF,OFF,53.333333333333336,66.156,-256,-256,-256,67.156,65.375,65.781,65.218,67.156,5894,3897,14573,OFF,MAXN_SUPER
2026-08-15 23:47:30.284690,12:12:16.020000,28,29,10,12,8,65,0.6308335751018637,0.0023004512581619807,0,99.7,OFF,115200,499200,OFF,537600,OFF,115200,OFF,OFF,OFF,OFF,OFF,53.333333333333336,66.031,-256,-256,-256,67.218,65.312,65.75,65.218,67.218,5817,3936,14611,OFF,MAXN_SUPER
2026-08-15 23:47:31.286263,12:12:17.020000,31,19,11,21,13,66,0.6319488768675015,0.0023004512581619807,0,81.0,OFF,115200,499200,OFF,537600,OFF,115200,OFF,OFF,OFF,OFF,OFF,53.333333333333336,65.968,-256,-256,-256,66.687,65.218,65.843,65.25,66.687,5663,3859,14186,OFF,MAXN_SUPER
2026-08-15 23:47:32.287402,12:12:18.020000,14,41,18,12,13,66,0.6328300268812374,0.0023004512581619807,0,13.0,OFF,115200,499200,OFF,537600,OFF,115200,OFF,OFF,OFF,OFF,OFF,53.333333333333336,66.156,-256,-256,-256,65.968,65.312,65.75,65.187,66.156,5393,3788,13900,OFF,MAXN_SUPER
2026-08-15 23:47:33.289189,12:12:19.020000,24,31,6,12,11,65,0.6339083573176274,0.0023004512581619807,0,94.9,OFF,115200,499200,OFF,537600,OFF,115200,OFF,OFF,OFF,OFF,OFF,53.333333333333336,66.0,-256,-256,-256,66.25,65.281,65.843,65.187,66.25,5663,3859,14225,OFF,MAXN_SUPER
2026-08-15 23:47:34.289873,12:12:20.020000,43,31,12,44,16,8,0.6351314921269041,0.0023004512581619807,0,63.9,OFF,115200,499200,OFF,537600,OFF,115200,OFF,OFF,OFF,OFF,OFF,53.333333333333336,66.156,-256,-256,-256,66.937,65.312,65.75,65.406,66.937,6308,3968,15128,OFF,MAXN_SUPER
2026-08-15 23:47:35.290674,12:12:21.030000,23,38,19,22,40,24,0.6362719549360576,0.0023004512581619807,0,50.4,OFF,115200,499200,OFF,537600,OFF,115200,OFF,OFF,OFF,OFF,OFF,53.333333333333336,66.093,-256,-256,-256,66.968,65.312,65.906,65.312,66.781,5961,3897,14611,OFF,MAXN_SUPER
2026-08-15 23:47:36.291900,12:12:22.030000,28,22,20,5,16,65,0.6374837929502865,0.0023004512581619807,0,13.1,OFF,115200,499200,OFF,537600,OFF,115200,OFF,OFF,OFF,OFF,OFF,53.333333333333336,66.187,-256,-256,-256,66.281,65.375,65.812,65.343,66.281,5586,3826,14032,OFF,MAXN_SUPER
2026-08-15 23:47:37.293738,12:12:23.030000,48,10,15,4,19,63,0.6384358046784137,0.0023004512581619807,0,92.9,OFF,115200,499200,OFF,537600,OFF,115200,OFF,OFF,OFF,OFF,OFF,53.333333333333336,66.0,-256,-256,-256,66.562,65.468,65.843,65.375,66.562,5702,3859,14225,OFF,MAXN_SUPER
2026-08-15 23:47:38.293301,12:12:24.030000,50,23,8,5,0,64,0.6395038653011238,0.0023004512581619807,0,99.6,OFF,217600,499200,OFF,537600,OFF,115200,OFF,OFF,OFF,OFF,OFF,53.333333333333336,66.0,-256,-256,-256,66.625,65.437,65.781,65.5,66.625,5884,3936,14573,OFF,MAXN_SUPER
2026-08-15 23:47:39.297304,12:12:25.030000,8,33,11,6,42,65,0.6365579692470429,0.0023004512581619807,0,99.7,OFF,115200,499200,OFF,537600,OFF,115200,OFF,OFF,OFF,OFF,OFF,53.333333333333336,66.281,-256,-256,-256,67.218,65.343,65.812,65.312,67.218,6077,3974,14921,OFF,MAXN_SUPER
2026-08-15 23:47:40.298586,12:12:26.030000,7,10,22,47,11,58,0.6386273367035439,0.0023004512581619807,0,99.7,OFF,153600,499200,OFF,537600,OFF,115200,OFF,OFF,OFF,OFF,OFF,53.333333333333336,66.218,-256,-256,-256,67.156,65.437,65.843,65.375,67.156,6000,4013,14882,OFF,MAXN_SUPER
2026-08-15 23:47:41.300697,12:12:27.030000,20,31,17,14,1,64,0.63947767727624,0.0023004512581619807,0,99.7,OFF,115200,499200,OFF,537600,OFF,115200,OFF,OFF,OFF,OFF,OFF,53.333333333333336,66.156,-256,-256,-256,67.156,65.437,66.0,65.343,67.156,5923,3974,14766,OFF,MAXN_SUPER
2026-08-15 23:47:42.298344,12:12:28.040000,41,17,13,19,39,37,0.6347448336418556,0.0023004512581619807,0,99.8,OFF,204800,499200,OFF,537600,OFF,115200,OFF,OFF,OFF,OFF,OFF,53.333333333333336,66.187,-256,-256,-256,67.0,65.468,65.843,65.437,67.0,6192,4052,15050,OFF,MAXN_SUPER
2026-08-15 23:47:43.300092,12:12:29.040000,49,7,13,20,11,54,0.6238110765075444,0.0023004512581619807,0,99.8,OFF,115200,499200,OFF,537600,OFF,115200,OFF,OFF,OFF,OFF,OFF,53.333333333333336,66.343,-256,-256,-256,67.062,65.437,65.875,65.375,67.062,6038,3974,14882,OFF,MAXN_SUPER
2026-08-15 23:47:44.301142,12:12:30.040000,46,4,17,17,17,62,0.6251148293542085,0.0023004512581619807,0,99.8,OFF,115200,499200,OFF,537600,OFF,115200,OFF,OFF,OFF,OFF,OFF,53.333333333333336,66.187,-256,-256,-256,67.218,65.312,65.906,65.406,67.218,6077,3974,14843,OFF,MAXN_SUPER
2026-08-15 23:47:45.301939,12:12:31.040000,6,4,13,16,49,63,0.6260175459766721,0.0023004512581619807,0,99.7,OFF,115200,499200,OFF,537600,OFF,115200,OFF,OFF,OFF,OFF,OFF,53.333333333333336,66.218,-256,-256,-256,67.125,65.406,65.843,65.437,66.968,5856,3936,14496,OFF,MAXN_SUPER
2026-08-15 23:47:46.302918,12:12:32.040000,6,12,13,11,49,60,0.6268458064499565,0.0023004512581619807,0,12.0,OFF,115200,499200,OFF,537600,OFF,115200,OFF,OFF,OFF,OFF,OFF,53.333333333333336,66.156,-256,-256,-256,66.375,65.437,65.781,65.281,66.375,5402,3749,13784,OFF,MAXN_SUPER
2026-08-15 23:47:47.304143,12:12:33.040000,48,9,13,15,19,47,0.627550315668398,0.0023004512581619807,0,34.5,OFF,115200,499200,OFF,537600,OFF,115200,OFF,OFF,OFF,OFF,OFF,53.333333333333336,66.062,-256,-256,-256,66.531,65.5,65.875,65.343,66.531,5586,3826,14032,OFF,MAXN_SUPER
2026-08-15 23:47:48.305180,12:12:34.040000,17,25,28,26,2,48,0.628846366154802,0.0023004512581619807,0,99.5,OFF,115200,499200,OFF,537600,OFF,115200,OFF,OFF,OFF,OFF,OFF,53.333333333333336,66.5,-256,-256,-256,66.843,65.5,65.875,65.375,66.843,5884,3897,14534,OFF,MAXN_SUPER
2026-08-15 23:47:49.307729,12:12:35.040000,10,16,25,50,3,50,0.6298117286407131,0.0023004512581619807,0,99.7,OFF,115200,499200,OFF,537600,OFF,115200,OFF,OFF,OFF,OFF,OFF,53.333333333333336,66.187,-256,-256,-256,67.093,65.5,65.906,65.437,67.093,6077,3974,14882,OFF,MAXN_SUPER
2026-08-15 23:47:50.307140,12:12:36.040000,23,8,18,19,28,51,0.6311129140339571,0.0023004512581619807,0,99.7,OFF,140800,499200,OFF,537600,OFF,115200,OFF,OFF,OFF,OFF,OFF,53.333333333333336,66.312,-256,-256,-256,67.062,65.406,66.0,65.406,67.062,5817,3897,14534,OFF,MAXN_SUPER
2026-08-15 23:47:51.309565,12:12:37.040000,9,26,9,16,64,44,0.6320259004701008,0.0023004512581619807,0,99.8,OFF,115200,499200,OFF,537600,OFF,115200,OFF,OFF,OFF,OFF,OFF,53.333333333333336,66.406,-256,-256,-256,67.031,65.437,65.906,65.531,67.031,6115,3974,14921,OFF,MAXN_SUPER
2026-08-15 23:47:52.310187,12:12:38.040000,13,7,19,48,55,11,0.6332177123476538,0.0023004512581619807,0,41.5,OFF,115200,499200,OFF,537600,OFF,115200,OFF,OFF,OFF,OFF,OFF,53.333333333333336,66.25,-256,-256,-256,66.812,65.312,65.937,65.437,66.812,5702,3859,14302,OFF,MAXN_SUPER
2026-08-15 23:47:53.310530,12:12:39.050000,8,14,24,44,50,11,0.6344264694177786,0.0023004512581619807,0,9.9,OFF,115200,499200,OFF,537600,OFF,115200,OFF,OFF,OFF,OFF,OFF,53.333333333333336,66.156,-256,-256,-256,66.656,65.437,65.968,65.312,66.593,5509,3826,13954,OFF,MAXN_SUPER
2026-08-15 23:47:54.311851,12:12:40.050000,6,12,19,62,40,17,0.6355566624132521,0.0023004512581619807,0,99.5,OFF,115200,499200,OFF,537600,OFF,115200,OFF,OFF,OFF,OFF,OFF,53.333333333333336,66.406,-256,-256,-256,66.656,65.5,65.906,65.343,66.656,5740,3859,14302,OFF,MAXN_SUPER
2026-08-15 23:47:55.312822,12:12:41.050000,5,5,4,62,21,49,0.6365569422656749,0.0023004512581619807,0,99.6,OFF,204800,499200,OFF,537600,OFF,115200,OFF,OFF,OFF,OFF,OFF,53.333333333333336,66.468,-256,-256,-256,67.187,65.343,65.937,65.468,67.187,5961,3974,14805,OFF,MAXN_SUPER
2026-08-15 23:47:56.314719,12:12:42.050000,13,15,51,27,15,39,0.6377297549879202,0.0023004512581619807,0,99.7,OFF,115200,499200,OFF,537600,OFF,115200,OFF,OFF,OFF,OFF,OFF,53.333333333333336,66.437,-256,-256,-256,67.281,65.375,66.093,65.5,67.281,6374,4045,15436,OFF,MAXN_SUPER
2026-08-15 23:47:57.315476,12:12:43.050000,5,11,18,66,14,30,0.6386519842563756,0.0023004512581619807,0,23.2,OFF,115200,499200,OFF,537600,OFF,115200,OFF,OFF,OFF,OFF,OFF,53.333333333333336,66.156,-256,-256,-256,66.687,65.531,65.906,65.5,66.687,6115,3859,14727,OFF,MAXN_SUPER
2026-08-15 23:47:58.317232,12:12:44.050000,7,11,19,63,5,47,0.6397020727051459,0.0023004512581619807,0,93.8,OFF,115200,499200,OFF,537600,OFF,115200,OFF,OFF,OFF,OFF,OFF,53.333333333333336,66.656,-256,-256,-256,66.906,65.468,65.968,65.562,66.906,5961,3897,14573,OFF,MAXN_SUPER
2026-08-15 23:47:59.318349,12:12:45.050000,27,7,14,16,42,51,0.6407716737999081,0.0023004512581619807,0,9.2,OFF,115200,499200,OFF,537600,OFF,115200,OFF,OFF,OFF,OFF,OFF,53.333333333333336,66.468,-256,-256,-256,66.937,65.562,65.937,65.5,66.937,6000,3897,14689,OFF,MAXN_SUPER
2026-08-15 23:48:00.319559,12:12:46.050000,7,6,10,16,64,51,0.6417426846833432,0.0023004512581619807,0,11.6,OFF,115200,499200,OFF,537600,OFF,115200,OFF,OFF,OFF,OFF,OFF,53.333333333333336,66.437,-256,-256,-256,67.187,65.562,65.937,65.5,67.187,6000,3859,14573,OFF,MAXN_SUPER
2026-08-15 23:48:01.320957,12:12:47.050000,12,13,16,36,29,54,0.6376563258201088,0.0023661784369666083,0,16.6,OFF,115200,499200,OFF,537600,OFF,115200,OFF,OFF,OFF,OFF,OFF,53.333333333333336,66.875,-256,-256,-256,66.718,65.656,66.0,65.5,66.718,5625,3820,14109,OFF,MAXN_SUPER
2026-08-15 23:48:02.322051,12:12:48.060000,18,16,16,41,4,65,0.6392887127045298,0.0023661784369666083,0,81.2,OFF,115200,499200,OFF,537600,OFF,115200,OFF,OFF,OFF,OFF,OFF,53.333333333333336,66.562,-256,-256,-256,66.656,65.437,66.093,65.468,66.656,5663,3859,14264,OFF,MAXN_SUPER
2026-08-15 23:48:03.322887,12:12:49.060000,12,11,19,51,5,65,0.6381877886780439,0.0023661784369666083,0,37.5,OFF,115200,499200,OFF,537600,OFF,115200,OFF,OFF,OFF,OFF,OFF,53.333333333333336,66.468,-256,-256,-256,66.687,65.531,66.125,65.5,66.687,6000,3897,14611,OFF,MAXN_SUPER
2026-08-15 23:48:04.323968,12:12:50.060000,11,5,18,48,5,63,0.6391629074869509,0.0023661784369666083,0,22.0,OFF,115200,499200,OFF,537600,OFF,115200,OFF,OFF,OFF,OFF,OFF,53.333333333333336,66.5,-256,-256,-256,66.718,65.656,66.125,65.593,66.718,5817,3859,14380,OFF,MAXN_SUPER
2026-08-15 23:48:05.326291,12:12:51.060000,13,10,10,48,3,65,0.6384291292995217,0.0023661784369666083,0,99.5,OFF,179200,499200,OFF,537600,OFF,115200,OFF,OFF,OFF,OFF,OFF,53.333333333333336,66.406,-256,-256,-256,66.75,65.593,66.031,65.562,66.75,5817,3897,14457,OFF,MAXN_SUPER
2026-08-15 23:48:06.326112,12:12:52.060000,16,23,19,47,46,14,0.6398982261464321,0.0023661784369666083,0,99.7,OFF,115200,499200,OFF,537600,OFF,115200,OFF,OFF,OFF,OFF,OFF,53.333333333333336,66.437,-256,-256,-256,67.093,65.5,66.218,65.531,67.093,5923,3936,14689,OFF,MAXN_SUPER
2026-08-15 23:48:07.327041,12:12:53.060000,9,11,16,6,45,66,0.641104929253821,0.0023661784369666083,0,99.7,OFF,166400,499200,OFF,537600,OFF,115200,OFF,OFF,OFF,OFF,OFF,53.333333333333336,66.218,-256,-256,-256,67.125,65.562,66.093,65.531,67.125,5884,3974,14766,OFF,MAXN_SUPER
2026-08-15 23:48:08.328817,12:12:54.060000,20,11,20,19,50,64,0.6422197175287747,0.0023661784369666083,0,99.7,OFF,115200,499200,OFF,537600,OFF,115200,OFF,OFF,OFF,OFF,OFF,53.333333333333336,66.656,-256,-256,-256,67.375,65.562,66.0,65.593,67.312,6192,4006,15075,OFF,MAXN_SUPER
2026-08-15 23:48:09.330445,12:12:55.060000,9,21,5,10,48,64,0.6433622343006642,0.0023661784369666083,0,99.8,OFF,115200,499200,OFF,537600,OFF,115200,OFF,OFF,OFF,OFF,OFF,53.333333333333336,66.25,-256,-256,-256,67.312,65.5,66.031,65.593,67.312,5663,3859,14302,OFF,MAXN_SUPER
2026-08-15 23:48:10.331259,12:12:56.070000,19,11,4,4,67,48,0.644364568115823,0.0023661784369666083,0,25.9,OFF,115200,499200,OFF,537600,OFF,115200,OFF,OFF,OFF,OFF,OFF,53.333333333333336,66.406,-256,-256,-256,66.937,65.593,66.0,65.531,66.937,5586,3859,14225,OFF,MAXN_SUPER
2026-08-15 23:48:11.332243,12:12:57.070000,6,23,16,8,66,44,0.640557548184682,0.0023661784369666083,0,16.2,OFF,115200,499200,OFF,537600,OFF,115200,OFF,OFF,OFF,OFF,OFF,53.333333333333336,66.343,-256,-256,-256,66.468,65.5,66.156,65.5,66.343,5509,3788,13900,OFF,MAXN_SUPER
2026-08-15 23:48:12.332109,12:12:58.070000,10,7,20,8,65,49,0.6362534692714338,0.0023661784369666083,0,7.1,OFF,115200,499200,OFF,537600,OFF,115200,OFF,OFF,OFF,OFF,OFF,53.333333333333336,66.343,-256,-256,-256,66.906,65.5,66.062,65.531,66.906,5923,3859,14611,OFF,MAXN_SUPER
2026-08-15 23:48:13.334579,12:12:59.070000,8,9,34,14,53,47,0.6343489323244953,0.0023661784369666083,0,11.4,OFF,115200,499200,OFF,537600,OFF,115200,OFF,OFF,OFF,OFF,OFF,53.333333333333336,66.531,-256,-256,-256,66.687,65.5,66.187,65.437,66.687,5740,3820,14302,OFF,MAXN_SUPER
2026-08-15 23:48:14.336320,12:13:00.070000,29,14,24,15,37,28,0.6356449828108993,0.0023661784369666083,0,9.4,OFF,115200,499200,OFF,537600,OFF,115200,OFF,OFF,OFF,OFF,OFF,53.333333333333336,66.25,-256,-256,-256,66.468,65.593,66.062,65.5,66.468,5586,3820,14148,OFF,MAXN_SUPER
2026-08-15 23:48:15.337089,12:13:01.070000,37,39,12,15,43,1,0.6367453933467012,0.0023661784369666083,0,79.6,OFF,115200,499200,OFF,537600,OFF,115200,OFF,OFF,OFF,OFF,OFF,53.333333333333336,66.656,-256,-256,-256,66.781,65.531,65.968,65.531,66.781,5817,3859,14380,OFF,MAXN_SUPER
2026-08-15 23:48:16.336826,12:13:02.070000,26,22,22,6,30,53,0.6379207735223664,0.0023661784369666083,0,99.5,OFF,115200,499200,OFF,537600,OFF,115200,OFF,OFF,OFF,OFF,OFF,53.333333333333336,66.468,-256,-256,-256,66.781,65.5,66.031,65.531,66.781,5884,3936,14573,OFF,MAXN_SUPER
2026-08-15 23:48:17.339168,12:13:03.070000,8,10,50,8,10,66,0.6390201570768003,0.0023661784369666083,0,99.6,OFF,115200,499200,OFF,537600,OFF,115200,OFF,OFF,OFF,OFF,OFF,53.333333333333336,66.312,-256,-256,-256,67.187,65.562,65.906,65.562,67.187,5923,3974,14689,OFF,MAXN_SUPER
2026-08-15 23:48:18.344501,12:13:04.070000,10,8,48,20,23,56,0.6400815423206184,0.0023661784369666083,0,99.7,OFF,217600,499200,OFF,537600,OFF,115200,OFF,OFF,OFF,OFF,OFF,53.333333333333336,66.281,-256,-256,-256,67.468,65.593,66.031,65.593,67.468,6154,4013,14973,OFF,MAXN_SUPER
2026-08-15 23:48:19.344685,12:13:05.080000,16,8,46,3,17,67,0.6412389503223438,0.0023661784369666083,0,99.8,OFF,153600,499200,OFF,537600,OFF,115200,OFF,OFF,OFF,OFF,OFF,53.333333333333336,66.25,-256,-256,-256,67.406,65.593,66.031,65.531,67.406,6038,3974,14882,OFF,MAXN_SUPER
2026-08-15 23:48:20.341602,12:13:06.080000,33,7,14,37,46,13,0.6421344780752315,0.0023661784369666083,0,99.7,OFF,115200,499200,OFF,537600,OFF,115200,OFF,OFF,OFF,OFF,OFF,53.333333333333336,66.5,-256,-256,-256,67.687,65.531,66.156,65.5,67.687,6038,4013,14882,OFF,MAXN_SUPER
2026-08-15 23:48:21.343670,12:13:07.080000,7,17,49,21,37,24,0.6433468295801443,0.0023661784369666083,0,99.6,OFF,115200,499200,OFF,537600,OFF,115200,OFF,OFF,OFF,OFF,OFF,53.333333333333336,66.812,-256,-256,-256,67.125,65.5,66.093,65.625,67.125,6346,4006,15243,OFF,MAXN_SUPER
2026-08-15 23:48:22.345221,12:13:08.080000,25,14,15,43,36,15,0.6448056566133749,0.0023661784369666083,0,15.2,OFF,115200,499200,OFF,537600,OFF,115200,OFF,OFF,OFF,OFF,OFF,53.333333333333336,66.468,-256,-256,-256,67.406,65.687,66.062,65.625,67.406,6566,4045,15513,OFF,MAXN_SUPER
2026-08-15 23:48:23.346544,12:13:09.080000,48,9,16,9,37,40,0.6446464745013364,0.0023661784369666083,0,13.5,OFF,115200,499200,OFF,537600,OFF,115200,OFF,OFF,OFF,OFF,OFF,53.333333333333336,66.468,-256,-256,-256,67.125,65.656,66.093,65.687,67.312,6115,3897,14766,OFF,MAXN_SUPER
2026-08-15 23:48:24.348681,12:13:10.080000,15,11,17,53,5,63,0.6431917553935778,0.0023661784369666083,0,32.8,OFF,115200,499200,OFF,537600,OFF,115200,OFF,OFF,OFF,OFF,OFF,53.333333333333336,66.625,-256,-256,-256,67.437,65.593,66.218,65.781,67.437,6308,3891,15050,OFF,MAXN_SUPER
2026-08-15 23:48:25.347938,12:13:11.080000,27,9,8,50,21,54,0.6434649324374633,0.0023661784369666083,0,73.6,OFF,115200,499200,OFF,537600,OFF,115200,OFF,OFF,OFF,OFF,OFF,53.333333333333336,66.593,-256,-256,-256,67.343,65.687,66.062,65.781,67.343,6451,3968,15166,OFF,MAXN_SUPER
2026-08-15 23:48:26.349177,12:13:12.080000,34,8,28,47,22,13,0.6451630461294356,0.0023661784369666083,0,99.6,OFF,115200,499200,OFF,537600,OFF,115200,OFF,OFF,OFF,OFF,OFF,53.333333333333336,66.875,-256,-256,-256,67.75,65.781,66.093,65.843,67.75,6720,4122,15784,OFF,MAXN_SUPER
2026-08-15 23:48:27.350613,12:13:13.080000,10,5,36,36,51,11,0.6439969087860824,0.0023661784369666083,0,99.7,OFF,115200,499200,OFF,537600,OFF,115200,OFF,OFF,OFF,OFF,OFF,53.333333333333336,66.812,-256,-256,-256,67.562,65.687,66.125,65.781,67.562,6269,4006,15128,OFF,MAXN_SUPER
2026-08-15 23:48:28.351775,12:13:14.090000,44,21,7,26,55,13,0.6386037161320801,0.0023661784369666083,0,99.6,OFF,115200,499200,OFF,537600,OFF,115200,OFF,OFF,OFF,OFF,OFF,53.333333333333336,66.968,-256,-256,-256,67.031,65.656,66.218,65.75,67.031,6346,3929,15128,OFF,MAXN_SUPER
2026-08-15 23:48:29.353160,12:13:15.090000,30,30,11,9,12,62,0.6108916508982236,0.0023661784369666083,0,99.4,OFF,115200,499200,OFF,537600,OFF,115200,OFF,OFF,OFF,OFF,OFF,53.333333333333336,66.406,-256,-256,-256,67.093,65.718,66.25,65.656,67.093,5961,3936,14766,OFF,MAXN_SUPER
2026-08-15 23:48:30.353979,12:13:16.090000,28,26,19,4,16,65,0.6122862915959547,0.0023661784369666083,0,99.8,OFF,140800,499200,OFF,537600,OFF,115200,OFF,OFF,OFF,OFF,OFF,53.333333333333336,66.343,-256,-256,-256,67.531,65.781,66.187,65.718,67.531,6077,3974,14921,OFF,MAXN_SUPER
2026-08-15 23:48:31.357416,12:13:17.090000,21,5,8,31,24,65,0.6130827156468314,0.0023661784369666083,0,99.7,OFF,115200,499200,OFF,537600,OFF,115200,OFF,OFF,OFF,OFF,OFF,53.333333333333336,66.312,-256,-256,-256,67.218,65.625,66.187,65.718,67.218,5884,3936,14650,OFF,MAXN_SUPER
2026-08-15 23:48:32.356499,12:13:18.090000,44,23,7,7,19,65,0.6141363985303897,0.0023661784369666083,0,13.7,OFF,115200,499200,OFF,537600,OFF,115200,OFF,OFF,OFF,OFF,OFF,53.333333333333336,66.562,-256,-256,-256,67.156,65.718,66.218,65.718,66.937,5470,3788,13861,OFF,MAXN_SUPER
2026-08-15 23:48:33.357544,12:13:19.090000,10,9,13,18,47,66,0.6153425881470945,0.0023661784369666083,0,10.2,OFF,115200,499200,OFF,537600,OFF,115200,OFF,OFF,OFF,OFF,OFF,53.333333333333336,66.343,-256,-256,-256,66.75,65.843,66.125,65.656,66.75,5548,3859,14109,OFF,MAXN_SUPER
2026-08-15 23:48:34.359101,12:13:20.090000,14,10,9,9,37,65,0.6162042255148386,0.0023661784369666083,0,8.3,OFF,115200,499200,OFF,537600,OFF,115200,OFF,OFF,OFF,OFF,OFF,53.333333333333336,66.718,-256,-256,-256,66.656,65.687,66.156,65.718,66.656,5548,3826,14032,OFF,MAXN_SUPER
2026-08-15 23:48:35.360016,12:13:21.090000,15,43,8,27,34,32,0.6173046360506405,0.0023661784369666083,0,99.5,OFF,115200,499200,OFF,537600,OFF,115200,OFF,OFF,OFF,OFF,OFF,53.333333333333336,66.468,-256,-256,-256,66.937,65.687,66.156,65.656,66.937,5846,3936,14534,OFF,MAXN_SUPER
2026-08-15 23:48:36.360870,12:13:22.100000,50,13,5,8,9,64,0.6184697464126258,0.0023661784369666083,0,99.8,OFF,115200,499200,OFF,537600,OFF,115200,OFF,OFF,OFF,OFF,OFF,53.333333333333336,66.718,-256,-256,-256,67.437,65.718,66.25,65.656,67.562,5961,3974,14805,OFF,MAXN_SUPER
2026-08-15 23:48:37.362210,12:13:23.100000,40,15,17,14,9,64,0.6194802960787283,0.0023661784369666083,0,99.7,OFF,115200,499200,OFF,537600,OFF,115200,OFF,OFF,OFF,OFF,OFF,53.333333333333336,66.468,-256,-256,-256,67.25,65.718,66.187,65.625,67.562,5884,3936,14611,OFF,MAXN_SUPER
2026-08-15 23:48:38.363356,12:13:24.100000,19,37,16,11,8,65,0.6205801931238463,0.0023661784369666083,0,79.3,OFF,115200,499200,OFF,537600,OFF,115200,OFF,OFF,OFF,OFF,OFF,53.333333333333336,66.468,-256,-256,-256,67.218,65.656,66.187,65.593,67.218,5692,3897,14418,OFF,MAXN_SUPER
2026-08-15 23:48:39.364845,12:13:25.100000,37,18,11,14,7,64,0.6218259215232188,0.0023661784369666083,0,14.1,OFF,115200,499200,OFF,537600,OFF,115200,OFF,OFF,OFF,OFF,OFF,53.333333333333336,66.375,-256,-256,-256,67.125,65.781,66.187,65.781,67.125,5548,3826,14032,OFF,MAXN_SUPER
2026-08-15 23:48:40.365673,12:13:26.100000,19,25,9,42,13,64,0.6229643303696363,0.0023661784369666083,0,12.1,OFF,115200,499200,OFF,537600,OFF,115200,OFF,OFF,OFF,OFF,OFF,53.333333333333336,66.343,-256,-256,-256,66.781,65.656,66.156,65.593,66.781,5663,3859,14264,OFF,MAXN_SUPER
2026-08-15 23:48:41.366734,12:13:27.100000,8,14,7,47,9,65,0.6239004238865596,0.0023661784369666083,0,8.6,OFF,115200,499200,OFF,537600,OFF,115200,OFF,OFF,OFF,OFF,OFF,53.333333333333336,66.437,-256,-256,-256,66.593,65.625,66.218,65.625,66.593,5586,3826,14032,OFF,MAXN_SUPER
2026-08-15 23:48:42.368454,12:13:28.100000,32,10,19,10,33,59,0.6251153428448925,0.0023661784369666083,0,26.0,OFF,115200,499200,OFF,537600,OFF,115200,OFF,OFF,OFF,OFF,OFF,53.333333333333336,66.625,-256,-256,-256,66.562,65.625,66.281,65.562,66.625,5702,3859,14225,OFF,MAXN_SUPER
2026-08-15 23:48:43.369567,12:13:29.100000,17,11,12,17,70,44,0.6262866150950857,0.0023661784369666083,0,99.5,OFF,115200,499200,OFF,537600,OFF,115200,OFF,OFF,OFF,OFF,OFF,53.333333333333336,66.562,-256,-256,-256,66.75,65.781,66.125,65.687,66.75,5808,3897,14457,OFF,MAXN_SUPER
2026-08-15 23:48:44.370922,12:13:30.110000,9,5,5,19,56,56,0.6272596799412566,0.0023661784369666083,0,99.5,OFF,115200,499200,OFF,537600,OFF,115200,OFF,OFF,OFF,OFF,OFF,53.333333333333336,66.437,-256,-256,-256,66.968,65.718,66.093,65.75,66.968,5923,3936,14689,OFF,MAXN_SUPER
2026-08-15 23:48:45.370968,12:13:31.110000,49,13,21,6,10,64,0.6283267135825988,0.0023661784369666083,0,99.8,OFF,166400,499200,OFF,537600,OFF,115200,OFF,OFF,OFF,OFF,OFF,53.333333333333336,66.468,-256,-256,-256,67.625,65.812,66.25,65.718,67.5,6038,3974,14843,OFF,MAXN_SUPER
2026-08-15 23:48:46.373436,12:13:32.110000,13,5,42,14,10,65,0.6294173677954048,0.0023661784369666083,0,99.6,OFF,115200,499200,OFF,537600,OFF,115200,OFF,OFF,OFF,OFF,OFF,53.333333333333336,66.781,-256,-256,-256,67.218,65.75,66.281,65.781,67.218,6385,4006,15205,OFF,MAXN_SUPER
2026-08-15 23:48:47.374647,12:13:33.110000,33,9,31,16,17,56,0.6307257420582247,0.0023661784369666083,0,99.6,OFF,115200,499200,OFF,537600,OFF,115200,OFF,OFF,OFF,OFF,OFF,53.333333333333336,66.531,-256,-256,-256,67.281,65.656,66.312,65.781,67.281,6192,3968,15012,OFF,MAXN_SUPER
2026-08-15 23:48:48.375628,12:13:34.110000,50,11,4,13,9,65,0.6317902082461468,0.0023661784369666083,0,72.0,OFF,115200,499200,OFF,537600,OFF,115200,OFF,OFF,OFF,OFF,OFF,53.333333333333336,66.5,-256,-256,-256,66.968,65.812,66.281,65.812,66.968,6192,3897,14896,OFF,MAXN_SUPER
2026-08-15 23:48:49.376973,12:13:35.110000,12,11,4,10,62,51,0.6327699484712098,0.0023661784369666083,0,66.5,OFF,OFF,499200,OFF,537600,OFF,115200,OFF,OFF,OFF,OFF,OFF,53.333333333333336,66.531,-256,-256,-256,67.093,65.625,66.156,65.875,67.093,6192,3897,14857,OFF,MAXN_SUPER
2026-08-15 23:48:50.378117,12:13:36.110000,11,9,17,11,63,52,0.6336834483980375,0.0023661784369666083,0,11.5,OFF,OFF,499200,OFF,537600,OFF,115200,OFF,OFF,OFF,OFF,OFF,53.333333333333336,66.687,-256,-256,-256,66.718,65.906,66.25,65.687,66.812,6077,3859,14611,OFF,MAXN_SUPER
2026-08-15 23:48:51.379340,12:13:37.110000,8,14,5,7,66,48,0.6349779584123895,0.0023661784369666083,0,14.6,OFF,OFF,499200,OFF,537600,OFF,115200,OFF,OFF,OFF,OFF,OFF,53.333333333333336,66.562,-256,-256,-256,66.718,65.843,66.25,65.875,66.718,5961,3820,14457,OFF,MAXN_SUPER
2026-08-15 23:48:52.380581,12:13:38.110000,2,11,18,9,61,51,0.6359386994821447,0.0023661784369666083,0,9.7,OFF,OFF,499200,OFF,537600,OFF,115200,OFF,OFF,OFF,OFF,OFF,53.333333333333336,66.593,-256,-256,-256,67.218,65.906,66.281,65.812,67.218,6077,3782,14611,OFF,MAXN_SUPER
2026-08-15 23:48:53.381678,12:13:39.120000,4,16,4,9,48,64,0.6371710771237333,0.0023661784369666083,0,6.5,OFF,OFF,499200,OFF,537600,OFF,115200,OFF,OFF,OFF,OFF,OFF,53.333333333333336,66.781,-256,-256,-256,67.375,65.875,66.312,65.781,67.375,6038,3820,14573,OFF,MAXN_SUPER
2026-08-15 23:48:54.383169,12:13:40.120000,4,5,8,12,46,64,0.6381580062183722,0.0023661784369666083,0,14.4,OFF,OFF,499200,OFF,537600,OFF,115200,OFF,OFF,OFF,OFF,OFF,53.333333333333336,66.625,-256,-256,-256,67.218,65.812,66.281,65.812,67.187,5856,3743,14225,OFF,MAXN_SUPER
2026-08-15 23:48:55.384198,12:13:41.120000,5,12,5,16,44,67,0.6391177203067593,0.0023661784369666083,0,99.7,OFF,OFF,499200,OFF,537600,OFF,115200,OFF,OFF,OFF,OFF,OFF,53.333333333333336,66.875,-256,-256,-256,67.687,65.843,66.281,65.843,67.843,6451,3929,15321,OFF,MAXN_SUPER
2026-08-15 23:48:56.383911,12:13:42.120000,5,2,5,16,49,63,0.6310441062823018,0.0023661784369666083,0,99.7,OFF,OFF,499200,OFF,537600,OFF,115200,OFF,OFF,OFF,OFF,OFF,53.333333333333336,66.781,-256,-256,-256,67.875,65.875,66.25,65.968,67.875,6489,3968,15321,OFF,MAXN_SUPER
2026-08-15 23:48:57.386943,12:13:43.120000,12,28,22,8,21,34,0.6174191444731714,0.0023661784369666083,0,0.0,OFF,OFF,499200,OFF,537600,OFF,115200,OFF,OFF,OFF,OFF,OFF,53.333333333333336,66.031,-256,-256,-256,65.562,65.718,66.218,65.187,66.218,1948,2342,7495,OFF,MAXN_SUPER
2026-08-15 23:48:58.387895,12:13:44.120000,19,7,17,10,1,2,0.6178058029582199,0.0023661784369666083,0,0.0,OFF,OFF,499200,OFF,537600,OFF,115200,OFF,OFF,OFF,OFF,OFF,53.333333333333336,65.187,-256,-256,-256,65.312,65.281,66.031,64.812,66.125,822,1488,5131,OFF,MAXN_SUPER
2026-08-15 23:48:59.389111,12:13:45.120000,5,18,4,5,0,1,0.6178381528713115,0.0023661784369666083,0,0.0,OFF,OFF,499200,OFF,537600,OFF,115200,OFF,OFF,OFF,OFF,OFF,53.333333333333336,64.906,-256,-256,-256,64.812,65.031,65.718,64.562,65.718,744,1410,4904,OFF,MAXN_SUPER
2026-08-15 23:49:00.391345,12:13:46.120000,3,2,5,4,0,0,0.6178381528713115,0.0023661784369666083,0,0.0,OFF,OFF,499200,OFF,537600,OFF,115200,OFF,OFF,OFF,OFF,OFF,51.76470588235294,64.562,-256,-256,-256,64.437,64.937,65.593,64.281,65.593,628,1375,4715,OFF,MAXN_SUPER
2026-08-15 23:49:01.391588,12:13:47.130000,7,4,4,18,0,0,0.6172209370691493,0.0023661784369666083,0,0.0,OFF,OFF,499200,OFF,537600,OFF,115200,OFF,OFF,OFF,OFF,OFF,51.76470588235294,64.562,-256,-256,-256,64.437,64.75,65.5,64.156,65.5,707,1414,4912,OFF,MAXN_SUPER
2026-08-15 23:49:02.393244,12:13:48.130000,9,14,6,7,7,0,0.6173287701127882,0.0023661784369666083,0,0.0,OFF,OFF,499200,OFF,537600,OFF,115200,OFF,OFF,OFF,OFF,OFF,51.76470588235294,64.25,-256,-256,-256,64.187,64.718,65.312,63.937,65.312,666,1373,4904,OFF,MAXN_SUPER
2026-08-15 23:49:03.394421,12:13:49.130000,11,5,8,21,0,0,0.6176188923492456,0.0023661784369666083,0,0.0,OFF,OFF,499200,OFF,537600,OFF,115200,OFF,OFF,OFF,OFF,OFF,51.76470588235294,64.312,-256,-256,-256,64.093,64.468,65.156,63.812,65.156,706,1373,4904,OFF,MAXN_SUPER
2026-08-15 23:49:04.396733,12:13:50.130000,3,9,3,5,0,0,0.617780641914704,0.0023661784369666083,0,0.0,OFF,OFF,499200,OFF,537600,OFF,115200,OFF,OFF,OFF,OFF,OFF,51.76470588235294,64.187,-256,-256,-256,63.937,64.25,64.968,63.593,64.968,669,1377,4770,OFF,MAXN_SUPER
2026-08-15 23:49:05.397956,12:13:51.130000,4,33,8,3,9,0,0.6128321321930417,0.0023661784369666083,0,0.0,OFF,OFF,499200,OFF,537600,OFF,115200,OFF,OFF,OFF,OFF,OFF,51.76470588235294,64.125,-256,-256,-256,63.812,64.062,65.062,63.468,65.062,823,1412,5029,OFF,MAXN_SUPER
2026-08-15 23:49:06.398086,12:13:52.130000,9,29,6,14,52,1,0.5971942869026499,0.0023661784369666083,0,0.0,OFF,OFF,499200,OFF,537600,OFF,115200,OFF,OFF,OFF,OFF,OFF,49.80392156862745,64.156,-256,-256,-256,63.781,64.062,64.781,63.406,64.781,1214,1488,5836,OFF,MAXN_SUPER
2026-08-15 23:49:07.399135,12:13:53.130000,5,3,3,4,100,0,0.5957236495836874,0.0023661784369666083,0,0.0,OFF,OFF,499200,OFF,537600,OFF,115200,OFF,OFF,OFF,OFF,OFF,49.80392156862745,63.875,-256,-256,-256,63.531,63.843,64.781,63.343,64.781,1212,1488,5836,OFF,MAXN_SUPER
2026-08-15 23:49:08.398989,12:13:54.130000,3,4,4,4,100,0,0.595668192589816,0.0023661784369666083,0,0.0,OFF,OFF,499200,OFF,537600,OFF,115200,OFF,OFF,OFF,OFF,OFF,49.80392156862745,63.843,-256,-256,-256,63.687,63.812,64.625,63.281,64.625,1251,1488,5796,OFF,MAXN_SUPER
2026-08-15 23:49:09.401356,12:13:55.130000,4,1,13,3,85,6,0.5109073123640855,0.0023661784369666083,0,0.0,OFF,OFF,499200,OFF,537600,OFF,115200,OFF,OFF,OFF,OFF,OFF,49.80392156862745,63.75,-256,-256,-256,63.343,63.656,64.5,63.125,64.5,1175,1449,5679,OFF,MAXN_SUPER
2026-08-15 23:49:10.402606,12:13:56.140000,5,3,22,2,0,0,0.35624802627018337,0.0023661784369666083,0,0.0,OFF,OFF,499200,OFF,537600,OFF,115200,OFF,OFF,OFF,OFF,OFF,49.80392156862745,63.281,-256,-256,-256,63.031,63.531,64.5,62.781,64.5,708,1377,4849,OFF,MAXN_SUPER
